x,y
37,367
37,368
38,367
38,368
38,369
38,370
39,366
39,367
39,368
39,369
39,370
39,371
39,372
39,373
40,366
40,367
40,368
40,369
40,370
40,371
40,372
40,373
40,374
40,375
41,365
41,366
41,367
41,368
41,369
41,370
41,371
41,372
41,373
41,374
41,375
41,376
41,377
41,378
42,365
42,366
42,367
42,368
42,369
42,370
42,371
42,372
42,373
42,374
42,375
42,376
42,377
42,378
42,379
42,380
43,364
43,365
43,366
43,367
43,368
43,369
43,370
43,371
43,372
43,373
43,374
43,375
43,376
43,377
43,378
43,379
43,380
43,381
43,382
44,364
44,365
44,366
44,367
44,368
44,369
44,370
44,371
44,372
44,373
44,374
44,375
44,376
44,377
44,378
44,379
44,380
44,381
44,382
44,383
44,384
45,364
45,365
45,366
45,367
45,368
45,369
45,370
45,371
45,372
45,373
45,374
45,375
45,376
45,377
45,378
45,379
45,380
45,381
45,382
45,383
45,384
45,385
46,363
46,364
46,365
46,366
46,367
46,368
46,369
46,370
46,371
46,372
46,373
46,374
46,375
46,376
46,377
46,378
46,379
46,380
46,381
46,382
46,383
46,384
46,385
46,386
46,387
47,363
47,364
47,365
47,366
47,367
47,368
47,369
47,370
47,371
47,372
47,373
47,374
47,375
47,376
47,377
47,378
47,379
47,380
47,381
47,382
47,383
47,384
47,385
47,386
47,387
47,388
48,362
48,363
48,364
48,365
48,366
48,367
48,368
48,369
48,370
48,371
48,372
48,373
48,374
48,375
48,376
48,377
48,378
48,379
48,380
48,381
48,382
48,383
48,384
48,385
48,386
48,387
48,388
48,389
48,390
49,362
49,363
49,364
49,365
49,366
49,367
49,368
49,369
49,370
49,371
49,372
49,373
49,374
49,375
49,376
49,377
49,378
49,379
49,380
49,381
49,382
49,383
49,384
49,385
49,386
49,387
49,388
49,389
49,390
49,391
49,392
49,393
49,394
49,395
49,396
49,397
49,398
50,361
50,362
50,363
50,364
50,365
50,366
50,367
50,368
50,369
50,370
50,371
50,372
50,373
50,374
50,375
50,376
50,377
50,378
50,379
50,380
50,381
50,382
50,383
50,384
50,385
50,386
50,387
50,388
50,389
50,390
50,391
50,392
50,393
50,394
50,395
50,396
50,397
50,398
50,399
50,400
50,401
50,402
50,403
50,404
50,405
50,406
51,361
51,362
51,363
51,364
51,365
51,366
51,367
51,368
51,369
51,370
51,371
51,372
51,373
51,374
51,375
51,376
51,377
51,378
51,379
51,380
51,381
51,382
51,383
51,384
51,385
51,386
51,387
51,388
51,389
51,390
51,391
51,392
51,393
51,394
51,395
51,396
51,397
51,398
51,399
51,400
51,401
51,402
51,403
51,404
51,405
51,406
51,407
52,361
52,362
52,363
52,364
52,365
52,366
52,367
52,368
52,369
52,370
52,371
52,372
52,373
52,374
52,375
52,376
52,377
52,378
52,379
52,380
52,381
52,382
52,383
52,384
52,385
52,386
52,387
52,388
52,389
52,390
52,391
52,392
52,393
52,394
52,395
52,396
52,397
52,398
52,399
52,400
52,401
52,402
52,403
52,404
52,405
52,406
52,407
53,360
53,361
53,362
53,363
53,364
53,365
53,366
53,367
53,368
53,369
53,370
53,371
53,372
53,373
53,374
53,375
53,376
53,377
53,378
53,379
53,380
53,381
53,382
53,383
53,384
53,385
53,386
53,387
53,388
53,389
53,390
53,391
53,392
53,393
53,394
53,395
53,396
53,397
53,398
53,399
53,400
53,401
53,402
53,403
53,404
53,405
53,406
53,407
53,408
54,360
54,361
54,362
54,363
54,364
54,365
54,366
54,367
54,368
54,369
54,370
54,371
54,372
54,373
54,374
54,375
54,376
54,377
54,378
54,379
54,380
54,381
54,382
54,383
54,384
54,385
54,386
54,387
54,388
54,389
54,390
54,391
54,392
54,393
54,394
54,395
54,396
54,397
54,398
54,399
54,400
54,401
54,402
54,403
54,404
54,405
54,406
54,407
54,408
54,409
55,359
55,360
55,361
55,362
55,363
55,364
55,365
55,366
55,367
55,368
55,369
55,370
55,371
55,372
55,373
55,374
55,375
55,376
55,377
55,378
55,379
55,380
55,381
55,382
55,383
55,384
55,385
55,386
55,387
55,388
55,389
55,390
55,391
55,392
55,393
55,394
55,395
55,396
55,397
55,398
55,399
55,400
55,401
55,402
55,403
55,404
55,405
55,406
55,407
55,408
55,409
55,410
56,359
56,360
56,361
56,362
56,363
56,364
56,365
56,366
56,367
56,368
56,369
56,370
56,371
56,372
56,373
56,374
56,375
56,376
56,377
56,378
56,379
56,380
56,381
56,382
56,383
56,384
56,385
56,386
56,387
56,388
56,389
56,390
56,391
56,392
56,393
56,394
56,395
56,396
56,397
56,398
56,399
56,400
56,401
56,402
56,403
56,404
56,405
56,406
56,407
56,408
56,409
56,410
57,359
57,360
57,361
57,362
57,363
57,364
57,365
57,366
57,367
57,368
57,369
57,370
57,371
57,372
57,373
57,374
57,375
57,376
57,377
57,378
57,379
57,380
57,381
57,382
57,383
57,384
57,385
57,386
57,387
57,388
57,389
57,390
57,391
57,392
57,393
57,394
57,395
57,396
57,397
57,398
57,399
57,400
57,401
57,402
57,403
57,404
57,405
57,406
57,407
57,408
57,409
57,410
57,411
58,358
58,359
58,360
58,361
58,362
58,363
58,364
58,365
58,366
58,367
58,368
58,369
58,370
58,371
58,372
58,373
58,374
58,375
58,376
58,377
58,378
58,379
58,380
58,381
58,382
58,383
58,384
58,385
58,386
58,387
58,388
58,389
58,390
58,391
58,392
58,393
58,394
58,395
58,396
58,397
58,398
58,399
58,400
58,401
58,402
58,403
58,404
58,405
58,406
58,407
58,408
58,409
58,410
58,411
58,412
59,358
59,359
59,360
59,361
59,362
59,363
59,364
59,365
59,366
59,367
59,368
59,369
59,370
59,371
59,372
59,373
59,374
59,375
59,376
59,377
59,378
59,379
59,380
59,381
59,382
59,383
59,384
59,385
59,386
59,387
59,388
59,389
59,390
59,391
59,392
59,393
59,394
59,395
59,396
59,397
59,398
59,399
59,400
59,401
59,402
59,403
59,404
59,405
59,406
59,407
59,408
59,409
59,410
59,411
59,412
59,413
60,357
60,358
60,359
60,360
60,361
60,362
60,363
60,364
60,365
60,366
60,367
60,368
60,369
60,370
60,371
60,372
60,373
60,374
60,375
60,376
60,377
60,378
60,379
60,380
60,381
60,382
60,383
60,384
60,385
60,386
60,387
60,388
60,389
60,390
60,391
60,392
60,393
60,394
60,395
60,396
60,397
60,398
60,399
60,400
60,401
60,402
60,403
60,404
60,405
60,406
60,407
60,408
60,409
60,410
60,411
60,412
60,413
61,357
61,358
61,359
61,360
61,361
61,362
61,363
61,364
61,365
61,366
61,367
61,368
61,369
61,370
61,371
61,372
61,373
61,374
61,375
61,376
61,377
61,378
61,379
61,380
61,381
61,382
61,383
61,384
61,385
61,386
61,387
61,388
61,389
61,390
61,391
61,392
61,393
61,394
61,395
61,396
61,397
61,398
61,399
61,400
61,401
61,402
61,403
61,404
61,405
61,406
61,407
61,408
61,409
61,410
61,411
61,412
61,413
61,414
62,356
62,357
62,358
62,359
62,360
62,361
62,362
62,363
62,364
62,365
62,366
62,367
62,368
62,369
62,370
62,371
62,372
62,373
62,374
62,375
62,376
62,377
62,378
62,379
62,380
62,381
62,382
62,383
62,384
62,385
62,386
62,387
62,388
62,389
62,390
62,391
62,392
62,393
62,394
62,395
62,396
62,397
62,398
62,399
62,400
62,401
62,402
62,403
62,404
62,405
62,406
62,407
62,408
62,409
62,410
62,411
62,412
62,413
62,414
62,415
63,356
63,357
63,358
63,359
63,360
63,361
63,362
63,363
63,364
63,365
63,366
63,367
63,368
63,369
63,370
63,371
63,372
63,373
63,374
63,375
63,376
63,377
63,378
63,379
63,380
63,381
63,382
63,383
63,384
63,385
63,386
63,387
63,388
63,389
63,390
63,391
63,392
63,393
63,394
63,395
63,396
63,397
63,398
63,399
63,400
63,401
63,402
63,403
63,404
63,405
63,406
63,407
63,408
63,409
63,410
63,411
63,412
63,413
63,414
63,415
63,416
64,356
64,357
64,358
64,359
64,360
64,361
64,362
64,363
64,364
64,365
64,366
64,367
64,368
64,369
64,370
64,371
64,372
64,373
64,374
64,375
64,376
64,377
64,378
64,379
64,380
64,381
64,382
64,383
64,384
64,385
64,386
64,387
64,388
64,389
64,390
64,391
64,392
64,393
64,394
64,395
64,396
64,397
64,398
64,399
64,400
64,401
64,402
64,403
64,404
64,405
64,406
64,407
64,408
64,409
64,410
64,411
64,412
64,413
64,414
64,415
64,416
65,355
65,356
65,357
65,358
65,359
65,360
65,361
65,362
65,363
65,364
65,365
65,366
65,367
65,368
65,369
65,370
65,371
65,372
65,373
65,374
65,375
65,376
65,377
65,378
65,379
65,380
65,381
65,382
65,383
65,384
65,385
65,386
65,387
65,388
65,389
65,390
65,391
65,392
65,393
65,394
65,395
65,396
65,397
65,398
65,399
65,400
65,401
65,402
65,403
65,404
65,405
65,406
65,407
65,408
65,409
65,410
65,411
65,412
65,413
65,414
65,415
65,416
65,417
66,355
66,356
66,357
66,358
66,359
66,360
66,361
66,362
66,363
66,364
66,365
66,366
66,367
66,368
66,369
66,370
66,371
66,372
66,373
66,374
66,375
66,376
66,377
66,378
66,379
66,380
66,381
66,382
66,383
66,384
66,385
66,386
66,387
66,388
66,389
66,390
66,391
66,392
66,393
66,394
66,395
66,396
66,397
66,398
66,399
66,400
66,401
66,402
66,403
66,404
66,405
66,406
66,407
66,408
66,409
66,410
66,411
66,412
66,413
66,414
66,415
66,416
66,417
67,354
67,355
67,356
67,357
67,358
67,359
67,360
67,361
67,362
67,363
67,364
67,365
67,366
67,367
67,368
67,369
67,370
67,371
67,372
67,373
67,374
67,375
67,376
67,377
67,378
67,379
67,380
67,381
67,382
67,383
67,384
67,385
67,386
67,387
67,388
67,389
67,390
67,391
67,392
67,393
67,394
67,395
67,396
67,397
67,398
67,399
67,400
67,401
67,402
67,403
67,404
67,405
67,406
67,407
67,408
67,409
67,410
67,411
67,412
67,413
67,414
67,415
67,416
68,354
68,355
68,356
68,357
68,358
68,359
68,360
68,361
68,362
68,363
68,364
68,365
68,366
68,367
68,368
68,369
68,370
68,371
68,372
68,373
68,374
68,375
68,376
68,377
68,378
68,379
68,380
68,381
68,382
68,383
68,384
68,385
68,386
68,387
68,388
68,389
68,390
68,391
68,392
68,393
68,394
68,395
68,396
68,397
68,398
68,399
68,400
68,401
68,402
68,403
68,404
68,405
68,406
68,407
68,408
68,409
68,410
68,411
68,412
68,413
68,414
68,415
68,416
69,353
69,354
69,355
69,356
69,357
69,358
69,359
69,360
69,361
69,362
69,363
69,364
69,365
69,366
69,367
69,368
69,369
69,370
69,371
69,372
69,373
69,374
69,375
69,376
69,377
69,378
69,379
69,380
69,381
69,382
69,383
69,384
69,385
69,386
69,387
69,388
69,389
69,390
69,391
69,392
69,393
69,394
69,395
69,396
69,397
69,398
69,399
69,400
69,401
69,402
69,403
69,404
69,405
69,406
69,407
69,408
69,409
69,410
69,411
69,412
69,413
69,414
69,415
70,353
70,354
70,355
70,356
70,357
70,358
70,359
70,360
70,361
70,362
70,363
70,364
70,365
70,366
70,367
70,368
70,369
70,370
70,371
70,372
70,373
70,374
70,375
70,376
70,377
70,378
70,379
70,380
70,381
70,382
70,383
70,384
70,385
70,386
70,387
70,388
70,389
70,390
70,391
70,392
70,393
70,394
70,395
70,396
70,397
70,398
70,399
70,400
70,401
70,402
70,403
70,404
70,405
70,406
70,407
70,408
70,409
70,410
70,411
70,412
70,413
70,414
70,415
71,353
71,354
71,355
71,356
71,357
71,358
71,359
71,360
71,361
71,362
71,363
71,364
71,365
71,366
71,367
71,368
71,369
71,370
71,371
71,372
71,373
71,374
71,375
71,376
71,377
71,378
71,379
71,380
71,381
71,382
71,383
71,384
71,385
71,386
71,387
71,388
71,389
71,390
71,391
71,392
71,393
71,394
71,395
71,396
71,397
71,398
71,399
71,400
71,401
71,402
71,403
71,404
71,405
71,406
71,407
71,408
71,409
71,410
71,411
71,412
71,413
71,414
72,352
72,353
72,354
72,355
72,356
72,357
72,358
72,359
72,360
72,361
72,362
72,363
72,364
72,365
72,366
72,367
72,368
72,369
72,370
72,371
72,372
72,373
72,374
72,375
72,376
72,377
72,378
72,379
72,380
72,381
72,382
72,383
72,384
72,385
72,386
72,387
72,388
72,389
72,390
72,391
72,392
72,393
72,394
72,395
72,396
72,397
72,398
72,399
72,400
72,401
72,402
72,403
72,404
72,405
72,406
72,407
72,408
72,409
72,410
72,411
72,412
72,413
72,414
73,352
73,353
73,354
73,355
73,356
73,357
73,358
73,359
73,360
73,361
73,362
73,363
73,364
73,365
73,366
73,367
73,368
73,369
73,370
73,371
73,372
73,373
73,374
73,375
73,376
73,377
73,378
73,379
73,380
73,381
73,382
73,383
73,384
73,385
73,386
73,387
73,388
73,389
73,390
73,391
73,392
73,393
73,394
73,395
73,396
73,397
73,398
73,399
73,400
73,401
73,402
73,403
73,404
73,405
73,406
73,407
73,408
73,409
73,410
73,411
73,412
73,413
73,414
74,351
74,352
74,353
74,354
74,355
74,356
74,357
74,358
74,359
74,360
74,361
74,362
74,363
74,364
74,365
74,366
74,367
74,368
74,369
74,370
74,371
74,372
74,373
74,374
74,375
74,376
74,377
74,378
74,379
74,380
74,381
74,382
74,383
74,384
74,385
74,386
74,387
74,388
74,389
74,390
74,391
74,392
74,393
74,394
74,395
74,396
74,397
74,398
74,399
74,400
74,401
74,402
74,403
74,404
74,405
74,406
74,407
74,408
74,409
74,410
74,411
74,412
74,413
75,351
75,352
75,353
75,354
75,355
75,356
75,357
75,358
75,359
75,360
75,361
75,362
75,363
75,364
75,365
75,366
75,367
75,368
75,369
75,370
75,371
75,372
75,373
75,374
75,375
75,376
75,377
75,378
75,379
75,380
75,381
75,382
75,383
75,384
75,385
75,386
75,387
75,388
75,389
75,390
75,391
75,392
75,393
75,394
75,395
75,396
75,397
75,398
75,399
75,400
75,401
75,402
75,403
75,404
75,405
75,406
75,407
75,408
75,409
75,410
75,411
75,412
75,413
75,445
76,350
76,351
76,352
76,353
76,354
76,355
76,356
76,357
76,358
76,359
76,360
76,361
76,362
76,363
76,364
76,365
76,366
76,367
76,368
76,369
76,370
76,371
76,372
76,373
76,374
76,375
76,376
76,377
76,378
76,379
76,380
76,381
76,382
76,383
76,384
76,385
76,386
76,387
76,388
76,389
76,390
76,391
76,392
76,393
76,394
76,395
76,396
76,397
76,398
76,399
76,400
76,401
76,402
76,403
76,404
76,405
76,406
76,407
76,408
76,409
76,410
76,411
76,412
76,444
76,445
76,446
77,350
77,351
77,352
77,353
77,354
77,355
77,356
77,357
77,358
77,359
77,360
77,361
77,362
77,363
77,364
77,365
77,366
77,367
77,368
77,369
77,370
77,371
77,372
77,373
77,374
77,375
77,376
77,377
77,378
77,379
77,380
77,381
77,382
77,383
77,384
77,385
77,386
77,387
77,388
77,389
77,390
77,391
77,392
77,393
77,394
77,395
77,396
77,397
77,398
77,399
77,400
77,401
77,402
77,403
77,404
77,405
77,406
77,407
77,408
77,409
77,410
77,411
77,412
77,443
77,444
77,445
77,446
77,447
78,352
78,353
78,354
78,355
78,356
78,357
78,358
78,359
78,360
78,361
78,362
78,363
78,364
78,365
78,366
78,367
78,368
78,369
78,370
78,371
78,372
78,373
78,374
78,375
78,376
78,377
78,378
78,379
78,380
78,381
78,382
78,383
78,384
78,385
78,386
78,387
78,388
78,389
78,390
78,391
78,392
78,393
78,394
78,395
78,396
78,397
78,398
78,399
78,400
78,401
78,402
78,403
78,404
78,405
78,406
78,407
78,408
78,409
78,410
78,411
78,412
78,442
78,443
78,444
78,445
78,446
78,447
78,448
79,355
79,356
79,357
79,358
79,359
79,360
79,361
79,362
79,363
79,364
79,365
79,366
79,367
79,368
79,369
79,370
79,371
79,372
79,373
79,374
79,375
79,376
79,377
79,378
79,379
79,380
79,381
79,382
79,383
79,384
79,385
79,386
79,387
79,388
79,389
79,390
79,391
79,392
79,393
79,394
79,395
79,396
79,397
79,398
79,399
79,400
79,401
79,402
79,403
79,404
79,405
79,406
79,407
79,408
79,409
79,410
79,411
79,441
79,442
79,443
79,444
79,445
79,446
79,447
79,448
79,449
80,357
80,358
80,359
80,360
80,361
80,362
80,363
80,364
80,365
80,366
80,367
80,368
80,369
80,370
80,371
80,372
80,373
80,374
80,375
80,376
80,377
80,378
80,379
80,380
80,381
80,382
80,383
80,384
80,385
80,386
80,387
80,388
80,389
80,390
80,391
80,392
80,393
80,394
80,395
80,396
80,397
80,398
80,399
80,400
80,401
80,402
80,403
80,404
80,405
80,406
80,407
80,408
80,409
80,410
80,411
80,439
80,440
80,441
80,442
80,443
80,444
80,445
80,446
80,447
80,448
80,449
80,450
81,360
81,361
81,362
81,363
81,364
81,365
81,366
81,367
81,368
81,369
81,370
81,371
81,372
81,373
81,374
81,375
81,376
81,377
81,378
81,379
81,380
81,381
81,382
81,383
81,384
81,385
81,386
81,387
81,388
81,389
81,390
81,391
81,392
81,393
81,394
81,395
81,396
81,397
81,398
81,399
81,400
81,401
81,402
81,403
81,404
81,405
81,406
81,407
81,408
81,409
81,410
81,438
81,439
81,440
81,441
81,442
81,443
81,444
81,445
81,446
81,447
81,448
81,449
81,450
81,451
82,363
82,364
82,365
82,366
82,367
82,368
82,369
82,370
82,371
82,372
82,373
82,374
82,375
82,376
82,377
82,378
82,379
82,380
82,381
82,382
82,383
82,384
82,385
82,386
82,387
82,388
82,389
82,390
82,391
82,392
82,393
82,394
82,395
82,396
82,397
82,398
82,399
82,400
82,401
82,402
82,403
82,404
82,405
82,406
82,407
82,408
82,409
82,410
82,437
82,438
82,439
82,440
82,441
82,442
82,443
82,444
82,445
82,446
82,447
82,448
82,449
82,450
82,451
82,452
83,366
83,367
83,368
83,369
83,370
83,371
83,372
83,373
83,374
83,375
83,376
83,377
83,378
83,379
83,380
83,381
83,382
83,383
83,384
83,385
83,386
83,387
83,388
83,389
83,390
83,391
83,392
83,393
83,394
83,395
83,396
83,397
83,398
83,399
83,400
83,401
83,402
83,403
83,404
83,405
83,406
83,407
83,408
83,409
83,436
83,437
83,438
83,439
83,440
83,441
83,442
83,443
83,444
83,445
83,446
83,447
83,448
83,449
83,450
83,451
83,452
84,368
84,369
84,370
84,371
84,372
84,373
84,374
84,375
84,376
84,377
84,378
84,379
84,380
84,381
84,382
84,383
84,384
84,385
84,386
84,387
84,388
84,389
84,390
84,391
84,392
84,393
84,394
84,395
84,396
84,397
84,398
84,399
84,400
84,401
84,402
84,403
84,404
84,405
84,406
84,407
84,408
84,409
84,435
84,436
84,437
84,438
84,439
84,440
84,441
84,442
84,443
84,444
84,445
84,446
84,447
84,448
84,449
84,450
84,451
84,452
84,453
85,371
85,372
85,373
85,374
85,375
85,376
85,377
85,378
85,379
85,380
85,381
85,382
85,383
85,384
85,385
85,386
85,387
85,388
85,389
85,390
85,391
85,392
85,393
85,394
85,395
85,396
85,397
85,398
85,399
85,400
85,401
85,402
85,403
85,404
85,405
85,406
85,407
85,408
85,409
85,434
85,435
85,436
85,437
85,438
85,439
85,440
85,441
85,442
85,443
85,444
85,445
85,446
85,447
85,448
85,449
85,450
85,451
85,452
85,453
85,454
86,374
86,375
86,376
86,377
86,378
86,379
86,380
86,381
86,382
86,383
86,384
86,385
86,386
86,387
86,388
86,389
86,390
86,391
86,392
86,393
86,394
86,395
86,396
86,397
86,398
86,399
86,400
86,401
86,402
86,403
86,404
86,405
86,406
86,407
86,408
86,433
86,434
86,435
86,436
86,437
86,438
86,439
86,440
86,441
86,442
86,443
86,444
86,445
86,446
86,447
86,448
86,449
86,450
86,451
86,452
86,453
86,454
86,455
87,376
87,377
87,378
87,379
87,380
87,381
87,382
87,383
87,384
87,385
87,386
87,387
87,388
87,389
87,390
87,391
87,392
87,393
87,394
87,395
87,396
87,397
87,398
87,399
87,400
87,401
87,402
87,403
87,404
87,405
87,406
87,407
87,408
87,432
87,433
87,434
87,435
87,436
87,437
87,438
87,439
87,440
87,441
87,442
87,443
87,444
87,445
87,446
87,447
87,448
87,449
87,450
87,451
87,452
87,453
87,454
87,455
87,456
88,379
88,380
88,381
88,382
88,383
88,384
88,385
88,386
88,387
88,388
88,389
88,390
88,391
88,392
88,393
88,394
88,395
88,396
88,397
88,398
88,399
88,400
88,401
88,402
88,403
88,404
88,405
88,406
88,407
88,431
88,432
88,433
88,434
88,435
88,436
88,437
88,438
88,439
88,440
88,441
88,442
88,443
88,444
88,445
88,446
88,447
88,448
88,449
88,450
88,451
88,452
88,453
88,454
88,455
88,456
88,457
89,382
89,383
89,384
89,385
89,386
89,387
89,388
89,389
89,390
89,391
89,392
89,393
89,394
89,395
89,396
89,397
89,398
89,399
89,400
89,401
89,402
89,403
89,404
89,405
89,406
89,407
89,429
89,430
89,431
89,432
89,433
89,434
89,435
89,436
89,437
89,438
89,439
89,440
89,441
89,442
89,443
89,444
89,445
89,446
89,447
89,448
89,449
89,450
89,451
89,452
89,453
89,454
89,455
89,456
89,457
89,458
90,385
90,386
90,387
90,388
90,389
90,390
90,391
90,392
90,393
90,394
90,395
90,396
90,397
90,398
90,399
90,400
90,401
90,402
90,403
90,404
90,405
90,406
90,407
90,428
90,429
90,430
90,431
90,432
90,433
90,434
90,435
90,436
90,437
90,438
90,439
90,440
90,441
90,442
90,443
90,444
90,445
90,446
90,447
90,448
90,449
90,450
90,451
90,452
90,453
90,454
90,455
90,456
90,457
90,458
90,459
90,538
90,539
91,387
91,388
91,389
91,390
91,391
91,392
91,393
91,394
91,395
91,396
91,397
91,398
91,399
91,400
91,401
91,402
91,403
91,404
91,405
91,406
91,407
91,408
91,427
91,428
91,429
91,430
91,431
91,432
91,433
91,434
91,435
91,436
91,437
91,438
91,439
91,440
91,441
91,442
91,443
91,444
91,445
91,446
91,447
91,448
91,449
91,450
91,451
91,452
91,453
91,454
91,455
91,456
91,457
91,458
91,459
91,460
91,538
91,539
91,540
91,541
92,390
92,391
92,392
92,393
92,394
92,395
92,396
92,397
92,398
92,399
92,400
92,401
92,402
92,403
92,404
92,405
92,406
92,407
92,408
92,426
92,427
92,428
92,429
92,430
92,431
92,432
92,433
92,434
92,435
92,436
92,437
92,438
92,439
92,440
92,441
92,442
92,443
92,444
92,445
92,446
92,447
92,448
92,449
92,450
92,451
92,452
92,453
92,454
92,455
92,456
92,457
92,458
92,459
92,460
92,461
92,537
92,538
92,539
92,540
92,541
92,542
92,543
92,544
93,391
93,392
93,393
93,394
93,395
93,396
93,397
93,398
93,399
93,400
93,401
93,402
93,403
93,404
93,405
93,406
93,407
93,408
93,425
93,426
93,427
93,428
93,429
93,430
93,431
93,432
93,433
93,434
93,435
93,436
93,437
93,438
93,439
93,440
93,441
93,442
93,443
93,444
93,445
93,446
93,447
93,448
93,449
93,450
93,451
93,452
93,453
93,454
93,455
93,456
93,457
93,458
93,459
93,460
93,461
93,462
93,537
93,538
93,539
93,540
93,541
93,542
93,543
93,544
93,545
93,546
94,392
94,393
94,394
94,395
94,396
94,397
94,398
94,399
94,400
94,401
94,402
94,403
94,404
94,405
94,406
94,407
94,408
94,409
94,424
94,425
94,426
94,427
94,428
94,429
94,430
94,431
94,432
94,433
94,434
94,435
94,436
94,437
94,438
94,439
94,440
94,441
94,442
94,443
94,444
94,445
94,446
94,447
94,448
94,449
94,450
94,451
94,452
94,453
94,454
94,455
94,456
94,457
94,458
94,459
94,460
94,461
94,462
94,463
94,537
94,538
94,539
94,540
94,541
94,542
94,543
94,544
94,545
94,546
94,547
94,548
94,549
95,392
95,393
95,394
95,395
95,396
95,397
95,398
95,399
95,400
95,401
95,402
95,403
95,404
95,405
95,406
95,407
95,408
95,409
95,425
95,426
95,427
95,428
95,429
95,430
95,431
95,432
95,433
95,434
95,435
95,436
95,437
95,438
95,439
95,440
95,441
95,442
95,443
95,444
95,445
95,446
95,447
95,448
95,449
95,450
95,451
95,452
95,453
95,454
95,455
95,456
95,457
95,458
95,459
95,460
95,461
95,462
95,463
95,464
95,537
95,538
95,539
95,540
95,541
95,542
95,543
95,544
95,545
95,546
95,547
95,548
95,549
95,550
95,551
96,393
96,394
96,395
96,396
96,397
96,398
96,399
96,400
96,401
96,402
96,403
96,404
96,405
96,406
96,407
96,408
96,409
96,426
96,427
96,428
96,429
96,430
96,431
96,432
96,433
96,434
96,435
96,436
96,437
96,438
96,439
96,440
96,441
96,442
96,443
96,444
96,445
96,446
96,447
96,448
96,449
96,450
96,451
96,452
96,453
96,454
96,455
96,456
96,457
96,458
96,459
96,460
96,461
96,462
96,463
96,464
96,465
96,536
96,537
96,538
96,539
96,540
96,541
96,542
96,543
96,544
96,545
96,546
96,547
96,548
96,549
96,550
96,551
96,552
96,553
96,554
97,393
97,394
97,395
97,396
97,397
97,398
97,399
97,400
97,401
97,402
97,403
97,404
97,405
97,406
97,407
97,408
97,409
97,410
97,427
97,428
97,429
97,430
97,431
97,432
97,433
97,434
97,435
97,436
97,437
97,438
97,439
97,440
97,441
97,442
97,443
97,444
97,445
97,446
97,447
97,448
97,449
97,450
97,451
97,452
97,453
97,454
97,455
97,456
97,457
97,458
97,459
97,460
97,461
97,462
97,463
97,464
97,465
97,466
97,536
97,537
97,538
97,539
97,540
97,541
97,542
97,543
97,544
97,545
97,546
97,547
97,548
97,549
97,550
97,551
97,552
97,553
97,554
97,555
97,556
97,557
98,393
98,394
98,395
98,396
98,397
98,398
98,399
98,400
98,401
98,402
98,403
98,404
98,405
98,406
98,407
98,408
98,409
98,410
98,428
98,429
98,430
98,431
98,432
98,433
98,434
98,435
98,436
98,437
98,438
98,439
98,440
98,441
98,442
98,443
98,444
98,445
98,446
98,447
98,448
98,449
98,450
98,451
98,452
98,453
98,454
98,455
98,456
98,457
98,458
98,459
98,460
98,461
98,462
98,463
98,464
98,465
98,466
98,536
98,537
98,538
98,539
98,540
98,541
98,542
98,543
98,544
98,545
98,546
98,547
98,548
98,549
98,550
98,551
98,552
98,553
98,554
98,555
98,556
98,557
98,558
98,559
99,394
99,395
99,396
99,397
99,398
99,399
99,400
99,401
99,402
99,403
99,404
99,405
99,406
99,407
99,408
99,409
99,410
99,428
99,429
99,430
99,431
99,432
99,433
99,434
99,435
99,436
99,437
99,438
99,439
99,440
99,441
99,442
99,443
99,444
99,445
99,446
99,447
99,448
99,449
99,450
99,451
99,452
99,453
99,454
99,455
99,456
99,457
99,458
99,459
99,460
99,461
99,462
99,463
99,464
99,465
99,466
99,467
99,535
99,536
99,537
99,538
99,539
99,540
99,541
99,542
99,543
99,544
99,545
99,546
99,547
99,548
99,549
99,550
99,551
99,552
99,553
99,554
99,555
99,556
99,557
99,558
99,559
99,560
99,561
99,562
99,663
99,664
100,394
100,395
100,396
100,397
100,398
100,399
100,400
100,401
100,402
100,403
100,404
100,405
100,406
100,407
100,408
100,409
100,410
100,411
100,429
100,430
100,431
100,432
100,433
100,434
100,435
100,436
100,437
100,438
100,439
100,440
100,441
100,442
100,443
100,444
100,445
100,446
100,447
100,448
100,449
100,450
100,451
100,452
100,453
100,454
100,455
100,456
100,457
100,458
100,459
100,460
100,461
100,462
100,463
100,464
100,465
100,466
100,467
100,468
100,535
100,536
100,537
100,538
100,539
100,540
100,541
100,542
100,543
100,544
100,545
100,546
100,547
100,548
100,549
100,550
100,551
100,552
100,553
100,554
100,555
100,556
100,557
100,558
100,559
100,560
100,561
100,562
100,563
100,564
100,663
100,664
100,665
100,666
100,667
101,394
101,395
101,396
101,397
101,398
101,399
101,400
101,401
101,402
101,403
101,404
101,405
101,406
101,407
101,408
101,409
101,410
101,411
101,430
101,431
101,432
101,433
101,434
101,435
101,436
101,437
101,438
101,439
101,440
101,441
101,442
101,443
101,444
101,445
101,446
101,447
101,448
101,449
101,450
101,451
101,452
101,453
101,454
101,455
101,456
101,457
101,458
101,459
101,460
101,461
101,462
101,463
101,464
101,465
101,466
101,467
101,468
101,469
101,535
101,536
101,537
101,538
101,539
101,540
101,541
101,542
101,543
101,544
101,545
101,546
101,547
101,548
101,549
101,550
101,551
101,552
101,553
101,554
101,555
101,556
101,557
101,558
101,559
101,560
101,561
101,562
101,563
101,564
101,565
101,566
101,567
101,662
101,663
101,664
101,665
101,666
101,667
101,668
101,669
101,670
101,671
102,395
102,396
102,397
102,398
102,399
102,400
102,401
102,402
102,403
102,404
102,405
102,406
102,407
102,408
102,409
102,410
102,411
102,431
102,432
102,433
102,434
102,435
102,436
102,437
102,438
102,439
102,440
102,441
102,442
102,443
102,444
102,445
102,446
102,447
102,448
102,449
102,450
102,451
102,452
102,453
102,454
102,455
102,456
102,457
102,458
102,459
102,460
102,461
102,462
102,463
102,464
102,465
102,466
102,467
102,468
102,469
102,470
102,535
102,536
102,537
102,538
102,539
102,540
102,541
102,542
102,543
102,544
102,545
102,546
102,547
102,548
102,549
102,550
102,551
102,552
102,553
102,554
102,555
102,556
102,557
102,558
102,559
102,560
102,561
102,562
102,563
102,564
102,565
102,566
102,567
102,568
102,569
102,662
102,663
102,664
102,665
102,666
102,667
102,668
102,669
102,670
102,671
102,672
102,673
102,674
103,395
103,396
103,397
103,398
103,399
103,400
103,401
103,402
103,403
103,404
103,405
103,406
103,407
103,408
103,409
103,410
103,411
103,432
103,433
103,434
103,435
103,436
103,437
103,438
103,439
103,440
103,441
103,442
103,443
103,444
103,445
103,446
103,447
103,448
103,449
103,450
103,451
103,452
103,453
103,454
103,455
103,456
103,457
103,458
103,459
103,460
103,461
103,462
103,463
103,464
103,465
103,466
103,467
103,468
103,469
103,470
103,471
103,534
103,535
103,536
103,537
103,538
103,539
103,540
103,541
103,542
103,543
103,544
103,545
103,546
103,547
103,548
103,549
103,550
103,551
103,552
103,553
103,554
103,555
103,556
103,557
103,558
103,559
103,560
103,561
103,562
103,563
103,564
103,565
103,566
103,567
103,568
103,569
103,570
103,571
103,572
103,662
103,663
103,664
103,665
103,666
103,667
103,668
103,669
103,670
103,671
103,672
103,673
103,674
103,675
103,676
103,677
104,396
104,397
104,398
104,399
104,400
104,401
104,402
104,403
104,404
104,405
104,406
104,407
104,408
104,409
104,410
104,411
104,412
104,433
104,434
104,435
104,436
104,437
104,438
104,439
104,440
104,441
104,442
104,443
104,444
104,445
104,446
104,447
104,448
104,449
104,450
104,451
104,452
104,453
104,454
104,455
104,456
104,457
104,458
104,459
104,460
104,461
104,462
104,463
104,464
104,465
104,466
104,467
104,468
104,469
104,470
104,471
104,472
104,534
104,535
104,536
104,537
104,538
104,539
104,540
104,541
104,542
104,543
104,544
104,545
104,546
104,547
104,548
104,549
104,550
104,551
104,552
104,553
104,554
104,555
104,556
104,557
104,558
104,559
104,560
104,561
104,562
104,563
104,564
104,565
104,566
104,567
104,568
104,569
104,570
104,571
104,572
104,573
104,574
104,661
104,662
104,663
104,664
104,665
104,666
104,667
104,668
104,669
104,670
104,671
104,672
104,673
104,674
104,675
104,676
104,677
104,678
104,679
104,680
104,681
105,396
105,397
105,398
105,399
105,400
105,401
105,402
105,403
105,404
105,405
105,406
105,407
105,408
105,409
105,410
105,411
105,412
105,434
105,435
105,436
105,437
105,438
105,439
105,440
105,441
105,442
105,443
105,444
105,445
105,446
105,447
105,448
105,449
105,450
105,451
105,452
105,453
105,454
105,455
105,456
105,457
105,458
105,459
105,460
105,461
105,462
105,463
105,464
105,465
105,466
105,467
105,468
105,469
105,470
105,471
105,472
105,473
105,534
105,535
105,536
105,537
105,538
105,539
105,540
105,541
105,542
105,543
105,544
105,545
105,546
105,547
105,548
105,549
105,550
105,551
105,552
105,553
105,554
105,555
105,556
105,557
105,558
105,559
105,560
105,561
105,562
105,563
105,564
105,565
105,566
105,567
105,568
105,569
105,570
105,571
105,572
105,573
105,574
105,575
105,576
105,577
105,661
105,662
105,663
105,664
105,665
105,666
105,667
105,668
105,669
105,670
105,671
105,672
105,673
105,674
105,675
105,676
105,677
105,678
105,679
105,680
105,681
105,682
105,683
105,684
106,396
106,397
106,398
106,399
106,400
106,401
106,402
106,403
106,404
106,405
106,406
106,407
106,408
106,409
106,410
106,411
106,412
106,435
106,436
106,437
106,438
106,439
106,440
106,441
106,442
106,443
106,444
106,445
106,446
106,447
106,448
106,449
106,450
106,451
106,452
106,453
106,454
106,455
106,456
106,457
106,458
106,459
106,460
106,461
106,462
106,463
106,464
106,465
106,466
106,467
106,468
106,469
106,470
106,471
106,472
106,473
106,474
106,533
106,534
106,535
106,536
106,537
106,538
106,539
106,540
106,541
106,542
106,543
106,544
106,545
106,546
106,547
106,548
106,549
106,550
106,551
106,552
106,553
106,554
106,555
106,556
106,557
106,558
106,559
106,560
106,561
106,562
106,563
106,564
106,565
106,566
106,567
106,568
106,569
106,570
106,571
106,572
106,573
106,574
106,575
106,576
106,577
106,578
106,579
106,661
106,662
106,663
106,664
106,665
106,666
106,667
106,668
106,669
106,670
106,671
106,672
106,673
106,674
106,675
106,676
106,677
106,678
106,679
106,680
106,681
106,682
106,683
106,684
106,685
106,686
106,687
107,396
107,397
107,398
107,399
107,400
107,401
107,402
107,403
107,404
107,405
107,406
107,407
107,408
107,409
107,410
107,411
107,412
107,413
107,436
107,437
107,438
107,439
107,440
107,441
107,442
107,443
107,444
107,445
107,446
107,447
107,448
107,449
107,450
107,451
107,452
107,453
107,454
107,455
107,456
107,457
107,458
107,459
107,460
107,461
107,462
107,463
107,464
107,465
107,466
107,467
107,468
107,469
107,470
107,471
107,472
107,473
107,474
107,475
107,533
107,534
107,535
107,536
107,537
107,538
107,539
107,540
107,541
107,542
107,543
107,544
107,545
107,546
107,547
107,548
107,549
107,550
107,551
107,552
107,553
107,554
107,555
107,556
107,557
107,558
107,559
107,560
107,561
107,562
107,563
107,564
107,565
107,566
107,567
107,568
107,569
107,570
107,571
107,572
107,573
107,574
107,575
107,576
107,577
107,578
107,579
107,580
107,581
107,582
107,660
107,661
107,662
107,663
107,664
107,665
107,666
107,667
107,668
107,669
107,670
107,671
107,672
107,673
107,674
107,675
107,676
107,677
107,678
107,679
107,680
107,681
107,682
107,683
107,684
107,685
107,686
107,687
107,688
107,689
107,690
107,691
108,395
108,396
108,397
108,398
108,399
108,400
108,401
108,402
108,403
108,404
108,405
108,406
108,407
108,408
108,409
108,410
108,411
108,412
108,413
108,436
108,437
108,438
108,439
108,440
108,441
108,442
108,443
108,444
108,445
108,446
108,447
108,448
108,449
108,450
108,451
108,452
108,453
108,454
108,455
108,456
108,457
108,458
108,459
108,460
108,461
108,462
108,463
108,464
108,465
108,466
108,467
108,468
108,469
108,470
108,471
108,472
108,473
108,474
108,475
108,476
108,533
108,534
108,535
108,536
108,537
108,538
108,539
108,540
108,541
108,542
108,543
108,544
108,545
108,546
108,547
108,548
108,549
108,550
108,551
108,552
108,553
108,554
108,555
108,556
108,557
108,558
108,559
108,560
108,561
108,562
108,563
108,564
108,565
108,566
108,567
108,568
108,569
108,570
108,571
108,572
108,573
108,574
108,575
108,576
108,577
108,578
108,579
108,580
108,581
108,582
108,583
108,584
108,585
108,660
108,661
108,662
108,663
108,664
108,665
108,666
108,667
108,668
108,669
108,670
108,671
108,672
108,673
108,674
108,675
108,676
108,677
108,678
108,679
108,680
108,681
108,682
108,683
108,684
108,685
108,686
108,687
108,688
108,689
108,690
108,691
108,692
108,693
109,395
109,396
109,397
109,398
109,399
109,400
109,401
109,402
109,403
109,404
109,405
109,406
109,407
109,408
109,409
109,410
109,411
109,412
109,413
109,437
109,438
109,439
109,440
109,441
109,442
109,443
109,444
109,445
109,446
109,447
109,448
109,449
109,450
109,451
109,452
109,453
109,454
109,455
109,456
109,457
109,458
109,459
109,460
109,461
109,462
109,463
109,464
109,465
109,466
109,467
109,468
109,469
109,470
109,471
109,472
109,473
109,474
109,475
109,476
109,477
109,532
109,533
109,534
109,535
109,536
109,537
109,538
109,539
109,540
109,541
109,542
109,543
109,544
109,545
109,546
109,547
109,548
109,549
109,550
109,551
109,552
109,553
109,554
109,555
109,556
109,557
109,558
109,559
109,560
109,561
109,562
109,563
109,564
109,565
109,566
109,567
109,568
109,569
109,570
109,571
109,572
109,573
109,574
109,575
109,576
109,577
109,578
109,579
109,580
109,581
109,582
109,583
109,584
109,585
109,586
109,587
109,660
109,661
109,662
109,663
109,664
109,665
109,666
109,667
109,668
109,669
109,670
109,671
109,672
109,673
109,674
109,675
109,676
109,677
109,678
109,679
109,680
109,681
109,682
109,683
109,684
109,685
109,686
109,687
109,688
109,689
109,690
109,691
109,692
109,693
110,395
110,396
110,397
110,398
110,399
110,400
110,401
110,402
110,403
110,404
110,405
110,406
110,407
110,408
110,409
110,410
110,411
110,412
110,413
110,414
110,438
110,439
110,440
110,441
110,442
110,443
110,444
110,445
110,446
110,447
110,448
110,449
110,450
110,451
110,452
110,453
110,454
110,455
110,456
110,457
110,458
110,459
110,460
110,461
110,462
110,463
110,464
110,465
110,466
110,467
110,468
110,469
110,470
110,471
110,472
110,473
110,474
110,475
110,476
110,477
110,478
110,532
110,533
110,534
110,535
110,536
110,537
110,538
110,539
110,540
110,541
110,542
110,543
110,544
110,545
110,546
110,547
110,548
110,549
110,550
110,551
110,552
110,553
110,554
110,555
110,556
110,557
110,558
110,559
110,560
110,561
110,562
110,563
110,564
110,565
110,566
110,567
110,568
110,569
110,570
110,571
110,572
110,573
110,574
110,575
110,576
110,577
110,578
110,579
110,580
110,581
110,582
110,583
110,584
110,585
110,586
110,587
110,588
110,589
110,590
110,659
110,660
110,661
110,662
110,663
110,664
110,665
110,666
110,667
110,668
110,669
110,670
110,671
110,672
110,673
110,674
110,675
110,676
110,677
110,678
110,679
110,680
110,681
110,682
110,683
110,684
110,685
110,686
110,687
110,688
110,689
110,690
110,691
110,692
111,395
111,396
111,397
111,398
111,399
111,400
111,401
111,402
111,403
111,404
111,405
111,406
111,407
111,408
111,409
111,410
111,411
111,412
111,413
111,414
111,439
111,440
111,441
111,442
111,443
111,444
111,445
111,446
111,447
111,448
111,449
111,450
111,451
111,452
111,453
111,454
111,455
111,456
111,457
111,458
111,459
111,460
111,461
111,462
111,463
111,464
111,465
111,466
111,467
111,468
111,469
111,470
111,471
111,472
111,473
111,474
111,475
111,476
111,477
111,478
111,479
111,532
111,533
111,534
111,535
111,536
111,537
111,538
111,539
111,540
111,541
111,542
111,543
111,544
111,545
111,546
111,547
111,548
111,549
111,550
111,551
111,552
111,553
111,554
111,555
111,556
111,557
111,558
111,559
111,560
111,561
111,562
111,563
111,564
111,565
111,566
111,567
111,568
111,569
111,570
111,571
111,572
111,573
111,574
111,575
111,576
111,577
111,578
111,579
111,580
111,581
111,582
111,583
111,584
111,585
111,586
111,587
111,588
111,589
111,590
111,591
111,592
111,659
111,660
111,661
111,662
111,663
111,664
111,665
111,666
111,667
111,668
111,669
111,670
111,671
111,672
111,673
111,674
111,675
111,676
111,677
111,678
111,679
111,680
111,681
111,682
111,683
111,684
111,685
111,686
111,687
111,688
111,689
111,690
111,691
111,692
112,395
112,396
112,397
112,398
112,399
112,400
112,401
112,402
112,403
112,404
112,405
112,406
112,407
112,408
112,409
112,410
112,411
112,412
112,413
112,414
112,415
112,416
112,440
112,441
112,442
112,443
112,444
112,445
112,446
112,447
112,448
112,449
112,450
112,451
112,452
112,453
112,454
112,455
112,456
112,457
112,458
112,459
112,460
112,461
112,462
112,463
112,464
112,465
112,466
112,467
112,468
112,469
112,470
112,471
112,472
112,473
112,474
112,475
112,476
112,477
112,478
112,479
112,532
112,533
112,534
112,535
112,536
112,537
112,538
112,539
112,540
112,541
112,542
112,543
112,544
112,545
112,546
112,547
112,548
112,549
112,550
112,551
112,552
112,553
112,554
112,555
112,556
112,557
112,558
112,559
112,560
112,561
112,562
112,563
112,564
112,565
112,566
112,567
112,568
112,569
112,570
112,571
112,572
112,573
112,574
112,575
112,576
112,577
112,578
112,579
112,580
112,581
112,582
112,583
112,584
112,585
112,586
112,587
112,588
112,589
112,590
112,591
112,592
112,593
112,594
112,595
112,659
112,660
112,661
112,662
112,663
112,664
112,665
112,666
112,667
112,668
112,669
112,670
112,671
112,672
112,673
112,674
112,675
112,676
112,677
112,678
112,679
112,680
112,681
112,682
112,683
112,684
112,685
112,686
112,687
112,688
112,689
112,690
112,691
112,692
113,395
113,396
113,397
113,398
113,399
113,400
113,401
113,402
113,403
113,404
113,405
113,406
113,407
113,408
113,409
113,410
113,411
113,412
113,413
113,414
113,415
113,416
113,417
113,439
113,440
113,441
113,442
113,443
113,444
113,445
113,446
113,447
113,448
113,449
113,450
113,451
113,452
113,453
113,454
113,455
113,456
113,457
113,458
113,459
113,460
113,461
113,462
113,463
113,464
113,465
113,466
113,467
113,468
113,469
113,470
113,471
113,472
113,473
113,474
113,475
113,476
113,477
113,478
113,479
113,480
113,531
113,532
113,533
113,534
113,535
113,536
113,537
113,538
113,539
113,540
113,541
113,542
113,543
113,544
113,545
113,546
113,547
113,548
113,549
113,550
113,551
113,552
113,553
113,554
113,555
113,556
113,557
113,558
113,559
113,560
113,561
113,562
113,563
113,564
113,565
113,566
113,567
113,568
113,569
113,570
113,571
113,572
113,573
113,574
113,575
113,576
113,577
113,578
113,579
113,580
113,581
113,582
113,583
113,584
113,585
113,586
113,587
113,588
113,589
113,590
113,591
113,592
113,593
113,594
113,595
113,596
113,597
113,659
113,660
113,661
113,662
113,663
113,664
113,665
113,666
113,667
113,668
113,669
113,670
113,671
113,672
113,673
113,674
113,675
113,676
113,677
113,678
113,679
113,680
113,681
113,682
113,683
113,684
113,685
113,686
113,687
113,688
113,689
113,690
113,691
114,394
114,395
114,396
114,397
114,398
114,399
114,400
114,401
114,402
114,403
114,404
114,405
114,406
114,407
114,408
114,409
114,410
114,411
114,412
114,413
114,414
114,415
114,416
114,417
114,418
114,438
114,439
114,440
114,441
114,442
114,443
114,444
114,445
114,446
114,447
114,448
114,449
114,450
114,451
114,452
114,453
114,454
114,455
114,456
114,457
114,458
114,459
114,460
114,461
114,462
114,463
114,464
114,465
114,466
114,467
114,468
114,469
114,470
114,471
114,472
114,473
114,474
114,475
114,476
114,477
114,478
114,479
114,480
114,481
114,531
114,532
114,533
114,534
114,535
114,536
114,537
114,538
114,539
114,540
114,541
114,542
114,543
114,544
114,545
114,546
114,547
114,548
114,549
114,550
114,551
114,552
114,553
114,554
114,555
114,556
114,557
114,558
114,559
114,560
114,561
114,562
114,563
114,564
114,565
114,566
114,567
114,568
114,569
114,570
114,571
114,572
114,573
114,574
114,575
114,576
114,577
114,578
114,579
114,580
114,581
114,582
114,583
114,584
114,585
114,586
114,587
114,588
114,589
114,590
114,591
114,592
114,593
114,594
114,595
114,596
114,597
114,598
114,599
114,658
114,659
114,660
114,661
114,662
114,663
114,664
114,665
114,666
114,667
114,668
114,669
114,670
114,671
114,672
114,673
114,674
114,675
114,676
114,677
114,678
114,679
114,680
114,681
114,682
114,683
114,684
114,685
114,686
114,687
114,688
114,689
114,690
114,691
115,394
115,395
115,396
115,397
115,398
115,399
115,400
115,401
115,402
115,403
115,404
115,405
115,406
115,407
115,408
115,409
115,410
115,411
115,412
115,413
115,414
115,415
115,416
115,417
115,418
115,419
115,420
115,436
115,437
115,438
115,439
115,440
115,441
115,442
115,443
115,444
115,445
115,446
115,447
115,448
115,449
115,450
115,451
115,452
115,453
115,454
115,455
115,456
115,457
115,458
115,459
115,460
115,461
115,462
115,463
115,464
115,465
115,466
115,467
115,468
115,469
115,470
115,471
115,472
115,473
115,474
115,475
115,476
115,477
115,478
115,479
115,480
115,481
115,482
115,530
115,531
115,532
115,533
115,534
115,535
115,536
115,537
115,538
115,539
115,540
115,541
115,542
115,543
115,544
115,545
115,546
115,547
115,548
115,549
115,550
115,551
115,552
115,553
115,554
115,555
115,556
115,557
115,558
115,559
115,560
115,561
115,562
115,563
115,564
115,565
115,566
115,567
115,568
115,569
115,570
115,571
115,572
115,573
115,574
115,575
115,576
115,577
115,578
115,579
115,580
115,581
115,582
115,583
115,584
115,585
115,586
115,587
115,588
115,589
115,590
115,591
115,592
115,593
115,594
115,595
115,596
115,597
115,598
115,599
115,658
115,659
115,660
115,661
115,662
115,663
115,664
115,665
115,666
115,667
115,668
115,669
115,670
115,671
115,672
115,673
115,674
115,675
115,676
115,677
115,678
115,679
115,680
115,681
115,682
115,683
115,684
115,685
115,686
115,687
115,688
115,689
115,690
115,691
116,394
116,395
116,396
116,397
116,398
116,399
116,400
116,401
116,402
116,403
116,404
116,405
116,406
116,407
116,408
116,409
116,410
116,411
116,412
116,413
116,414
116,415
116,416
116,417
116,418
116,419
116,420
116,421
116,435
116,436
116,437
116,438
116,439
116,440
116,441
116,442
116,443
116,444
116,445
116,446
116,447
116,448
116,449
116,450
116,451
116,452
116,453
116,454
116,455
116,456
116,457
116,458
116,459
116,460
116,461
116,462
116,463
116,464
116,465
116,466
116,467
116,468
116,469
116,470
116,471
116,472
116,473
116,474
116,475
116,476
116,477
116,478
116,479
116,480
116,481
116,482
116,483
116,530
116,531
116,532
116,533
116,534
116,535
116,536
116,537
116,538
116,539
116,540
116,541
116,542
116,543
116,544
116,545
116,546
116,547
116,548
116,549
116,550
116,551
116,552
116,553
116,554
116,555
116,556
116,557
116,558
116,559
116,560
116,561
116,562
116,563
116,564
116,565
116,566
116,567
116,568
116,569
116,570
116,571
116,572
116,573
116,574
116,575
116,576
116,577
116,578
116,579
116,580
116,581
116,582
116,583
116,584
116,585
116,586
116,587
116,588
116,589
116,590
116,591
116,592
116,593
116,594
116,595
116,596
116,597
116,598
116,658
116,659
116,660
116,661
116,662
116,663
116,664
116,665
116,666
116,667
116,668
116,669
116,670
116,671
116,672
116,673
116,674
116,675
116,676
116,677
116,678
116,679
116,680
116,681
116,682
116,683
116,684
116,685
116,686
116,687
116,688
116,689
116,690
117,393
117,394
117,395
117,396
117,397
117,398
117,399
117,400
117,401
117,402
117,403
117,404
117,405
117,406
117,407
117,408
117,409
117,410
117,411
117,412
117,413
117,414
117,415
117,416
117,417
117,418
117,419
117,420
117,421
117,422
117,423
117,434
117,435
117,436
117,437
117,438
117,439
117,440
117,441
117,442
117,443
117,444
117,445
117,446
117,447
117,448
117,449
117,450
117,451
117,452
117,453
117,454
117,455
117,456
117,457
117,458
117,459
117,460
117,461
117,462
117,463
117,464
117,465
117,466
117,467
117,468
117,469
117,470
117,471
117,472
117,473
117,474
117,475
117,476
117,477
117,478
117,479
117,480
117,481
117,482
117,483
117,484
117,529
117,530
117,531
117,532
117,533
117,534
117,535
117,536
117,537
117,538
117,539
117,540
117,541
117,542
117,543
117,544
117,545
117,546
117,547
117,548
117,549
117,550
117,551
117,552
117,553
117,554
117,555
117,556
117,557
117,558
117,559
117,560
117,561
117,562
117,563
117,564
117,565
117,566
117,567
117,568
117,569
117,570
117,571
117,572
117,573
117,574
117,575
117,576
117,577
117,578
117,579
117,580
117,581
117,582
117,583
117,584
117,585
117,586
117,587
117,588
117,589
117,590
117,591
117,592
117,593
117,594
117,595
117,596
117,597
117,598
117,657
117,658
117,659
117,660
117,661
117,662
117,663
117,664
117,665
117,666
117,667
117,668
117,669
117,670
117,671
117,672
117,673
117,674
117,675
117,676
117,677
117,678
117,679
117,680
117,681
117,682
117,683
117,684
117,685
117,686
117,687
117,688
117,689
117,690
118,393
118,394
118,395
118,396
118,397
118,398
118,399
118,400
118,401
118,402
118,403
118,404
118,405
118,406
118,407
118,408
118,409
118,410
118,411
118,412
118,413
118,414
118,415
118,416
118,417
118,418
118,419
118,420
118,421
118,422
118,423
118,424
118,425
118,426
118,427
118,428
118,429
118,430
118,431
118,432
118,433
118,434
118,435
118,436
118,437
118,438
118,439
118,440
118,441
118,442
118,443
118,444
118,445
118,446
118,447
118,448
118,449
118,450
118,451
118,452
118,453
118,454
118,455
118,456
118,457
118,458
118,459
118,460
118,461
118,462
118,463
118,464
118,465
118,466
118,467
118,468
118,469
118,470
118,471
118,472
118,473
118,474
118,475
118,476
118,477
118,478
118,479
118,480
118,481
118,482
118,483
118,484
118,485
118,529
118,530
118,531
118,532
118,533
118,534
118,535
118,536
118,537
118,538
118,539
118,540
118,541
118,542
118,543
118,544
118,545
118,546
118,547
118,548
118,549
118,550
118,551
118,552
118,553
118,554
118,555
118,556
118,557
118,558
118,559
118,560
118,561
118,562
118,563
118,564
118,565
118,566
118,567
118,568
118,569
118,570
118,571
118,572
118,573
118,574
118,575
118,576
118,577
118,578
118,579
118,580
118,581
118,582
118,583
118,584
118,585
118,586
118,587
118,588
118,589
118,590
118,591
118,592
118,593
118,594
118,595
118,596
118,597
118,657
118,658
118,659
118,660
118,661
118,662
118,663
118,664
118,665
118,666
118,667
118,668
118,669
118,670
118,671
118,672
118,673
118,674
118,675
118,676
118,677
118,678
118,679
118,680
118,681
118,682
118,683
118,684
118,685
118,686
118,687
118,688
118,689
118,690
119,392
119,393
119,394
119,395
119,396
119,397
119,398
119,399
119,400
119,401
119,402
119,403
119,404
119,405
119,406
119,407
119,408
119,409
119,410
119,411
119,412
119,413
119,414
119,415
119,416
119,417
119,418
119,419
119,420
119,421
119,422
119,423
119,424
119,425
119,426
119,427
119,428
119,429
119,430
119,431
119,432
119,433
119,434
119,435
119,436
119,437
119,438
119,439
119,440
119,441
119,442
119,443
119,444
119,445
119,446
119,447
119,448
119,449
119,450
119,451
119,452
119,453
119,454
119,455
119,456
119,457
119,458
119,459
119,460
119,461
119,462
119,463
119,464
119,465
119,466
119,467
119,468
119,469
119,470
119,471
119,472
119,473
119,474
119,475
119,476
119,477
119,478
119,479
119,480
119,481
119,482
119,483
119,484
119,485
119,486
119,528
119,529
119,530
119,531
119,532
119,533
119,534
119,535
119,536
119,537
119,538
119,539
119,540
119,541
119,542
119,543
119,544
119,545
119,546
119,547
119,548
119,549
119,550
119,551
119,552
119,553
119,554
119,555
119,556
119,557
119,558
119,559
119,560
119,561
119,562
119,563
119,564
119,565
119,566
119,567
119,568
119,569
119,570
119,571
119,572
119,573
119,574
119,575
119,576
119,577
119,578
119,579
119,580
119,581
119,582
119,583
119,584
119,585
119,586
119,587
119,588
119,589
119,590
119,591
119,592
119,593
119,594
119,595
119,596
119,597
119,657
119,658
119,659
119,660
119,661
119,662
119,663
119,664
119,665
119,666
119,667
119,668
119,669
119,670
119,671
119,672
119,673
119,674
119,675
119,676
119,677
119,678
119,679
119,680
119,681
119,682
119,683
119,684
119,685
119,686
119,687
119,688
119,689
120,391
120,392
120,393
120,394
120,395
120,396
120,397
120,398
120,399
120,400
120,401
120,402
120,403
120,404
120,405
120,406
120,407
120,408
120,409
120,410
120,411
120,412
120,413
120,414
120,415
120,416
120,417
120,418
120,419
120,420
120,421
120,422
120,423
120,424
120,425
120,426
120,427
120,428
120,429
120,430
120,431
120,432
120,433
120,434
120,435
120,436
120,437
120,438
120,439
120,440
120,441
120,442
120,443
120,444
120,445
120,446
120,447
120,448
120,449
120,450
120,451
120,452
120,453
120,454
120,455
120,456
120,457
120,458
120,459
120,460
120,461
120,462
120,463
120,464
120,465
120,466
120,467
120,468
120,469
120,470
120,471
120,472
120,473
120,474
120,475
120,476
120,477
120,478
120,479
120,480
120,481
120,482
120,483
120,484
120,485
120,527
120,528
120,529
120,530
120,531
120,532
120,533
120,534
120,535
120,536
120,537
120,538
120,539
120,540
120,541
120,542
120,543
120,544
120,545
120,546
120,547
120,548
120,549
120,550
120,551
120,552
120,553
120,554
120,555
120,556
120,557
120,558
120,559
120,560
120,561
120,562
120,563
120,564
120,565
120,566
120,567
120,568
120,569
120,570
120,571
120,572
120,573
120,574
120,575
120,576
120,577
120,578
120,579
120,580
120,581
120,582
120,583
120,584
120,585
120,586
120,587
120,588
120,589
120,590
120,591
120,592
120,593
120,594
120,595
120,596
120,597
120,641
120,642
120,656
120,657
120,658
120,659
120,660
120,661
120,662
120,663
120,664
120,665
120,666
120,667
120,668
120,669
120,670
120,671
120,672
120,673
120,674
120,675
120,676
120,677
120,678
120,679
120,680
120,681
120,682
120,683
120,684
120,685
120,686
120,687
120,688
120,689
121,390
121,391
121,392
121,393
121,394
121,395
121,396
121,397
121,398
121,399
121,400
121,401
121,402
121,403
121,404
121,405
121,406
121,407
121,408
121,409
121,410
121,411
121,412
121,413
121,414
121,415
121,416
121,417
121,418
121,419
121,420
121,421
121,422
121,423
121,424
121,425
121,426
121,427
121,428
121,429
121,430
121,431
121,432
121,433
121,434
121,435
121,436
121,437
121,438
121,439
121,440
121,441
121,442
121,443
121,444
121,445
121,446
121,447
121,448
121,449
121,450
121,451
121,452
121,453
121,454
121,455
121,456
121,457
121,458
121,459
121,460
121,461
121,462
121,463
121,464
121,465
121,466
121,467
121,468
121,469
121,470
121,471
121,472
121,473
121,474
121,475
121,476
121,477
121,478
121,479
121,480
121,481
121,482
121,483
121,484
121,527
121,528
121,529
121,530
121,531
121,532
121,533
121,534
121,535
121,536
121,537
121,538
121,539
121,540
121,541
121,542
121,543
121,544
121,545
121,546
121,547
121,548
121,549
121,550
121,551
121,552
121,553
121,554
121,555
121,556
121,557
121,558
121,559
121,560
121,561
121,562
121,563
121,564
121,565
121,566
121,567
121,568
121,569
121,570
121,571
121,572
121,573
121,574
121,575
121,576
121,577
121,578
121,579
121,580
121,581
121,582
121,583
121,584
121,585
121,586
121,587
121,588
121,589
121,590
121,591
121,592
121,593
121,594
121,595
121,596
121,639
121,640
121,641
121,642
121,643
121,644
121,645
121,646
121,656
121,657
121,658
121,659
121,660
121,661
121,662
121,663
121,664
121,665
121,666
121,667
121,668
121,669
121,670
121,671
121,672
121,673
121,674
121,675
121,676
121,677
121,678
121,679
121,680
121,681
121,682
121,683
121,684
121,685
121,686
121,687
121,688
121,689
122,390
122,391
122,392
122,393
122,394
122,395
122,396
122,397
122,398
122,399
122,400
122,401
122,402
122,403
122,404
122,405
122,406
122,407
122,408
122,409
122,410
122,411
122,412
122,413
122,414
122,415
122,416
122,417
122,418
122,419
122,420
122,421
122,422
122,423
122,424
122,425
122,426
122,427
122,428
122,429
122,430
122,431
122,432
122,433
122,434
122,435
122,436
122,437
122,438
122,439
122,440
122,441
122,442
122,443
122,444
122,445
122,446
122,447
122,448
122,449
122,450
122,451
122,452
122,453
122,454
122,455
122,456
122,457
122,458
122,459
122,460
122,461
122,462
122,463
122,464
122,465
122,466
122,467
122,468
122,469
122,470
122,471
122,472
122,473
122,474
122,475
122,476
122,477
122,478
122,479
122,480
122,481
122,482
122,483
122,526
122,527
122,528
122,529
122,530
122,531
122,532
122,533
122,534
122,535
122,536
122,537
122,538
122,539
122,540
122,541
122,542
122,543
122,544
122,545
122,546
122,547
122,548
122,549
122,550
122,551
122,552
122,553
122,554
122,555
122,556
122,557
122,558
122,559
122,560
122,561
122,562
122,563
122,564
122,565
122,566
122,567
122,568
122,569
122,570
122,571
122,572
122,573
122,574
122,575
122,576
122,577
122,578
122,579
122,580
122,581
122,582
122,583
122,584
122,585
122,586
122,587
122,588
122,589
122,590
122,591
122,592
122,593
122,594
122,595
122,596
122,638
122,639
122,640
122,641
122,642
122,643
122,644
122,645
122,646
122,647
122,648
122,649
122,656
122,657
122,658
122,659
122,660
122,661
122,662
122,663
122,664
122,665
122,666
122,667
122,668
122,669
122,670
122,671
122,672
122,673
122,674
122,675
122,676
122,677
122,678
122,679
122,680
122,681
122,682
122,683
122,684
122,685
122,686
122,687
122,688
123,389
123,390
123,391
123,392
123,393
123,394
123,395
123,396
123,397
123,398
123,399
123,400
123,401
123,402
123,403
123,404
123,405
123,406
123,407
123,408
123,409
123,410
123,411
123,412
123,413
123,414
123,415
123,416
123,417
123,418
123,419
123,420
123,421
123,422
123,423
123,424
123,425
123,426
123,427
123,428
123,429
123,430
123,431
123,432
123,433
123,434
123,435
123,436
123,437
123,438
123,439
123,440
123,441
123,442
123,443
123,444
123,445
123,446
123,447
123,448
123,449
123,450
123,451
123,452
123,453
123,454
123,455
123,456
123,457
123,458
123,459
123,460
123,461
123,462
123,463
123,464
123,465
123,466
123,467
123,468
123,469
123,470
123,471
123,472
123,473
123,474
123,475
123,476
123,477
123,478
123,479
123,480
123,481
123,525
123,526
123,527
123,528
123,529
123,530
123,531
123,532
123,533
123,534
123,535
123,536
123,537
123,538
123,539
123,540
123,541
123,542
123,543
123,544
123,545
123,546
123,547
123,548
123,549
123,550
123,551
123,552
123,553
123,554
123,555
123,556
123,557
123,558
123,559
123,560
123,561
123,562
123,563
123,564
123,565
123,566
123,567
123,568
123,569
123,570
123,571
123,572
123,573
123,574
123,575
123,576
123,577
123,578
123,579
123,580
123,581
123,582
123,583
123,584
123,585
123,586
123,587
123,588
123,589
123,590
123,591
123,592
123,593
123,594
123,595
123,637
123,638
123,639
123,640
123,641
123,642
123,643
123,644
123,645
123,646
123,647
123,648
123,649
123,650
123,651
123,652
123,653
123,655
123,656
123,657
123,658
123,659
123,660
123,661
123,662
123,663
123,664
123,665
123,666
123,667
123,668
123,669
123,670
123,671
123,672
123,673
123,674
123,675
123,676
123,677
123,678
123,679
123,680
123,681
123,682
123,683
123,684
123,685
123,686
123,687
123,688
124,388
124,389
124,390
124,391
124,392
124,393
124,394
124,395
124,396
124,397
124,398
124,399
124,400
124,401
124,402
124,403
124,404
124,405
124,406
124,407
124,408
124,409
124,410
124,411
124,412
124,413
124,414
124,415
124,416
124,417
124,418
124,419
124,420
124,421
124,422
124,423
124,424
124,425
124,426
124,427
124,428
124,429
124,430
124,431
124,432
124,433
124,434
124,435
124,436
124,437
124,438
124,439
124,440
124,441
124,442
124,443
124,444
124,445
124,446
124,447
124,448
124,449
124,450
124,451
124,452
124,453
124,454
124,455
124,456
124,457
124,458
124,459
124,460
124,461
124,462
124,463
124,464
124,465
124,466
124,467
124,468
124,469
124,470
124,471
124,472
124,473
124,474
124,475
124,476
124,477
124,478
124,479
124,480
124,525
124,526
124,527
124,528
124,529
124,530
124,531
124,532
124,533
124,534
124,535
124,536
124,537
124,538
124,539
124,540
124,541
124,542
124,543
124,544
124,545
124,546
124,547
124,548
124,549
124,550
124,551
124,552
124,553
124,554
124,555
124,556
124,557
124,558
124,559
124,560
124,561
124,562
124,563
124,564
124,565
124,566
124,567
124,568
124,569
124,570
124,571
124,572
124,573
124,574
124,575
124,576
124,577
124,578
124,579
124,580
124,581
124,582
124,583
124,584
124,585
124,586
124,587
124,588
124,589
124,590
124,591
124,592
124,593
124,594
124,595
124,635
124,636
124,637
124,638
124,639
124,640
124,641
124,642
124,643
124,644
124,645
124,646
124,647
124,648
124,649
124,650
124,651
124,652
124,653
124,654
124,655
124,656
124,657
124,658
124,659
124,660
124,661
124,662
124,663
124,664
124,665
124,666
124,667
124,668
124,669
124,670
124,671
124,672
124,673
124,674
124,675
124,676
124,677
124,678
124,679
124,680
124,681
124,682
124,683
124,684
124,685
124,686
124,687
124,688
125,387
125,388
125,389
125,390
125,391
125,392
125,393
125,394
125,395
125,396
125,397
125,398
125,399
125,400
125,401
125,402
125,403
125,404
125,405
125,406
125,407
125,408
125,409
125,410
125,411
125,412
125,413
125,414
125,415
125,416
125,417
125,418
125,419
125,420
125,421
125,422
125,423
125,424
125,425
125,426
125,427
125,428
125,429
125,430
125,431
125,432
125,433
125,434
125,435
125,436
125,437
125,438
125,439
125,440
125,441
125,442
125,443
125,444
125,445
125,446
125,447
125,448
125,449
125,450
125,451
125,452
125,453
125,454
125,455
125,456
125,457
125,458
125,459
125,460
125,461
125,462
125,463
125,464
125,465
125,466
125,467
125,468
125,469
125,470
125,471
125,472
125,473
125,474
125,475
125,476
125,477
125,478
125,479
125,524
125,525
125,526
125,527
125,528
125,529
125,530
125,531
125,532
125,533
125,534
125,535
125,536
125,537
125,538
125,539
125,540
125,541
125,542
125,543
125,544
125,545
125,546
125,547
125,548
125,549
125,550
125,551
125,552
125,553
125,554
125,555
125,556
125,557
125,558
125,559
125,560
125,561
125,562
125,563
125,564
125,565
125,566
125,567
125,568
125,569
125,570
125,571
125,572
125,573
125,574
125,575
125,576
125,577
125,578
125,579
125,580
125,581
125,582
125,583
125,584
125,585
125,586
125,587
125,588
125,589
125,590
125,591
125,592
125,593
125,594
125,595
125,634
125,635
125,636
125,637
125,638
125,639
125,640
125,641
125,642
125,643
125,644
125,645
125,646
125,647
125,648
125,649
125,650
125,651
125,652
125,653
125,654
125,655
125,656
125,657
125,658
125,659
125,660
125,661
125,662
125,663
125,664
125,665
125,666
125,667
125,668
125,669
125,670
125,671
125,672
125,673
125,674
125,675
125,676
125,677
125,678
125,679
125,680
125,681
125,682
125,683
125,684
125,685
125,686
125,687
126,387
126,388
126,389
126,390
126,391
126,392
126,393
126,394
126,395
126,396
126,397
126,398
126,399
126,400
126,401
126,402
126,403
126,404
126,405
126,406
126,407
126,408
126,409
126,410
126,411
126,412
126,413
126,414
126,415
126,416
126,417
126,418
126,419
126,420
126,421
126,422
126,423
126,424
126,425
126,426
126,427
126,428
126,429
126,430
126,431
126,432
126,433
126,434
126,435
126,436
126,437
126,438
126,439
126,440
126,442
126,443
126,444
126,445
126,446
126,447
126,448
126,449
126,450
126,451
126,452
126,453
126,454
126,455
126,456
126,457
126,458
126,459
126,460
126,461
126,462
126,463
126,464
126,465
126,466
126,467
126,468
126,469
126,470
126,471
126,472
126,473
126,474
126,475
126,476
126,477
126,478
126,524
126,525
126,526
126,527
126,528
126,529
126,530
126,531
126,532
126,533
126,534
126,535
126,536
126,537
126,538
126,539
126,540
126,541
126,542
126,543
126,544
126,545
126,546
126,547
126,548
126,549
126,550
126,551
126,552
126,553
126,554
126,555
126,556
126,557
126,558
126,559
126,560
126,561
126,562
126,563
126,564
126,565
126,566
126,567
126,568
126,569
126,570
126,571
126,572
126,573
126,574
126,575
126,576
126,577
126,578
126,579
126,580
126,581
126,582
126,583
126,584
126,585
126,586
126,587
126,588
126,589
126,590
126,591
126,592
126,593
126,594
126,634
126,635
126,636
126,637
126,638
126,639
126,640
126,641
126,642
126,643
126,644
126,645
126,646
126,647
126,648
126,649
126,650
126,651
126,652
126,653
126,654
126,655
126,656
126,657
126,658
126,659
126,660
126,661
126,662
126,663
126,664
126,665
126,666
126,667
126,668
126,669
126,670
126,671
126,672
126,673
126,674
126,675
126,676
126,677
126,678
126,679
126,680
126,681
126,682
126,683
126,684
126,685
126,686
126,687
127,386
127,387
127,388
127,389
127,390
127,391
127,392
127,393
127,394
127,395
127,396
127,397
127,398
127,399
127,400
127,401
127,402
127,403
127,404
127,405
127,406
127,407
127,408
127,409
127,410
127,411
127,412
127,413
127,414
127,415
127,416
127,417
127,418
127,419
127,420
127,421
127,422
127,423
127,424
127,425
127,426
127,427
127,428
127,429
127,430
127,431
127,432
127,433
127,434
127,435
127,436
127,437
127,438
127,439
127,441
127,442
127,443
127,444
127,445
127,446
127,447
127,448
127,449
127,450
127,451
127,453
127,454
127,455
127,456
127,457
127,458
127,459
127,460
127,461
127,462
127,463
127,464
127,465
127,466
127,467
127,468
127,469
127,470
127,471
127,472
127,473
127,474
127,475
127,476
127,477
127,522
127,523
127,524
127,525
127,526
127,527
127,528
127,529
127,530
127,531
127,532
127,533
127,534
127,535
127,536
127,537
127,538
127,539
127,540
127,541
127,542
127,543
127,544
127,545
127,546
127,547
127,548
127,549
127,550
127,551
127,552
127,553
127,554
127,555
127,556
127,557
127,558
127,559
127,560
127,561
127,562
127,563
127,564
127,565
127,566
127,567
127,568
127,569
127,570
127,571
127,572
127,573
127,574
127,575
127,576
127,577
127,578
127,579
127,580
127,581
127,582
127,583
127,584
127,585
127,586
127,587
127,588
127,589
127,590
127,591
127,592
127,593
127,594
127,635
127,636
127,637
127,638
127,639
127,640
127,641
127,642
127,643
127,644
127,645
127,646
127,647
127,648
127,649
127,650
127,651
127,652
127,653
127,654
127,655
127,656
127,657
127,658
127,659
127,660
127,661
127,662
127,663
127,664
127,665
127,666
127,667
127,668
127,669
127,670
127,671
127,672
127,673
127,674
127,675
127,676
127,677
127,678
127,679
127,680
127,681
127,682
127,683
127,684
127,685
127,686
127,687
128,385
128,386
128,387
128,388
128,389
128,390
128,391
128,392
128,393
128,394
128,395
128,396
128,397
128,398
128,399
128,400
128,401
128,402
128,403
128,404
128,405
128,406
128,407
128,408
128,409
128,410
128,411
128,412
128,413
128,414
128,415
128,416
128,417
128,418
128,419
128,420
128,421
128,422
128,423
128,424
128,425
128,426
128,427
128,428
128,429
128,430
128,431
128,432
128,433
128,434
128,435
128,436
128,437
128,438
128,441
128,442
128,443
128,444
128,445
128,446
128,447
128,448
128,449
128,450
128,454
128,455
128,456
128,457
128,458
128,459
128,460
128,461
128,462
128,463
128,464
128,465
128,466
128,467
128,468
128,469
128,470
128,471
128,472
128,473
128,474
128,475
128,476
128,520
128,521
128,522
128,523
128,524
128,525
128,526
128,527
128,528
128,529
128,530
128,531
128,532
128,533
128,534
128,535
128,536
128,537
128,538
128,539
128,540
128,541
128,542
128,543
128,544
128,545
128,546
128,547
128,548
128,549
128,550
128,551
128,552
128,553
128,554
128,555
128,556
128,557
128,558
128,559
128,560
128,561
128,562
128,563
128,564
128,565
128,566
128,567
128,568
128,569
128,570
128,571
128,572
128,573
128,574
128,575
128,576
128,577
128,578
128,579
128,580
128,581
128,582
128,583
128,584
128,585
128,586
128,587
128,588
128,589
128,590
128,591
128,592
128,593
128,594
128,635
128,636
128,637
128,638
128,639
128,640
128,641
128,642
128,643
128,644
128,645
128,646
128,647
128,648
128,649
128,650
128,651
128,652
128,653
128,654
128,655
128,656
128,657
128,658
128,659
128,660
128,661
128,662
128,663
128,664
128,665
128,666
128,667
128,668
128,669
128,670
128,671
128,672
128,673
128,674
128,675
128,676
128,677
128,678
128,679
128,680
128,681
128,682
128,683
128,684
128,685
128,686
129,384
129,385
129,386
129,387
129,388
129,389
129,390
129,391
129,392
129,393
129,394
129,395
129,396
129,397
129,398
129,399
129,400
129,401
129,402
129,403
129,404
129,405
129,406
129,407
129,408
129,409
129,410
129,411
129,412
129,413
129,414
129,415
129,416
129,417
129,418
129,419
129,420
129,421
129,422
129,423
129,424
129,425
129,426
129,427
129,428
129,429
129,430
129,431
129,432
129,433
129,434
129,435
129,436
129,437
129,441
129,442
129,443
129,444
129,445
129,446
129,447
129,448
129,449
129,450
129,455
129,456
129,457
129,458
129,459
129,460
129,461
129,462
129,463
129,464
129,465
129,466
129,467
129,468
129,469
129,470
129,471
129,472
129,473
129,474
129,475
129,518
129,519
129,520
129,521
129,522
129,523
129,524
129,525
129,526
129,527
129,528
129,529
129,530
129,531
129,532
129,533
129,534
129,535
129,536
129,537
129,538
129,539
129,540
129,541
129,542
129,543
129,544
129,545
129,546
129,547
129,548
129,549
129,550
129,551
129,552
129,553
129,554
129,555
129,556
129,557
129,558
129,559
129,560
129,561
129,562
129,563
129,564
129,565
129,566
129,567
129,568
129,569
129,570
129,571
129,572
129,573
129,574
129,575
129,576
129,577
129,578
129,579
129,580
129,581
129,582
129,583
129,584
129,585
129,586
129,587
129,588
129,589
129,590
129,591
129,592
129,593
129,635
129,636
129,637
129,638
129,639
129,640
129,641
129,642
129,643
129,644
129,645
129,646
129,647
129,648
129,649
129,650
129,651
129,652
129,653
129,654
129,655
129,656
129,657
129,658
129,659
129,660
129,661
129,662
129,663
129,664
129,665
129,666
129,667
129,668
129,669
129,670
129,671
129,672
129,673
129,674
129,675
129,676
129,677
129,678
129,679
129,680
129,681
129,682
129,683
129,684
129,685
129,686
130,384
130,385
130,386
130,387
130,388
130,389
130,390
130,391
130,392
130,393
130,394
130,395
130,396
130,397
130,398
130,399
130,400
130,401
130,402
130,403
130,404
130,405
130,406
130,407
130,408
130,409
130,410
130,411
130,412
130,413
130,414
130,415
130,416
130,417
130,418
130,419
130,420
130,421
130,422
130,423
130,424
130,425
130,426
130,427
130,428
130,429
130,430
130,431
130,432
130,433
130,434
130,435
130,436
130,441
130,442
130,443
130,444
130,445
130,446
130,447
130,448
130,449
130,450
130,456
130,457
130,458
130,459
130,460
130,461
130,462
130,463
130,464
130,465
130,466
130,467
130,468
130,469
130,470
130,471
130,472
130,473
130,516
130,517
130,518
130,519
130,520
130,521
130,522
130,523
130,524
130,525
130,526
130,527
130,528
130,529
130,530
130,531
130,532
130,533
130,534
130,535
130,536
130,537
130,538
130,539
130,540
130,541
130,542
130,543
130,544
130,545
130,546
130,547
130,548
130,549
130,550
130,551
130,552
130,553
130,554
130,555
130,556
130,557
130,558
130,559
130,560
130,561
130,562
130,563
130,564
130,565
130,566
130,567
130,568
130,569
130,570
130,571
130,572
130,573
130,574
130,575
130,576
130,577
130,578
130,579
130,580
130,581
130,582
130,583
130,584
130,585
130,586
130,587
130,588
130,589
130,590
130,591
130,592
130,593
130,636
130,637
130,638
130,639
130,640
130,641
130,642
130,643
130,644
130,645
130,646
130,647
130,648
130,649
130,650
130,651
130,652
130,653
130,654
130,655
130,656
130,657
130,658
130,659
130,660
130,661
130,662
130,663
130,664
130,665
130,666
130,667
130,668
130,669
130,670
130,671
130,672
130,673
130,674
130,675
130,676
130,677
130,678
130,679
130,680
130,681
130,682
130,683
130,684
130,685
130,686
131,383
131,384
131,385
131,386
131,387
131,388
131,389
131,390
131,391
131,392
131,393
131,394
131,395
131,396
131,397
131,398
131,399
131,400
131,401
131,402
131,403
131,404
131,405
131,406
131,407
131,408
131,409
131,410
131,411
131,412
131,413
131,414
131,415
131,416
131,417
131,418
131,419
131,420
131,421
131,422
131,423
131,424
131,425
131,426
131,427
131,428
131,429
131,430
131,431
131,432
131,433
131,434
131,435
131,441
131,442
131,443
131,444
131,445
131,446
131,447
131,448
131,449
131,450
131,457
131,458
131,459
131,460
131,461
131,462
131,463
131,464
131,465
131,466
131,467
131,468
131,469
131,470
131,471
131,472
131,514
131,515
131,516
131,517
131,518
131,519
131,520
131,521
131,522
131,523
131,524
131,525
131,526
131,527
131,528
131,529
131,530
131,531
131,532
131,533
131,534
131,535
131,536
131,537
131,538
131,539
131,540
131,541
131,542
131,543
131,544
131,545
131,546
131,547
131,548
131,549
131,550
131,551
131,552
131,553
131,554
131,555
131,556
131,557
131,558
131,559
131,560
131,561
131,562
131,563
131,564
131,565
131,566
131,567
131,568
131,569
131,570
131,571
131,572
131,573
131,574
131,575
131,576
131,577
131,578
131,579
131,580
131,581
131,582
131,583
131,584
131,585
131,586
131,587
131,588
131,589
131,590
131,591
131,592
131,636
131,637
131,638
131,639
131,640
131,641
131,642
131,643
131,644
131,645
131,646
131,647
131,648
131,649
131,650
131,651
131,652
131,653
131,654
131,655
131,656
131,657
131,658
131,659
131,660
131,661
131,662
131,663
131,664
131,665
131,666
131,667
131,668
131,669
131,670
131,671
131,672
131,673
131,674
131,675
131,676
131,677
131,678
131,679
131,680
131,681
131,682
131,683
131,684
131,685
132,382
132,383
132,384
132,385
132,386
132,387
132,388
132,389
132,390
132,391
132,392
132,393
132,394
132,395
132,396
132,397
132,398
132,399
132,400
132,401
132,402
132,403
132,404
132,405
132,406
132,407
132,408
132,409
132,410
132,411
132,412
132,413
132,414
132,415
132,416
132,417
132,418
132,419
132,420
132,421
132,422
132,423
132,424
132,425
132,426
132,427
132,428
132,429
132,430
132,431
132,432
132,433
132,434
132,440
132,441
132,442
132,443
132,444
132,445
132,446
132,447
132,448
132,449
132,450
132,458
132,459
132,460
132,461
132,462
132,463
132,464
132,465
132,466
132,467
132,468
132,469
132,470
132,471
132,512
132,513
132,514
132,515
132,516
132,517
132,518
132,519
132,520
132,521
132,522
132,523
132,524
132,525
132,526
132,527
132,528
132,529
132,530
132,531
132,532
132,533
132,534
132,535
132,536
132,537
132,538
132,539
132,540
132,541
132,542
132,543
132,544
132,545
132,546
132,547
132,548
132,549
132,550
132,551
132,552
132,553
132,554
132,555
132,556
132,557
132,558
132,559
132,560
132,561
132,562
132,563
132,564
132,565
132,566
132,567
132,568
132,569
132,570
132,571
132,572
132,573
132,574
132,575
132,576
132,577
132,578
132,579
132,580
132,581
132,582
132,583
132,584
132,585
132,586
132,587
132,588
132,589
132,590
132,591
132,592
132,637
132,638
132,639
132,640
132,641
132,642
132,643
132,644
132,645
132,646
132,647
132,648
132,649
132,650
132,651
132,652
132,653
132,654
132,655
132,656
132,657
132,658
132,659
132,660
132,661
132,662
132,663
132,664
132,665
132,666
132,667
132,668
132,669
132,670
132,671
132,672
132,673
132,674
132,675
132,676
132,677
132,678
132,679
132,680
132,681
132,682
132,683
132,684
132,685
133,383
133,384
133,385
133,386
133,387
133,388
133,389
133,390
133,391
133,392
133,393
133,394
133,395
133,396
133,397
133,398
133,399
133,400
133,401
133,402
133,403
133,404
133,405
133,406
133,407
133,408
133,409
133,410
133,411
133,412
133,413
133,414
133,415
133,416
133,417
133,418
133,419
133,420
133,421
133,422
133,423
133,424
133,425
133,426
133,427
133,428
133,429
133,430
133,431
133,432
133,433
133,440
133,441
133,442
133,443
133,444
133,445
133,446
133,447
133,448
133,449
133,459
133,460
133,461
133,462
133,463
133,464
133,465
133,466
133,467
133,468
133,469
133,470
133,510
133,511
133,512
133,513
133,514
133,515
133,516
133,517
133,518
133,519
133,520
133,521
133,522
133,523
133,524
133,525
133,526
133,527
133,528
133,529
133,530
133,531
133,532
133,533
133,534
133,535
133,536
133,537
133,538
133,539
133,540
133,541
133,542
133,543
133,544
133,545
133,546
133,547
133,548
133,549
133,550
133,551
133,552
133,553
133,554
133,555
133,556
133,557
133,558
133,559
133,560
133,561
133,562
133,563
133,564
133,565
133,566
133,567
133,568
133,569
133,570
133,571
133,572
133,573
133,574
133,575
133,576
133,577
133,578
133,579
133,580
133,581
133,582
133,583
133,584
133,585
133,586
133,587
133,588
133,589
133,590
133,591
133,592
133,637
133,638
133,639
133,640
133,641
133,642
133,643
133,644
133,645
133,646
133,647
133,648
133,649
133,650
133,651
133,652
133,653
133,654
133,655
133,656
133,657
133,658
133,659
133,660
133,661
133,662
133,663
133,664
133,665
133,666
133,667
133,668
133,669
133,670
133,671
133,672
133,673
133,674
133,675
133,676
133,677
133,678
133,679
133,680
133,681
133,682
133,683
133,684
133,685
134,384
134,385
134,386
134,387
134,388
134,389
134,390
134,391
134,392
134,393
134,394
134,395
134,396
134,397
134,398
134,399
134,400
134,401
134,402
134,403
134,404
134,405
134,406
134,407
134,408
134,409
134,410
134,411
134,412
134,413
134,414
134,415
134,416
134,417
134,418
134,419
134,420
134,421
134,422
134,423
134,424
134,425
134,426
134,427
134,428
134,429
134,430
134,431
134,432
134,440
134,441
134,442
134,443
134,444
134,445
134,446
134,447
134,448
134,449
134,460
134,461
134,462
134,463
134,464
134,465
134,466
134,467
134,468
134,469
134,510
134,511
134,512
134,513
134,514
134,515
134,516
134,517
134,518
134,519
134,520
134,521
134,522
134,523
134,524
134,525
134,526
134,527
134,528
134,529
134,530
134,531
134,532
134,533
134,534
134,535
134,536
134,537
134,538
134,539
134,540
134,541
134,542
134,543
134,544
134,545
134,546
134,547
134,548
134,549
134,550
134,551
134,552
134,553
134,554
134,555
134,556
134,557
134,558
134,559
134,560
134,561
134,562
134,563
134,564
134,565
134,566
134,567
134,568
134,569
134,570
134,571
134,572
134,573
134,574
134,575
134,576
134,577
134,578
134,579
134,580
134,581
134,582
134,583
134,584
134,585
134,586
134,587
134,588
134,589
134,590
134,591
134,639
134,640
134,641
134,642
134,643
134,644
134,645
134,646
134,647
134,648
134,649
134,650
134,651
134,652
134,653
134,654
134,655
134,656
134,657
134,658
134,659
134,660
134,661
134,662
134,663
134,664
134,665
134,666
134,667
134,668
134,669
134,670
134,671
134,672
134,673
134,674
134,675
134,676
134,677
134,678
134,679
134,680
134,681
134,682
134,683
134,684
135,386
135,387
135,388
135,389
135,390
135,391
135,392
135,393
135,394
135,395
135,396
135,397
135,398
135,399
135,400
135,401
135,402
135,403
135,404
135,405
135,406
135,407
135,408
135,409
135,410
135,411
135,412
135,413
135,414
135,415
135,416
135,417
135,418
135,419
135,420
135,421
135,422
135,423
135,424
135,425
135,426
135,427
135,428
135,429
135,430
135,431
135,432
135,440
135,441
135,442
135,443
135,444
135,445
135,446
135,447
135,448
135,449
135,461
135,462
135,463
135,464
135,465
135,466
135,467
135,468
135,510
135,511
135,512
135,513
135,514
135,515
135,516
135,517
135,518
135,519
135,520
135,521
135,522
135,523
135,524
135,525
135,526
135,527
135,528
135,529
135,530
135,531
135,532
135,533
135,534
135,535
135,536
135,537
135,538
135,539
135,540
135,541
135,542
135,543
135,544
135,545
135,546
135,547
135,548
135,549
135,550
135,551
135,552
135,553
135,554
135,555
135,556
135,557
135,558
135,559
135,560
135,561
135,562
135,563
135,564
135,565
135,566
135,567
135,568
135,569
135,570
135,571
135,572
135,573
135,574
135,575
135,576
135,577
135,578
135,579
135,580
135,581
135,582
135,583
135,584
135,585
135,586
135,587
135,588
135,589
135,590
135,591
135,642
135,643
135,644
135,645
135,646
135,647
135,648
135,649
135,650
135,651
135,652
135,653
135,654
135,655
135,656
135,657
135,658
135,659
135,660
135,661
135,662
135,663
135,664
135,665
135,666
135,667
135,668
135,669
135,670
135,671
135,672
135,673
135,674
135,675
135,676
135,677
135,678
135,679
135,680
135,681
135,682
135,683
135,684
136,387
136,388
136,389
136,390
136,391
136,392
136,393
136,394
136,395
136,396
136,397
136,398
136,399
136,400
136,401
136,402
136,403
136,404
136,405
136,406
136,407
136,408
136,409
136,410
136,411
136,412
136,413
136,414
136,415
136,416
136,417
136,418
136,419
136,420
136,421
136,422
136,423
136,424
136,425
136,426
136,427
136,428
136,429
136,430
136,431
136,440
136,441
136,442
136,443
136,444
136,445
136,446
136,447
136,448
136,449
136,462
136,463
136,464
136,465
136,466
136,510
136,511
136,512
136,513
136,514
136,515
136,516
136,517
136,518
136,519
136,520
136,521
136,522
136,523
136,524
136,525
136,526
136,527
136,528
136,529
136,530
136,531
136,532
136,533
136,534
136,535
136,536
136,537
136,538
136,539
136,540
136,541
136,542
136,543
136,544
136,545
136,546
136,547
136,548
136,549
136,550
136,551
136,552
136,553
136,554
136,555
136,556
136,557
136,558
136,559
136,560
136,561
136,562
136,563
136,564
136,565
136,566
136,567
136,568
136,569
136,570
136,571
136,572
136,573
136,574
136,575
136,576
136,577
136,578
136,579
136,580
136,581
136,582
136,583
136,584
136,585
136,586
136,587
136,588
136,589
136,590
136,646
136,647
136,648
136,649
136,650
136,651
136,652
136,653
136,654
136,655
136,656
136,657
136,658
136,659
136,660
136,661
136,662
136,663
136,664
136,665
136,666
136,667
136,668
136,669
136,670
136,671
136,672
136,673
136,674
136,675
136,676
136,677
136,678
136,679
136,680
136,681
136,682
136,683
136,684
137,388
137,389
137,390
137,391
137,392
137,393
137,394
137,395
137,396
137,397
137,398
137,399
137,400
137,401
137,402
137,403
137,404
137,405
137,406
137,407
137,408
137,409
137,410
137,411
137,412
137,413
137,414
137,415
137,416
137,417
137,418
137,419
137,420
137,421
137,422
137,423
137,424
137,425
137,426
137,427
137,428
137,429
137,430
137,439
137,440
137,441
137,442
137,443
137,444
137,445
137,446
137,447
137,448
137,449
137,463
137,464
137,465
137,510
137,511
137,512
137,513
137,514
137,515
137,516
137,517
137,518
137,519
137,520
137,521
137,522
137,523
137,524
137,525
137,526
137,527
137,528
137,529
137,530
137,531
137,532
137,533
137,534
137,535
137,536
137,537
137,538
137,539
137,540
137,541
137,542
137,543
137,544
137,545
137,546
137,547
137,548
137,549
137,550
137,551
137,552
137,553
137,554
137,555
137,556
137,557
137,558
137,559
137,560
137,561
137,562
137,563
137,564
137,565
137,566
137,567
137,568
137,569
137,570
137,571
137,572
137,573
137,574
137,575
137,576
137,577
137,578
137,579
137,580
137,581
137,582
137,583
137,584
137,585
137,586
137,587
137,588
137,589
137,590
137,649
137,650
137,651
137,652
137,653
137,654
137,655
137,656
137,657
137,658
137,659
137,660
137,661
137,662
137,663
137,664
137,665
137,666
137,667
137,668
137,669
137,670
137,671
137,672
137,673
137,674
137,675
137,676
137,677
137,678
137,679
137,680
137,681
137,682
137,683
138,390
138,391
138,392
138,393
138,394
138,395
138,396
138,397
138,398
138,399
138,400
138,401
138,402
138,403
138,404
138,405
138,406
138,407
138,408
138,409
138,410
138,411
138,412
138,413
138,414
138,415
138,416
138,417
138,418
138,419
138,420
138,421
138,422
138,423
138,424
138,425
138,426
138,427
138,428
138,429
138,439
138,440
138,441
138,442
138,443
138,444
138,445
138,446
138,447
138,448
138,449
138,464
138,510
138,511
138,512
138,513
138,514
138,515
138,516
138,517
138,518
138,519
138,520
138,521
138,522
138,523
138,524
138,525
138,526
138,527
138,528
138,529
138,530
138,531
138,532
138,533
138,534
138,535
138,536
138,537
138,538
138,539
138,540
138,541
138,542
138,543
138,544
138,545
138,546
138,547
138,548
138,549
138,550
138,551
138,552
138,553
138,554
138,555
138,556
138,557
138,558
138,559
138,560
138,561
138,562
138,563
138,564
138,565
138,566
138,567
138,568
138,569
138,570
138,571
138,572
138,573
138,574
138,575
138,576
138,577
138,578
138,579
138,580
138,581
138,582
138,583
138,584
138,585
138,586
138,587
138,588
138,589
138,590
138,652
138,653
138,654
138,655
138,656
138,657
138,658
138,659
138,660
138,661
138,662
138,663
138,664
138,665
138,666
138,667
138,668
138,669
138,670
138,671
138,672
138,673
138,674
138,675
138,676
138,677
138,678
138,679
138,680
138,681
138,682
138,683
139,391
139,392
139,393
139,394
139,395
139,396
139,397
139,398
139,399
139,400
139,401
139,402
139,403
139,404
139,405
139,406
139,407
139,408
139,409
139,410
139,411
139,412
139,413
139,414
139,415
139,416
139,417
139,418
139,419
139,420
139,421
139,422
139,423
139,424
139,425
139,426
139,427
139,428
139,439
139,440
139,441
139,442
139,443
139,444
139,445
139,446
139,447
139,448
139,510
139,511
139,512
139,513
139,514
139,515
139,516
139,517
139,518
139,519
139,520
139,521
139,522
139,523
139,524
139,525
139,526
139,527
139,528
139,529
139,530
139,531
139,532
139,533
139,534
139,535
139,536
139,537
139,538
139,539
139,540
139,541
139,542
139,543
139,544
139,545
139,546
139,547
139,548
139,549
139,550
139,551
139,552
139,553
139,554
139,555
139,556
139,557
139,558
139,559
139,560
139,561
139,562
139,563
139,564
139,565
139,566
139,567
139,568
139,569
139,570
139,571
139,572
139,573
139,574
139,575
139,576
139,577
139,578
139,579
139,580
139,581
139,582
139,583
139,584
139,585
139,586
139,587
139,588
139,589
139,653
139,654
139,655
139,656
139,657
139,658
139,659
139,660
139,661
139,662
139,663
139,664
139,665
139,666
139,667
139,668
139,669
139,670
139,671
139,672
139,673
139,674
139,675
139,676
139,677
139,678
139,679
139,680
139,681
139,682
139,683
140,392
140,393
140,394
140,395
140,396
140,397
140,398
140,399
140,400
140,401
140,402
140,403
140,404
140,405
140,406
140,407
140,408
140,409
140,410
140,411
140,412
140,413
140,414
140,415
140,416
140,417
140,419
140,420
140,421
140,422
140,423
140,424
140,425
140,426
140,427
140,442
140,443
140,444
140,445
140,446
140,447
140,448
140,510
140,511
140,512
140,513
140,514
140,515
140,516
140,517
140,518
140,519
140,520
140,521
140,522
140,523
140,524
140,525
140,526
140,527
140,528
140,529
140,530
140,531
140,532
140,533
140,534
140,535
140,536
140,537
140,538
140,539
140,540
140,541
140,542
140,543
140,544
140,545
140,546
140,547
140,548
140,549
140,550
140,551
140,552
140,553
140,554
140,555
140,556
140,557
140,558
140,559
140,560
140,561
140,562
140,563
140,564
140,565
140,566
140,567
140,568
140,569
140,570
140,571
140,572
140,573
140,574
140,575
140,576
140,577
140,578
140,579
140,580
140,581
140,582
140,583
140,584
140,585
140,586
140,587
140,588
140,589
140,652
140,653
140,654
140,655
140,656
140,657
140,658
140,659
140,660
140,661
140,662
140,663
140,664
140,665
140,666
140,667
140,668
140,669
140,670
140,671
140,672
140,673
140,674
140,675
140,676
140,677
140,678
140,679
140,680
140,681
140,682
141,394
141,395
141,396
141,397
141,398
141,399
141,400
141,401
141,402
141,403
141,404
141,405
141,406
141,407
141,408
141,409
141,410
141,411
141,412
141,413
141,414
141,415
141,416
141,420
141,421
141,422
141,423
141,424
141,425
141,426
141,446
141,447
141,448
141,510
141,511
141,512
141,513
141,514
141,515
141,516
141,517
141,518
141,519
141,520
141,521
141,522
141,523
141,524
141,525
141,526
141,527
141,528
141,529
141,530
141,531
141,532
141,533
141,534
141,535
141,536
141,537
141,538
141,539
141,540
141,541
141,542
141,543
141,544
141,545
141,546
141,547
141,548
141,549
141,550
141,551
141,552
141,555
141,556
141,557
141,558
141,559
141,560
141,561
141,562
141,563
141,564
141,565
141,566
141,567
141,568
141,569
141,570
141,571
141,572
141,573
141,574
141,575
141,576
141,577
141,578
141,579
141,580
141,581
141,582
141,583
141,584
141,585
141,586
141,587
141,588
141,652
141,653
141,654
141,655
141,656
141,657
141,658
141,659
141,660
141,661
141,662
141,663
141,664
141,665
141,666
141,667
141,668
141,669
141,670
141,671
141,672
141,673
141,674
141,675
141,676
141,677
141,678
141,679
141,680
141,681
141,682
142,395
142,396
142,397
142,398
142,399
142,400
142,401
142,402
142,403
142,404
142,405
142,406
142,407
142,408
142,409
142,410
142,411
142,412
142,413
142,414
142,415
142,416
142,421
142,422
142,423
142,424
142,425
142,510
142,511
142,512
142,513
142,514
142,515
142,516
142,517
142,518
142,519
142,520
142,521
142,522
142,523
142,524
142,525
142,526
142,527
142,528
142,529
142,530
142,531
142,532
142,533
142,534
142,535
142,536
142,537
142,538
142,539
142,540
142,541
142,542
142,543
142,544
142,545
142,546
142,547
142,548
142,549
142,550
142,551
142,558
142,559
142,560
142,561
142,562
142,563
142,564
142,565
142,566
142,567
142,568
142,569
142,570
142,571
142,572
142,573
142,574
142,575
142,576
142,577
142,578
142,579
142,580
142,581
142,582
142,583
142,584
142,585
142,586
142,587
142,588
142,651
142,652
142,653
142,654
142,655
142,656
142,657
142,658
142,659
142,660
142,661
142,662
142,663
142,664
142,665
142,666
142,667
142,668
142,669
142,670
142,671
142,672
142,673
142,674
142,675
142,676
142,677
142,678
142,679
142,680
142,681
142,682
143,396
143,397
143,398
143,399
143,400
143,401
143,402
143,403
143,404
143,405
143,406
143,407
143,408
143,409
143,410
143,411
143,412
143,413
143,414
143,415
143,422
143,423
143,424
143,510
143,511
143,512
143,513
143,514
143,515
143,516
143,517
143,518
143,519
143,520
143,521
143,522
143,523
143,524
143,525
143,526
143,527
143,528
143,529
143,530
143,531
143,532
143,533
143,534
143,535
143,536
143,537
143,538
143,539
143,540
143,541
143,542
143,543
143,544
143,545
143,546
143,547
143,548
143,549
143,550
143,551
143,562
143,563
143,564
143,565
143,566
143,567
143,568
143,569
143,570
143,571
143,572
143,573
143,574
143,575
143,576
143,577
143,578
143,579
143,580
143,581
143,582
143,583
143,584
143,585
143,586
143,587
143,588
143,651
143,652
143,653
143,654
143,655
143,656
143,657
143,658
143,659
143,660
143,661
143,662
143,663
143,664
143,665
143,666
143,667
143,668
143,669
143,670
143,671
143,672
143,673
143,674
143,675
143,676
143,677
143,678
143,679
143,680
143,681
143,682
144,397
144,398
144,399
144,400
144,401
144,402
144,403
144,404
144,405
144,406
144,407
144,408
144,409
144,410
144,411
144,412
144,413
144,414
144,423
144,511
144,512
144,513
144,514
144,515
144,516
144,517
144,518
144,519
144,520
144,521
144,522
144,523
144,524
144,525
144,526
144,527
144,528
144,529
144,530
144,531
144,532
144,533
144,534
144,535
144,536
144,537
144,538
144,539
144,540
144,541
144,542
144,543
144,544
144,545
144,546
144,547
144,548
144,549
144,550
144,565
144,566
144,567
144,568
144,569
144,570
144,571
144,572
144,573
144,574
144,575
144,576
144,577
144,578
144,579
144,580
144,581
144,582
144,583
144,584
144,585
144,586
144,587
144,651
144,652
144,653
144,654
144,655
144,656
144,657
144,658
144,659
144,660
144,661
144,662
144,663
144,664
144,665
144,666
144,667
144,668
144,669
144,670
144,671
144,672
144,673
144,674
144,675
144,676
144,677
144,678
144,679
144,680
144,681
145,399
145,400
145,401
145,402
145,403
145,404
145,405
145,406
145,407
145,408
145,409
145,410
145,411
145,412
145,413
145,511
145,512
145,513
145,514
145,515
145,516
145,517
145,518
145,519
145,520
145,521
145,522
145,523
145,524
145,525
145,526
145,527
145,528
145,529
145,530
145,531
145,532
145,533
145,534
145,535
145,536
145,537
145,538
145,539
145,540
145,541
145,542
145,543
145,544
145,545
145,546
145,547
145,548
145,549
145,568
145,569
145,570
145,571
145,572
145,573
145,574
145,575
145,576
145,577
145,578
145,579
145,580
145,581
145,582
145,583
145,584
145,585
145,586
145,587
145,650
145,651
145,652
145,653
145,654
145,655
145,656
145,657
145,658
145,659
145,660
145,661
145,662
145,663
145,664
145,665
145,666
145,667
145,668
145,669
145,670
145,671
145,672
145,673
145,674
145,675
145,676
145,677
145,678
145,679
145,680
145,681
146,400
146,401
146,402
146,403
146,404
146,405
146,406
146,407
146,408
146,409
146,410
146,411
146,412
146,413
146,511
146,512
146,513
146,514
146,515
146,516
146,517
146,518
146,519
146,520
146,521
146,522
146,523
146,524
146,525
146,526
146,527
146,528
146,529
146,530
146,531
146,532
146,533
146,534
146,535
146,536
146,537
146,538
146,539
146,540
146,541
146,542
146,543
146,544
146,545
146,546
146,547
146,548
146,571
146,572
146,573
146,574
146,575
146,576
146,577
146,578
146,579
146,580
146,581
146,582
146,583
146,584
146,585
146,586
146,587
146,650
146,651
146,652
146,653
146,654
146,655
146,656
146,657
146,658
146,659
146,660
146,661
146,662
146,663
146,664
146,665
146,666
146,667
146,668
146,669
146,670
146,671
146,672
146,673
146,674
146,675
146,676
146,677
146,678
146,679
146,680
146,681
147,401
147,402
147,403
147,404
147,405
147,406
147,407
147,408
147,409
147,410
147,411
147,412
147,511
147,512
147,513
147,514
147,515
147,516
147,517
147,518
147,519
147,520
147,521
147,522
147,523
147,524
147,525
147,526
147,527
147,528
147,529
147,530
147,531
147,532
147,533
147,534
147,535
147,536
147,537
147,538
147,539
147,540
147,541
147,542
147,543
147,544
147,545
147,546
147,547
147,574
147,575
147,576
147,577
147,578
147,579
147,580
147,581
147,582
147,583
147,584
147,585
147,586
147,650
147,651
147,652
147,653
147,654
147,655
147,656
147,657
147,658
147,659
147,660
147,661
147,662
147,663
147,664
147,665
147,666
147,667
147,668
147,669
147,670
147,671
147,672
147,673
147,674
147,675
147,676
147,677
147,678
147,679
147,680
148,403
148,404
148,405
148,406
148,407
148,408
148,409
148,410
148,411
148,511
148,512
148,513
148,514
148,515
148,516
148,517
148,518
148,519
148,520
148,521
148,522
148,523
148,524
148,525
148,526
148,527
148,528
148,529
148,530
148,531
148,532
148,533
148,534
148,535
148,536
148,537
148,538
148,539
148,540
148,541
148,542
148,543
148,544
148,545
148,546
148,547
148,578
148,579
148,580
148,581
148,582
148,583
148,584
148,585
148,586
148,649
148,650
148,651
148,652
148,653
148,654
148,655
148,656
148,657
148,658
148,659
148,660
148,661
148,662
148,663
148,664
148,665
148,666
148,667
148,668
148,669
148,670
148,671
148,672
148,673
148,674
148,675
148,676
148,677
148,678
148,679
148,680
149,404
149,405
149,406
149,407
149,408
149,409
149,410
149,511
149,512
149,513
149,514
149,515
149,516
149,517
149,518
149,519
149,520
149,521
149,522
149,523
149,524
149,525
149,526
149,527
149,528
149,529
149,530
149,531
149,532
149,533
149,534
149,535
149,536
149,537
149,538
149,539
149,540
149,541
149,542
149,543
149,544
149,545
149,546
149,581
149,582
149,583
149,584
149,585
149,649
149,650
149,651
149,652
149,653
149,654
149,655
149,656
149,657
149,658
149,659
149,660
149,661
149,662
149,663
149,664
149,665
149,666
149,667
149,668
149,669
149,670
149,671
149,672
149,673
149,674
149,675
149,676
149,677
149,678
149,679
149,680
150,405
150,406
150,407
150,408
150,409
150,410
150,511
150,512
150,513
150,514
150,515
150,516
150,517
150,518
150,519
150,520
150,521
150,522
150,523
150,524
150,525
150,526
150,527
150,528
150,529
150,530
150,531
150,532
150,533
150,534
150,535
150,536
150,537
150,538
150,539
150,540
150,541
150,542
150,543
150,544
150,545
150,584
150,585
150,648
150,649
150,650
150,651
150,652
150,653
150,654
150,655
150,656
150,657
150,658
150,659
150,660
150,661
150,662
150,663
150,664
150,665
150,666
150,667
150,668
150,669
150,670
150,671
150,672
150,673
150,674
150,675
150,676
150,677
150,678
150,679
151,407
151,408
151,409
151,511
151,512
151,513
151,514
151,515
151,516
151,517
151,518
151,519
151,520
151,521
151,522
151,523
151,524
151,525
151,526
151,527
151,528
151,529
151,530
151,531
151,532
151,533
151,534
151,535
151,536
151,537
151,538
151,539
151,540
151,541
151,542
151,543
151,544
151,545
151,648
151,649
151,650
151,651
151,652
151,653
151,654
151,655
151,656
151,657
151,658
151,659
151,660
151,661
151,662
151,663
151,664
151,665
151,666
151,667
151,668
151,669
151,670
151,671
151,672
151,673
151,674
151,675
151,676
151,677
151,678
151,679
152,408
152,511
152,512
152,513
152,514
152,515
152,516
152,517
152,518
152,519
152,520
152,521
152,522
152,523
152,524
152,525
152,526
152,527
152,528
152,529
152,530
152,531
152,532
152,533
152,534
152,535
152,536
152,537
152,538
152,539
152,540
152,541
152,542
152,543
152,544
152,545
152,648
152,649
152,650
152,651
152,652
152,653
152,654
152,655
152,656
152,657
152,658
152,659
152,660
152,661
152,662
152,663
152,664
152,665
152,666
152,667
152,668
152,669
152,670
152,671
152,672
152,673
152,674
152,675
152,676
152,677
152,678
152,679
153,511
153,512
153,513
153,514
153,515
153,516
153,517
153,518
153,519
153,520
153,521
153,522
153,523
153,524
153,525
153,526
153,527
153,528
153,529
153,530
153,531
153,532
153,533
153,534
153,535
153,536
153,537
153,538
153,539
153,540
153,541
153,542
153,543
153,544
153,545
153,647
153,648
153,649
153,650
153,651
153,652
153,653
153,654
153,655
153,656
153,657
153,658
153,659
153,660
153,661
153,662
153,663
153,664
153,665
153,666
153,667
153,668
153,669
153,670
153,671
153,672
153,673
153,674
153,675
153,676
153,677
153,678
153,679
154,511
154,512
154,513
154,514
154,515
154,516
154,517
154,518
154,519
154,520
154,521
154,522
154,523
154,524
154,525
154,526
154,527
154,528
154,529
154,530
154,531
154,532
154,533
154,534
154,535
154,536
154,537
154,538
154,539
154,540
154,541
154,542
154,543
154,544
154,545
154,647
154,648
154,649
154,650
154,651
154,652
154,653
154,654
154,655
154,656
154,657
154,658
154,659
154,660
154,661
154,662
154,663
154,664
154,665
154,666
154,667
154,668
154,669
154,670
154,671
154,672
154,673
154,674
154,675
154,676
154,677
154,678
155,511
155,512
155,513
155,514
155,515
155,516
155,517
155,518
155,519
155,520
155,521
155,522
155,523
155,524
155,525
155,526
155,527
155,528
155,529
155,530
155,531
155,532
155,533
155,534
155,535
155,536
155,537
155,538
155,539
155,540
155,541
155,542
155,543
155,544
155,545
155,646
155,647
155,648
155,649
155,650
155,651
155,652
155,653
155,654
155,655
155,656
155,657
155,658
155,659
155,660
155,661
155,662
155,663
155,664
155,665
155,666
155,667
155,668
155,669
155,670
155,671
155,672
155,673
155,674
155,675
155,676
155,677
155,678
156,511
156,512
156,513
156,514
156,515
156,516
156,517
156,518
156,519
156,520
156,521
156,522
156,523
156,524
156,525
156,526
156,527
156,528
156,529
156,530
156,531
156,532
156,533
156,534
156,535
156,536
156,537
156,538
156,539
156,540
156,541
156,542
156,543
156,544
156,545
156,646
156,647
156,648
156,649
156,650
156,651
156,652
156,653
156,654
156,655
156,656
156,657
156,658
156,659
156,660
156,661
156,662
156,663
156,664
156,665
156,666
156,667
156,668
156,669
156,670
156,671
156,672
156,673
156,674
156,675
156,676
156,677
156,678
157,180
157,181
157,182
157,511
157,512
157,513
157,514
157,515
157,516
157,517
157,518
157,519
157,520
157,521
157,522
157,523
157,524
157,525
157,526
157,527
157,528
157,529
157,530
157,531
157,532
157,533
157,534
157,535
157,536
157,537
157,538
157,539
157,540
157,541
157,542
157,543
157,544
157,545
157,646
157,647
157,648
157,649
157,650
157,651
157,652
157,653
157,654
157,655
157,656
157,657
157,658
157,659
157,660
157,661
157,662
157,663
157,664
157,665
157,666
157,667
157,668
157,669
157,670
157,671
157,672
157,673
157,674
157,675
157,676
157,677
158,180
158,181
158,182
158,183
158,184
158,185
158,186
158,187
158,511
158,512
158,513
158,514
158,515
158,516
158,517
158,518
158,519
158,520
158,521
158,522
158,523
158,524
158,525
158,526
158,527
158,528
158,529
158,530
158,531
158,532
158,533
158,534
158,535
158,536
158,537
158,538
158,539
158,540
158,541
158,542
158,543
158,544
158,545
158,645
158,646
158,647
158,648
158,649
158,650
158,651
158,652
158,653
158,654
158,655
158,656
158,657
158,658
158,659
158,660
158,661
158,662
158,663
158,664
158,665
158,666
158,667
158,668
158,669
158,670
158,671
158,672
158,673
158,674
158,675
158,676
158,677
159,180
159,181
159,182
159,183
159,184
159,185
159,186
159,187
159,188
159,189
159,190
159,191
159,192
159,193
159,511
159,512
159,513
159,514
159,515
159,516
159,517
159,518
159,519
159,520
159,521
159,522
159,523
159,524
159,525
159,526
159,527
159,528
159,529
159,530
159,531
159,532
159,533
159,534
159,535
159,536
159,537
159,538
159,539
159,540
159,541
159,542
159,543
159,544
159,545
159,645
159,646
159,647
159,648
159,649
159,650
159,651
159,652
159,653
159,654
159,655
159,656
159,657
159,658
159,659
159,660
159,661
159,662
159,663
159,664
159,665
159,666
159,667
159,668
159,669
159,670
159,671
159,672
159,673
159,674
159,675
159,676
159,677
160,179
160,180
160,181
160,182
160,183
160,184
160,185
160,186
160,187
160,188
160,189
160,190
160,191
160,192
160,193
160,194
160,195
160,196
160,197
160,198
160,511
160,512
160,513
160,514
160,515
160,516
160,517
160,518
160,519
160,520
160,521
160,522
160,523
160,524
160,525
160,526
160,527
160,528
160,529
160,530
160,531
160,532
160,533
160,534
160,535
160,536
160,537
160,538
160,539
160,540
160,541
160,542
160,543
160,544
160,545
160,645
160,646
160,647
160,648
160,649
160,650
160,651
160,652
160,653
160,654
160,655
160,656
160,657
160,658
160,659
160,660
160,661
160,662
160,663
160,664
160,665
160,666
160,667
160,668
160,669
160,670
160,671
160,672
160,673
160,674
160,675
160,676
161,179
161,180
161,181
161,182
161,183
161,184
161,185
161,186
161,187
161,188
161,189
161,190
161,191
161,192
161,193
161,194
161,195
161,196
161,197
161,198
161,199
161,200
161,201
161,202
161,203
161,511
161,512
161,513
161,514
161,515
161,516
161,517
161,518
161,519
161,520
161,521
161,522
161,523
161,524
161,525
161,526
161,527
161,528
161,529
161,530
161,531
161,532
161,533
161,534
161,535
161,536
161,537
161,538
161,539
161,540
161,541
161,542
161,543
161,544
161,545
161,644
161,645
161,646
161,647
161,648
161,649
161,650
161,651
161,652
161,653
161,654
161,655
161,656
161,657
161,658
161,659
161,660
161,661
161,662
161,663
161,664
161,665
161,666
161,667
161,668
161,669
161,670
161,671
161,672
161,673
161,674
161,675
161,676
162,179
162,180
162,181
162,182
162,183
162,184
162,185
162,186
162,187
162,188
162,189
162,190
162,191
162,192
162,193
162,194
162,195
162,196
162,197
162,198
162,199
162,200
162,201
162,202
162,203
162,204
162,205
162,206
162,207
162,208
162,209
162,511
162,512
162,513
162,514
162,515
162,516
162,517
162,518
162,519
162,520
162,521
162,522
162,523
162,524
162,525
162,526
162,527
162,528
162,529
162,530
162,531
162,532
162,533
162,534
162,535
162,536
162,537
162,538
162,539
162,540
162,541
162,542
162,543
162,544
162,545
162,546
162,644
162,645
162,646
162,647
162,648
162,649
162,650
162,651
162,652
162,653
162,654
162,655
162,656
162,657
162,658
162,659
162,660
162,661
162,662
162,663
162,664
162,665
162,666
162,667
162,668
162,669
162,670
162,671
162,672
162,673
162,674
162,675
162,676
163,179
163,180
163,181
163,182
163,183
163,184
163,185
163,186
163,187
163,188
163,189
163,190
163,191
163,192
163,193
163,194
163,195
163,196
163,197
163,198
163,199
163,200
163,201
163,202
163,203
163,204
163,205
163,206
163,207
163,208
163,209
163,210
163,211
163,212
163,213
163,214
163,511
163,512
163,513
163,514
163,515
163,516
163,517
163,518
163,519
163,520
163,521
163,522
163,523
163,524
163,525
163,526
163,527
163,528
163,529
163,530
163,531
163,532
163,533
163,534
163,535
163,536
163,537
163,538
163,539
163,540
163,541
163,542
163,543
163,544
163,545
163,546
163,643
163,644
163,645
163,646
163,647
163,648
163,649
163,650
163,651
163,652
163,653
163,654
163,655
163,656
163,657
163,658
163,659
163,660
163,661
163,662
163,663
163,664
163,665
163,666
163,667
163,668
163,669
163,670
163,671
163,672
163,673
163,674
163,675
163,676
164,179
164,180
164,181
164,182
164,183
164,184
164,185
164,186
164,187
164,188
164,189
164,190
164,191
164,192
164,193
164,194
164,195
164,196
164,197
164,198
164,199
164,200
164,201
164,202
164,203
164,204
164,205
164,206
164,207
164,208
164,209
164,210
164,211
164,212
164,213
164,214
164,215
164,216
164,217
164,218
164,219
164,511
164,512
164,513
164,514
164,515
164,516
164,517
164,518
164,519
164,520
164,521
164,522
164,523
164,524
164,525
164,526
164,527
164,528
164,529
164,530
164,531
164,532
164,533
164,534
164,535
164,536
164,537
164,538
164,539
164,540
164,541
164,542
164,543
164,544
164,545
164,546
164,643
164,644
164,645
164,646
164,647
164,648
164,649
164,650
164,651
164,652
164,653
164,654
164,655
164,656
164,657
164,658
164,659
164,660
164,661
164,662
164,663
164,664
164,665
164,666
164,667
164,668
164,669
164,670
164,671
164,672
164,673
164,674
164,675
165,178
165,179
165,180
165,181
165,182
165,183
165,184
165,185
165,186
165,187
165,188
165,189
165,190
165,191
165,192
165,193
165,194
165,195
165,196
165,197
165,198
165,199
165,200
165,201
165,202
165,203
165,204
165,205
165,206
165,207
165,208
165,209
165,210
165,211
165,212
165,213
165,214
165,215
165,216
165,217
165,218
165,219
165,220
165,221
165,222
165,223
165,224
165,225
165,512
165,513
165,514
165,515
165,516
165,517
165,518
165,519
165,520
165,521
165,522
165,523
165,524
165,525
165,526
165,527
165,528
165,529
165,530
165,531
165,532
165,533
165,534
165,535
165,536
165,537
165,538
165,539
165,540
165,541
165,542
165,543
165,544
165,545
165,546
165,642
165,643
165,644
165,645
165,646
165,647
165,648
165,649
165,650
165,651
165,652
165,653
165,654
165,655
165,656
165,657
165,658
165,659
165,660
165,661
165,662
165,663
165,664
165,665
165,666
165,667
165,668
165,669
165,670
165,671
165,672
165,673
165,674
165,675
166,178
166,179
166,180
166,181
166,182
166,183
166,184
166,185
166,186
166,187
166,188
166,189
166,190
166,191
166,192
166,193
166,194
166,195
166,196
166,197
166,198
166,199
166,200
166,201
166,202
166,203
166,204
166,205
166,206
166,207
166,208
166,209
166,210
166,211
166,212
166,213
166,214
166,215
166,216
166,217
166,218
166,219
166,220
166,221
166,222
166,223
166,224
166,225
166,226
166,227
166,228
166,229
166,230
166,512
166,513
166,514
166,515
166,516
166,517
166,518
166,519
166,520
166,521
166,522
166,523
166,524
166,525
166,526
166,527
166,528
166,529
166,530
166,531
166,532
166,533
166,534
166,535
166,536
166,537
166,538
166,539
166,540
166,541
166,542
166,543
166,544
166,545
166,546
166,641
166,642
166,643
166,644
166,645
166,646
166,647
166,648
166,649
166,650
166,651
166,652
166,653
166,654
166,655
166,656
166,657
166,658
166,659
166,660
166,661
166,662
166,663
166,664
166,665
166,666
166,667
166,668
166,669
166,670
166,671
166,672
166,673
166,674
166,675
167,178
167,179
167,180
167,181
167,182
167,183
167,184
167,185
167,186
167,187
167,188
167,189
167,190
167,191
167,192
167,193
167,194
167,195
167,196
167,197
167,198
167,199
167,200
167,201
167,202
167,203
167,204
167,205
167,206
167,207
167,208
167,209
167,210
167,211
167,212
167,213
167,214
167,215
167,216
167,217
167,218
167,219
167,220
167,221
167,222
167,223
167,224
167,225
167,226
167,227
167,228
167,229
167,230
167,231
167,232
167,233
167,512
167,513
167,514
167,515
167,516
167,517
167,518
167,519
167,520
167,521
167,522
167,523
167,524
167,525
167,526
167,527
167,528
167,529
167,530
167,531
167,532
167,533
167,534
167,535
167,536
167,537
167,538
167,539
167,540
167,541
167,542
167,543
167,544
167,545
167,546
167,640
167,641
167,642
167,643
167,644
167,645
167,646
167,647
167,648
167,649
167,650
167,651
167,652
167,653
167,654
167,655
167,656
167,657
167,658
167,659
167,660
167,661
167,662
167,663
167,664
167,665
167,666
167,667
167,668
167,669
167,670
167,671
167,672
167,673
167,674
168,178
168,179
168,180
168,181
168,182
168,183
168,184
168,185
168,186
168,187
168,188
168,189
168,190
168,191
168,192
168,193
168,194
168,195
168,196
168,197
168,198
168,199
168,200
168,201
168,202
168,203
168,204
168,205
168,206
168,207
168,208
168,209
168,210
168,211
168,212
168,213
168,214
168,215
168,216
168,217
168,218
168,219
168,220
168,221
168,222
168,223
168,224
168,225
168,226
168,227
168,228
168,229
168,230
168,231
168,232
168,233
168,512
168,513
168,514
168,515
168,516
168,517
168,518
168,519
168,520
168,521
168,522
168,523
168,524
168,525
168,526
168,527
168,528
168,529
168,530
168,531
168,532
168,533
168,534
168,535
168,536
168,537
168,538
168,539
168,540
168,541
168,542
168,543
168,544
168,545
168,546
168,639
168,640
168,641
168,642
168,643
168,644
168,645
168,646
168,647
168,648
168,649
168,650
168,651
168,652
168,653
168,654
168,655
168,656
168,657
168,658
168,659
168,660
168,661
168,662
168,663
168,664
168,665
168,666
168,667
168,668
168,669
168,670
168,671
168,672
168,673
168,674
169,177
169,178
169,179
169,180
169,181
169,182
169,183
169,184
169,185
169,186
169,187
169,188
169,189
169,190
169,191
169,192
169,193
169,194
169,195
169,196
169,197
169,198
169,199
169,200
169,201
169,202
169,203
169,204
169,205
169,206
169,207
169,208
169,209
169,210
169,211
169,212
169,213
169,214
169,215
169,216
169,217
169,218
169,219
169,220
169,221
169,222
169,223
169,224
169,225
169,226
169,227
169,228
169,229
169,230
169,231
169,232
169,233
169,512
169,513
169,514
169,515
169,516
169,517
169,518
169,519
169,520
169,521
169,522
169,523
169,524
169,525
169,526
169,527
169,528
169,529
169,530
169,531
169,532
169,533
169,534
169,535
169,536
169,537
169,538
169,539
169,540
169,541
169,542
169,543
169,544
169,545
169,546
169,639
169,640
169,641
169,642
169,643
169,644
169,645
169,646
169,647
169,648
169,649
169,650
169,651
169,652
169,653
169,654
169,655
169,656
169,657
169,658
169,659
169,660
169,661
169,662
169,663
169,664
169,665
169,666
169,667
169,668
169,669
169,670
169,671
169,672
169,673
169,674
170,177
170,178
170,179
170,180
170,181
170,182
170,183
170,184
170,185
170,186
170,187
170,188
170,189
170,190
170,191
170,192
170,193
170,194
170,195
170,196
170,197
170,198
170,199
170,200
170,201
170,202
170,203
170,204
170,205
170,206
170,207
170,208
170,209
170,210
170,211
170,212
170,213
170,214
170,215
170,216
170,217
170,218
170,219
170,220
170,221
170,222
170,223
170,224
170,225
170,226
170,227
170,228
170,229
170,230
170,231
170,232
170,512
170,513
170,514
170,515
170,516
170,517
170,518
170,519
170,520
170,521
170,522
170,523
170,524
170,525
170,526
170,527
170,528
170,529
170,530
170,531
170,532
170,533
170,534
170,535
170,536
170,537
170,538
170,539
170,540
170,541
170,542
170,543
170,544
170,545
170,546
170,638
170,639
170,640
170,641
170,642
170,643
170,644
170,645
170,646
170,647
170,648
170,649
170,650
170,651
170,652
170,653
170,654
170,655
170,656
170,657
170,658
170,659
170,660
170,661
170,662
170,663
170,664
170,665
170,666
170,667
170,668
170,669
170,670
170,671
170,672
170,673
171,177
171,178
171,179
171,180
171,181
171,182
171,183
171,184
171,185
171,186
171,187
171,188
171,189
171,190
171,191
171,192
171,193
171,194
171,195
171,196
171,197
171,198
171,199
171,200
171,201
171,202
171,203
171,204
171,205
171,206
171,207
171,208
171,209
171,210
171,211
171,212
171,213
171,214
171,215
171,216
171,217
171,218
171,219
171,220
171,221
171,222
171,223
171,224
171,225
171,226
171,227
171,228
171,229
171,230
171,231
171,232
171,512
171,513
171,514
171,515
171,516
171,517
171,518
171,519
171,520
171,521
171,522
171,523
171,524
171,525
171,526
171,527
171,528
171,529
171,530
171,531
171,532
171,533
171,534
171,535
171,536
171,537
171,538
171,539
171,540
171,541
171,542
171,543
171,544
171,545
171,546
171,637
171,638
171,639
171,640
171,641
171,642
171,643
171,644
171,645
171,646
171,647
171,648
171,649
171,650
171,651
171,652
171,653
171,654
171,655
171,656
171,657
171,658
171,659
171,660
171,661
171,662
171,663
171,664
171,665
171,666
171,667
171,668
171,669
171,670
171,671
171,672
171,673
172,177
172,178
172,179
172,180
172,181
172,182
172,183
172,184
172,185
172,186
172,187
172,188
172,189
172,190
172,191
172,192
172,193
172,194
172,195
172,196
172,197
172,198
172,199
172,200
172,201
172,202
172,203
172,204
172,205
172,206
172,207
172,208
172,209
172,210
172,211
172,212
172,213
172,214
172,215
172,216
172,217
172,218
172,219
172,220
172,221
172,222
172,223
172,224
172,225
172,226
172,227
172,228
172,229
172,230
172,231
172,232
172,512
172,513
172,514
172,515
172,516
172,517
172,518
172,519
172,520
172,521
172,522
172,523
172,524
172,525
172,526
172,527
172,528
172,529
172,530
172,531
172,532
172,533
172,534
172,535
172,536
172,537
172,538
172,539
172,540
172,541
172,542
172,543
172,544
172,545
172,546
172,636
172,637
172,638
172,639
172,640
172,641
172,642
172,643
172,644
172,645
172,646
172,647
172,648
172,649
172,650
172,651
172,652
172,653
172,654
172,655
172,656
172,657
172,658
172,659
172,660
172,661
172,662
172,663
172,664
172,665
172,666
172,667
172,668
172,669
172,670
172,671
172,672
172,673
173,177
173,178
173,179
173,180
173,181
173,182
173,183
173,184
173,185
173,186
173,187
173,188
173,189
173,190
173,191
173,192
173,193
173,194
173,195
173,196
173,197
173,198
173,199
173,200
173,201
173,202
173,203
173,204
173,205
173,206
173,207
173,208
173,209
173,210
173,211
173,212
173,213
173,214
173,215
173,216
173,217
173,218
173,219
173,220
173,221
173,222
173,223
173,224
173,225
173,226
173,227
173,228
173,229
173,230
173,231
173,232
173,512
173,513
173,514
173,515
173,516
173,517
173,518
173,519
173,520
173,521
173,522
173,523
173,524
173,525
173,526
173,527
173,528
173,529
173,530
173,531
173,532
173,533
173,534
173,535
173,536
173,537
173,538
173,539
173,540
173,541
173,542
173,543
173,544
173,545
173,546
173,635
173,636
173,637
173,638
173,639
173,640
173,641
173,642
173,643
173,644
173,645
173,646
173,647
173,648
173,649
173,650
173,651
173,652
173,653
173,654
173,662
173,663
173,664
173,665
173,666
173,667
173,668
173,669
173,670
173,671
173,672
173,673
174,176
174,177
174,178
174,179
174,180
174,181
174,182
174,183
174,184
174,185
174,186
174,187
174,188
174,189
174,190
174,191
174,192
174,193
174,194
174,195
174,196
174,197
174,198
174,199
174,200
174,201
174,202
174,203
174,204
174,205
174,206
174,207
174,208
174,209
174,210
174,211
174,212
174,213
174,214
174,215
174,216
174,217
174,218
174,219
174,220
174,221
174,222
174,223
174,224
174,225
174,226
174,227
174,228
174,229
174,230
174,231
174,232
174,259
174,260
174,261
174,512
174,513
174,514
174,515
174,516
174,517
174,518
174,519
174,520
174,521
174,522
174,523
174,524
174,525
174,526
174,527
174,528
174,529
174,530
174,531
174,532
174,533
174,534
174,535
174,536
174,537
174,634
174,635
174,636
174,637
174,638
174,639
174,640
174,641
174,642
174,643
174,644
174,645
174,646
174,647
174,648
174,649
174,666
174,667
174,668
174,669
174,670
174,671
174,672
175,176
175,177
175,178
175,179
175,180
175,181
175,182
175,183
175,184
175,185
175,186
175,187
175,188
175,189
175,190
175,191
175,192
175,193
175,194
175,195
175,196
175,197
175,198
175,199
175,200
175,201
175,202
175,203
175,204
175,205
175,206
175,207
175,208
175,209
175,210
175,211
175,212
175,213
175,214
175,215
175,216
175,217
175,218
175,219
175,220
175,221
175,222
175,223
175,224
175,225
175,226
175,227
175,228
175,229
175,230
175,231
175,259
175,260
175,261
175,262
175,263
175,264
175,265
175,266
175,512
175,513
175,514
175,515
175,516
175,517
175,518
175,519
175,520
175,633
175,634
175,635
175,636
175,637
175,638
175,639
175,640
175,641
175,642
175,643
175,644
175,645
175,646
175,647
175,648
175,649
175,670
175,671
175,672
176,176
176,177
176,178
176,179
176,180
176,181
176,182
176,183
176,184
176,185
176,186
176,187
176,188
176,189
176,190
176,191
176,192
176,193
176,194
176,195
176,196
176,197
176,198
176,199
176,200
176,201
176,202
176,203
176,204
176,205
176,206
176,207
176,208
176,209
176,210
176,211
176,212
176,213
176,214
176,215
176,216
176,217
176,218
176,219
176,220
176,221
176,222
176,223
176,224
176,225
176,226
176,227
176,228
176,229
176,230
176,231
176,259
176,260
176,261
176,262
176,263
176,264
176,265
176,266
176,267
176,268
176,269
176,270
176,271
176,272
176,632
176,633
176,634
176,635
176,636
176,637
176,638
176,639
176,640
176,641
176,642
176,643
176,644
176,645
176,646
176,647
176,648
177,176
177,177
177,178
177,179
177,180
177,181
177,182
177,183
177,184
177,185
177,186
177,187
177,188
177,189
177,190
177,191
177,192
177,193
177,194
177,195
177,196
177,197
177,198
177,199
177,200
177,201
177,202
177,203
177,204
177,205
177,206
177,207
177,208
177,209
177,210
177,211
177,212
177,213
177,214
177,215
177,216
177,217
177,218
177,219
177,220
177,221
177,222
177,223
177,224
177,225
177,226
177,227
177,228
177,229
177,230
177,231
177,258
177,259
177,260
177,261
177,262
177,263
177,264
177,265
177,266
177,267
177,268
177,269
177,270
177,271
177,272
177,273
177,274
177,275
177,276
177,277
177,631
177,632
177,633
177,634
177,635
177,636
177,637
177,638
177,639
177,640
177,641
177,642
177,643
177,644
177,645
177,646
177,647
177,648
178,176
178,177
178,178
178,179
178,180
178,181
178,182
178,183
178,184
178,185
178,186
178,187
178,188
178,189
178,190
178,191
178,192
178,193
178,194
178,195
178,196
178,197
178,198
178,199
178,200
178,201
178,202
178,203
178,204
178,205
178,206
178,207
178,208
178,209
178,210
178,211
178,212
178,213
178,214
178,215
178,216
178,217
178,218
178,219
178,220
178,221
178,222
178,223
178,224
178,225
178,226
178,227
178,228
178,229
178,230
178,231
178,258
178,259
178,260
178,261
178,262
178,263
178,264
178,265
178,266
178,267
178,268
178,269
178,270
178,271
178,272
178,273
178,274
178,275
178,276
178,277
178,278
178,279
178,280
178,281
178,282
178,630
178,631
178,632
178,633
178,634
178,635
178,636
178,637
178,638
178,639
178,640
178,641
178,642
178,643
178,644
178,645
178,646
178,647
179,175
179,176
179,177
179,178
179,179
179,180
179,181
179,182
179,183
179,184
179,185
179,186
179,187
179,188
179,189
179,190
179,191
179,192
179,193
179,194
179,195
179,196
179,197
179,198
179,199
179,200
179,201
179,202
179,203
179,204
179,205
179,206
179,207
179,208
179,209
179,210
179,211
179,212
179,213
179,214
179,215
179,216
179,217
179,218
179,219
179,220
179,221
179,222
179,223
179,224
179,225
179,226
179,227
179,228
179,229
179,230
179,231
179,258
179,259
179,260
179,261
179,262
179,263
179,264
179,265
179,266
179,267
179,268
179,269
179,270
179,271
179,272
179,273
179,274
179,275
179,276
179,277
179,278
179,279
179,280
179,281
179,282
179,283
179,284
179,285
179,286
179,287
179,288
179,630
179,631
179,632
179,633
179,634
179,635
179,636
179,637
179,638
179,639
179,640
179,641
179,642
179,643
179,644
179,645
179,646
179,647
180,175
180,176
180,177
180,178
180,179
180,180
180,181
180,182
180,183
180,184
180,185
180,186
180,187
180,188
180,189
180,190
180,191
180,192
180,193
180,194
180,195
180,196
180,197
180,198
180,199
180,200
180,201
180,202
180,203
180,204
180,205
180,206
180,207
180,208
180,209
180,210
180,211
180,212
180,213
180,214
180,215
180,216
180,217
180,218
180,219
180,220
180,221
180,222
180,223
180,224
180,225
180,226
180,227
180,228
180,229
180,230
180,258
180,259
180,260
180,261
180,262
180,263
180,264
180,265
180,266
180,267
180,268
180,269
180,270
180,271
180,272
180,273
180,274
180,275
180,276
180,277
180,278
180,279
180,280
180,281
180,282
180,283
180,284
180,285
180,286
180,287
180,288
180,289
180,290
180,291
180,292
180,293
180,629
180,630
180,631
180,632
180,633
180,634
180,635
180,636
180,637
180,638
180,639
180,640
180,641
180,642
180,643
180,644
180,645
180,646
181,175
181,176
181,177
181,178
181,179
181,180
181,181
181,182
181,183
181,184
181,185
181,186
181,187
181,188
181,189
181,190
181,191
181,192
181,193
181,194
181,195
181,196
181,197
181,198
181,199
181,200
181,201
181,202
181,203
181,204
181,205
181,206
181,207
181,208
181,209
181,210
181,211
181,212
181,213
181,214
181,215
181,216
181,217
181,218
181,219
181,220
181,221
181,222
181,223
181,224
181,225
181,226
181,227
181,228
181,229
181,230
181,258
181,259
181,260
181,261
181,262
181,263
181,264
181,265
181,266
181,267
181,268
181,269
181,270
181,271
181,272
181,273
181,274
181,275
181,276
181,277
181,278
181,279
181,280
181,281
181,282
181,283
181,284
181,285
181,286
181,287
181,288
181,289
181,290
181,291
181,292
181,293
181,294
181,295
181,296
181,297
181,298
181,628
181,629
181,630
181,631
181,632
181,633
181,634
181,635
181,636
181,637
181,638
181,639
181,640
181,641
181,642
181,643
181,644
181,645
181,646
181,647
182,175
182,176
182,177
182,178
182,179
182,180
182,181
182,182
182,183
182,184
182,185
182,186
182,187
182,188
182,189
182,190
182,191
182,192
182,193
182,194
182,195
182,196
182,197
182,198
182,199
182,200
182,201
182,202
182,203
182,204
182,205
182,206
182,207
182,208
182,209
182,210
182,211
182,212
182,213
182,214
182,215
182,216
182,217
182,218
182,219
182,220
182,221
182,222
182,223
182,224
182,225
182,226
182,227
182,228
182,229
182,230
182,257
182,258
182,259
182,260
182,261
182,262
182,263
182,264
182,265
182,266
182,267
182,268
182,269
182,270
182,271
182,272
182,273
182,274
182,275
182,276
182,277
182,278
182,279
182,280
182,281
182,282
182,283
182,284
182,285
182,286
182,287
182,288
182,289
182,290
182,291
182,292
182,293
182,294
182,295
182,296
182,297
182,298
182,299
182,300
182,301
182,302
182,303
182,304
182,627
182,628
182,629
182,630
182,631
182,632
182,633
182,634
182,635
182,636
182,637
182,638
182,639
182,640
182,641
182,642
182,643
182,644
182,645
182,646
182,647
183,174
183,175
183,176
183,177
183,178
183,179
183,180
183,181
183,182
183,183
183,184
183,185
183,186
183,187
183,188
183,189
183,190
183,191
183,192
183,193
183,194
183,195
183,196
183,197
183,198
183,199
183,200
183,201
183,202
183,203
183,204
183,205
183,206
183,207
183,208
183,209
183,210
183,211
183,212
183,213
183,214
183,215
183,216
183,217
183,218
183,219
183,220
183,221
183,222
183,223
183,224
183,225
183,226
183,227
183,228
183,229
183,230
183,257
183,258
183,259
183,260
183,261
183,262
183,263
183,264
183,265
183,266
183,267
183,268
183,269
183,270
183,271
183,272
183,273
183,274
183,275
183,276
183,277
183,278
183,279
183,280
183,281
183,282
183,283
183,284
183,285
183,286
183,287
183,288
183,289
183,290
183,291
183,292
183,293
183,294
183,295
183,296
183,297
183,298
183,299
183,300
183,301
183,302
183,303
183,304
183,305
183,306
183,307
183,308
183,309
183,626
183,627
183,628
183,629
183,630
183,631
183,632
183,633
183,634
183,635
183,636
183,637
183,638
183,639
183,640
183,641
183,642
183,643
183,644
183,645
183,646
183,647
183,648
184,174
184,175
184,176
184,177
184,178
184,179
184,180
184,181
184,182
184,183
184,184
184,185
184,186
184,187
184,188
184,189
184,190
184,191
184,192
184,193
184,194
184,195
184,196
184,197
184,198
184,199
184,200
184,201
184,202
184,203
184,204
184,205
184,206
184,207
184,208
184,209
184,210
184,211
184,212
184,213
184,214
184,215
184,216
184,217
184,218
184,219
184,220
184,221
184,222
184,223
184,224
184,225
184,226
184,227
184,228
184,229
184,230
184,257
184,258
184,259
184,260
184,261
184,262
184,263
184,264
184,265
184,266
184,267
184,268
184,269
184,270
184,271
184,272
184,273
184,274
184,275
184,276
184,277
184,278
184,279
184,280
184,281
184,282
184,283
184,284
184,285
184,286
184,287
184,288
184,289
184,290
184,291
184,292
184,293
184,294
184,295
184,296
184,297
184,298
184,299
184,300
184,301
184,302
184,303
184,304
184,305
184,306
184,307
184,308
184,309
184,310
184,311
184,312
184,625
184,626
184,627
184,628
184,629
184,630
184,631
184,632
184,633
184,634
184,635
184,636
184,637
184,638
184,639
184,640
184,641
184,642
184,643
184,644
184,645
184,646
184,647
184,648
185,174
185,175
185,176
185,177
185,178
185,179
185,180
185,181
185,182
185,183
185,184
185,185
185,186
185,187
185,188
185,189
185,190
185,191
185,192
185,193
185,194
185,195
185,196
185,197
185,198
185,199
185,200
185,201
185,202
185,203
185,204
185,205
185,206
185,207
185,208
185,209
185,210
185,211
185,212
185,213
185,214
185,215
185,216
185,217
185,218
185,219
185,220
185,221
185,222
185,223
185,224
185,225
185,226
185,227
185,228
185,229
185,257
185,258
185,259
185,260
185,261
185,262
185,263
185,264
185,265
185,266
185,267
185,268
185,269
185,270
185,271
185,272
185,273
185,274
185,275
185,276
185,277
185,278
185,279
185,280
185,281
185,282
185,283
185,284
185,285
185,286
185,287
185,288
185,289
185,290
185,291
185,292
185,293
185,294
185,295
185,296
185,297
185,298
185,299
185,300
185,301
185,302
185,303
185,304
185,305
185,306
185,307
185,308
185,309
185,310
185,311
185,312
185,624
185,625
185,626
185,627
185,628
185,629
185,630
185,631
185,632
185,633
185,634
185,635
185,636
185,637
185,638
185,639
185,640
185,641
185,642
185,643
185,644
185,645
185,646
185,647
185,648
185,649
186,174
186,175
186,176
186,177
186,178
186,179
186,180
186,181
186,182
186,183
186,184
186,185
186,186
186,187
186,188
186,189
186,190
186,191
186,192
186,193
186,194
186,195
186,196
186,197
186,198
186,199
186,200
186,201
186,202
186,203
186,204
186,205
186,206
186,207
186,208
186,209
186,210
186,211
186,212
186,213
186,214
186,215
186,216
186,217
186,218
186,219
186,220
186,221
186,222
186,223
186,224
186,225
186,226
186,227
186,228
186,229
186,257
186,258
186,259
186,260
186,261
186,262
186,263
186,264
186,265
186,266
186,267
186,268
186,269
186,270
186,271
186,272
186,273
186,274
186,275
186,276
186,277
186,278
186,279
186,280
186,281
186,282
186,283
186,284
186,285
186,286
186,287
186,288
186,289
186,290
186,291
186,292
186,293
186,294
186,295
186,296
186,297
186,298
186,299
186,300
186,301
186,302
186,303
186,304
186,305
186,306
186,307
186,308
186,309
186,310
186,311
186,312
186,623
186,624
186,625
186,626
186,627
186,628
186,629
186,630
186,631
186,632
186,633
186,634
186,635
186,636
186,637
186,638
186,639
186,640
186,641
186,642
186,643
186,644
186,645
186,646
186,647
186,648
186,649
187,174
187,175
187,176
187,177
187,178
187,179
187,180
187,181
187,182
187,183
187,184
187,185
187,186
187,187
187,188
187,189
187,190
187,191
187,192
187,193
187,194
187,195
187,196
187,197
187,198
187,199
187,200
187,201
187,202
187,203
187,204
187,205
187,206
187,207
187,208
187,209
187,210
187,211
187,212
187,213
187,214
187,215
187,216
187,217
187,218
187,219
187,220
187,221
187,222
187,223
187,224
187,225
187,226
187,227
187,228
187,229
187,256
187,257
187,258
187,259
187,260
187,261
187,262
187,263
187,264
187,265
187,266
187,267
187,268
187,269
187,270
187,271
187,272
187,273
187,274
187,275
187,276
187,277
187,278
187,279
187,280
187,281
187,282
187,283
187,284
187,285
187,286
187,287
187,288
187,289
187,290
187,291
187,292
187,293
187,294
187,295
187,296
187,297
187,298
187,299
187,300
187,301
187,302
187,303
187,304
187,305
187,306
187,307
187,308
187,309
187,310
187,311
187,622
187,623
187,624
187,625
187,626
187,627
187,628
187,629
187,630
187,631
187,632
187,633
187,634
187,635
187,636
187,637
187,638
187,639
187,640
187,641
187,642
187,643
187,644
187,645
187,646
187,647
187,648
187,649
187,650
188,173
188,174
188,175
188,176
188,177
188,178
188,179
188,180
188,181
188,182
188,183
188,184
188,185
188,186
188,187
188,188
188,189
188,190
188,191
188,192
188,193
188,194
188,195
188,196
188,197
188,198
188,199
188,200
188,201
188,202
188,203
188,204
188,205
188,206
188,207
188,208
188,209
188,210
188,211
188,212
188,213
188,214
188,215
188,216
188,217
188,218
188,219
188,220
188,221
188,222
188,223
188,224
188,225
188,226
188,227
188,228
188,229
188,256
188,257
188,258
188,259
188,260
188,261
188,262
188,263
188,264
188,265
188,266
188,267
188,268
188,269
188,270
188,271
188,272
188,273
188,274
188,275
188,276
188,277
188,278
188,279
188,280
188,281
188,282
188,283
188,284
188,285
188,286
188,287
188,288
188,289
188,290
188,291
188,292
188,293
188,294
188,295
188,296
188,297
188,298
188,299
188,300
188,301
188,302
188,303
188,304
188,305
188,306
188,307
188,308
188,309
188,310
188,311
188,621
188,622
188,623
188,624
188,625
188,626
188,627
188,628
188,629
188,630
188,631
188,632
188,633
188,634
188,635
188,636
188,637
188,638
188,639
188,640
188,641
188,642
188,643
188,644
188,645
188,646
188,647
188,648
188,649
188,650
188,651
189,173
189,174
189,175
189,176
189,177
189,178
189,179
189,180
189,181
189,182
189,183
189,184
189,185
189,186
189,187
189,188
189,189
189,190
189,191
189,192
189,193
189,194
189,195
189,196
189,197
189,198
189,199
189,200
189,201
189,202
189,203
189,204
189,205
189,206
189,207
189,208
189,209
189,210
189,211
189,212
189,213
189,214
189,215
189,216
189,217
189,218
189,219
189,220
189,221
189,222
189,223
189,224
189,225
189,226
189,227
189,228
189,256
189,257
189,258
189,259
189,260
189,261
189,262
189,263
189,264
189,265
189,266
189,267
189,268
189,269
189,270
189,271
189,272
189,273
189,274
189,275
189,276
189,277
189,278
189,279
189,280
189,281
189,282
189,283
189,284
189,285
189,286
189,287
189,288
189,289
189,290
189,291
189,292
189,293
189,294
189,295
189,296
189,297
189,298
189,299
189,300
189,301
189,302
189,303
189,304
189,305
189,306
189,307
189,308
189,309
189,310
189,311
189,621
189,622
189,623
189,624
189,625
189,626
189,627
189,628
189,629
189,630
189,631
189,632
189,633
189,634
189,635
189,636
189,637
189,638
189,639
189,640
189,641
189,642
189,643
189,644
189,645
189,646
189,647
189,648
189,649
189,650
189,651
189,652
190,173
190,174
190,175
190,176
190,177
190,178
190,179
190,180
190,181
190,182
190,183
190,184
190,185
190,186
190,187
190,188
190,189
190,190
190,191
190,192
190,193
190,194
190,195
190,196
190,197
190,198
190,199
190,200
190,201
190,202
190,203
190,204
190,205
190,206
190,207
190,208
190,209
190,210
190,211
190,212
190,213
190,214
190,215
190,216
190,217
190,218
190,219
190,220
190,221
190,222
190,223
190,224
190,225
190,226
190,227
190,228
190,256
190,257
190,258
190,259
190,260
190,261
190,262
190,263
190,264
190,265
190,266
190,267
190,268
190,269
190,270
190,271
190,272
190,273
190,274
190,275
190,276
190,277
190,278
190,279
190,280
190,281
190,282
190,283
190,284
190,285
190,286
190,287
190,288
190,289
190,290
190,291
190,292
190,293
190,294
190,295
190,296
190,297
190,298
190,299
190,300
190,301
190,302
190,303
190,304
190,305
190,306
190,307
190,308
190,309
190,310
190,311
190,620
190,621
190,622
190,623
190,624
190,625
190,626
190,627
190,628
190,629
190,630
190,631
190,632
190,633
190,634
190,635
190,636
190,637
190,638
190,639
190,640
190,641
190,642
190,643
190,644
190,645
190,646
190,647
190,648
190,649
190,650
190,651
190,652
190,653
191,173
191,174
191,175
191,176
191,177
191,178
191,179
191,180
191,181
191,182
191,183
191,184
191,185
191,186
191,187
191,188
191,189
191,190
191,191
191,192
191,193
191,194
191,195
191,196
191,197
191,198
191,199
191,200
191,201
191,202
191,203
191,204
191,205
191,206
191,207
191,208
191,209
191,210
191,211
191,212
191,213
191,214
191,215
191,216
191,217
191,218
191,219
191,220
191,221
191,222
191,223
191,224
191,225
191,226
191,227
191,228
191,256
191,257
191,258
191,259
191,260
191,261
191,262
191,263
191,264
191,265
191,266
191,267
191,268
191,269
191,270
191,271
191,272
191,273
191,274
191,275
191,276
191,277
191,278
191,279
191,280
191,281
191,282
191,283
191,284
191,285
191,286
191,287
191,288
191,289
191,290
191,291
191,292
191,293
191,294
191,295
191,296
191,297
191,298
191,299
191,300
191,301
191,302
191,303
191,304
191,305
191,306
191,307
191,308
191,309
191,310
191,311
191,619
191,620
191,621
191,622
191,623
191,624
191,625
191,626
191,627
191,628
191,629
191,630
191,631
191,632
191,633
191,634
191,635
191,636
191,637
191,638
191,639
191,640
191,641
191,642
191,643
191,644
191,645
191,646
191,647
191,648
191,649
191,650
191,651
191,652
191,653
191,654
192,173
192,174
192,175
192,176
192,177
192,178
192,179
192,180
192,181
192,182
192,183
192,184
192,185
192,186
192,187
192,188
192,189
192,190
192,191
192,192
192,193
192,194
192,195
192,196
192,197
192,198
192,199
192,200
192,201
192,202
192,203
192,204
192,205
192,206
192,207
192,208
192,209
192,210
192,211
192,212
192,213
192,214
192,215
192,216
192,217
192,218
192,219
192,220
192,221
192,222
192,223
192,224
192,225
192,226
192,227
192,228
192,255
192,256
192,257
192,258
192,259
192,260
192,261
192,262
192,263
192,264
192,265
192,266
192,267
192,268
192,269
192,270
192,271
192,272
192,273
192,274
192,275
192,276
192,277
192,278
192,279
192,280
192,281
192,282
192,283
192,284
192,285
192,286
192,287
192,288
192,289
192,290
192,291
192,292
192,293
192,294
192,295
192,296
192,297
192,298
192,299
192,300
192,301
192,302
192,303
192,304
192,305
192,306
192,307
192,308
192,309
192,310
192,311
192,618
192,619
192,620
192,621
192,622
192,623
192,624
192,625
192,626
192,627
192,628
192,629
192,630
192,631
192,632
192,633
192,634
192,635
192,636
192,637
192,638
192,639
192,640
192,641
192,642
192,643
192,644
192,645
192,646
192,647
192,648
192,649
192,650
192,651
192,652
192,653
192,654
192,655
193,172
193,173
193,174
193,175
193,176
193,177
193,178
193,179
193,180
193,181
193,182
193,183
193,184
193,185
193,186
193,187
193,188
193,189
193,190
193,191
193,192
193,193
193,194
193,195
193,196
193,197
193,198
193,199
193,200
193,201
193,202
193,203
193,204
193,205
193,206
193,207
193,208
193,209
193,210
193,211
193,212
193,213
193,214
193,215
193,216
193,217
193,218
193,219
193,220
193,221
193,222
193,223
193,224
193,225
193,226
193,227
193,228
193,255
193,256
193,257
193,258
193,259
193,260
193,261
193,262
193,263
193,264
193,265
193,266
193,267
193,268
193,269
193,270
193,271
193,272
193,273
193,274
193,275
193,276
193,277
193,278
193,279
193,280
193,281
193,282
193,283
193,284
193,285
193,286
193,287
193,288
193,289
193,290
193,291
193,292
193,293
193,294
193,295
193,296
193,297
193,298
193,299
193,300
193,301
193,302
193,303
193,304
193,305
193,306
193,307
193,308
193,309
193,310
193,617
193,618
193,619
193,620
193,621
193,622
193,623
193,624
193,625
193,626
193,627
193,628
193,629
193,630
193,631
193,632
193,633
193,634
193,635
193,636
193,637
193,638
193,639
193,640
193,641
193,642
193,643
193,644
193,645
193,646
193,647
193,648
193,649
193,650
193,651
193,652
193,653
193,654
193,655
193,656
194,172
194,173
194,174
194,175
194,176
194,177
194,178
194,179
194,180
194,181
194,182
194,183
194,184
194,185
194,186
194,187
194,188
194,189
194,190
194,191
194,192
194,193
194,194
194,195
194,196
194,197
194,198
194,199
194,200
194,201
194,202
194,203
194,204
194,205
194,206
194,207
194,208
194,209
194,210
194,211
194,212
194,213
194,214
194,215
194,216
194,217
194,218
194,219
194,220
194,221
194,222
194,223
194,224
194,225
194,226
194,227
194,255
194,256
194,257
194,258
194,259
194,260
194,261
194,262
194,263
194,264
194,265
194,266
194,267
194,268
194,269
194,270
194,271
194,272
194,273
194,274
194,275
194,276
194,277
194,278
194,279
194,280
194,281
194,282
194,283
194,284
194,285
194,286
194,287
194,288
194,289
194,290
194,291
194,292
194,293
194,294
194,295
194,296
194,297
194,298
194,299
194,300
194,301
194,302
194,303
194,304
194,305
194,306
194,307
194,308
194,309
194,310
194,616
194,617
194,618
194,619
194,620
194,621
194,622
194,623
194,624
194,625
194,626
194,627
194,628
194,629
194,630
194,631
194,632
194,633
194,634
194,635
194,636
194,637
194,638
194,639
194,640
194,641
194,642
194,643
194,644
194,645
194,646
194,647
194,648
194,649
194,650
194,651
194,652
194,653
194,654
194,655
194,656
194,657
195,172
195,173
195,174
195,175
195,176
195,177
195,178
195,179
195,180
195,181
195,182
195,183
195,184
195,185
195,186
195,187
195,188
195,189
195,190
195,191
195,192
195,193
195,194
195,195
195,196
195,197
195,198
195,199
195,200
195,201
195,202
195,203
195,204
195,205
195,206
195,207
195,208
195,209
195,210
195,211
195,212
195,213
195,214
195,215
195,216
195,217
195,218
195,219
195,220
195,221
195,222
195,223
195,224
195,225
195,226
195,227
195,255
195,256
195,257
195,258
195,259
195,260
195,261
195,262
195,263
195,264
195,265
195,266
195,267
195,268
195,269
195,270
195,271
195,272
195,273
195,274
195,275
195,276
195,277
195,278
195,279
195,280
195,281
195,282
195,283
195,284
195,285
195,286
195,287
195,288
195,289
195,290
195,291
195,292
195,293
195,294
195,295
195,296
195,297
195,298
195,299
195,300
195,301
195,302
195,303
195,304
195,305
195,306
195,307
195,308
195,309
195,310
195,615
195,616
195,617
195,618
195,619
195,620
195,621
195,622
195,623
195,624
195,625
195,626
195,627
195,628
195,629
195,630
195,631
195,632
195,633
195,634
195,635
195,636
195,637
195,638
195,639
195,640
195,641
195,642
195,643
195,644
195,645
195,646
195,647
195,648
195,649
195,650
195,651
195,652
195,653
195,654
195,655
195,656
195,657
195,658
196,172
196,173
196,174
196,175
196,176
196,177
196,178
196,179
196,180
196,181
196,182
196,183
196,184
196,185
196,186
196,187
196,188
196,189
196,190
196,191
196,192
196,193
196,194
196,195
196,196
196,197
196,198
196,199
196,200
196,201
196,202
196,203
196,204
196,205
196,206
196,207
196,208
196,209
196,210
196,211
196,212
196,213
196,214
196,215
196,216
196,217
196,218
196,219
196,220
196,221
196,222
196,223
196,224
196,225
196,226
196,227
196,255
196,256
196,257
196,258
196,259
196,260
196,261
196,262
196,263
196,264
196,265
196,266
196,267
196,268
196,269
196,270
196,271
196,272
196,273
196,274
196,275
196,276
196,277
196,278
196,279
196,280
196,281
196,282
196,283
196,284
196,285
196,286
196,287
196,288
196,289
196,290
196,291
196,292
196,293
196,294
196,295
196,296
196,297
196,298
196,299
196,300
196,301
196,302
196,303
196,304
196,305
196,306
196,307
196,308
196,309
196,310
196,614
196,615
196,616
196,617
196,618
196,619
196,620
196,621
196,622
196,623
196,624
196,625
196,626
196,627
196,628
196,629
196,630
196,631
196,632
196,633
196,634
196,635
196,636
196,637
196,638
196,639
196,640
196,641
196,642
196,643
196,644
196,645
196,646
196,647
196,648
196,649
196,650
196,651
196,652
196,653
196,654
196,655
196,656
196,657
196,658
196,659
197,171
197,172
197,173
197,174
197,175
197,176
197,177
197,178
197,179
197,180
197,181
197,182
197,183
197,184
197,185
197,186
197,187
197,188
197,189
197,190
197,191
197,192
197,193
197,194
197,195
197,196
197,197
197,198
197,199
197,200
197,201
197,202
197,203
197,204
197,205
197,206
197,207
197,208
197,209
197,210
197,211
197,212
197,213
197,214
197,215
197,216
197,217
197,218
197,219
197,220
197,221
197,222
197,223
197,224
197,225
197,226
197,227
197,254
197,255
197,256
197,257
197,258
197,259
197,260
197,261
197,262
197,263
197,264
197,265
197,266
197,267
197,268
197,269
197,270
197,271
197,272
197,273
197,274
197,275
197,276
197,277
197,278
197,279
197,280
197,281
197,282
197,283
197,284
197,285
197,286
197,287
197,288
197,289
197,290
197,291
197,292
197,293
197,294
197,295
197,296
197,297
197,298
197,299
197,300
197,301
197,302
197,303
197,304
197,305
197,306
197,307
197,308
197,309
197,310
197,613
197,614
197,615
197,616
197,617
197,618
197,619
197,620
197,621
197,622
197,623
197,624
197,625
197,626
197,627
197,628
197,629
197,630
197,631
197,632
197,633
197,634
197,635
197,636
197,637
197,638
197,639
197,640
197,641
197,642
197,643
197,644
197,645
197,646
197,647
197,648
197,649
197,650
197,651
197,652
197,653
197,654
197,655
197,656
197,657
197,658
197,659
197,660
198,171
198,172
198,173
198,174
198,175
198,176
198,177
198,178
198,179
198,180
198,181
198,182
198,183
198,184
198,185
198,186
198,187
198,188
198,189
198,190
198,191
198,192
198,193
198,194
198,195
198,196
198,197
198,198
198,199
198,200
198,201
198,202
198,203
198,204
198,205
198,206
198,207
198,208
198,209
198,210
198,211
198,212
198,213
198,214
198,215
198,216
198,217
198,218
198,219
198,220
198,221
198,222
198,223
198,224
198,225
198,226
198,227
198,254
198,255
198,256
198,257
198,258
198,259
198,260
198,261
198,262
198,263
198,264
198,265
198,266
198,267
198,268
198,269
198,270
198,271
198,272
198,273
198,274
198,275
198,276
198,277
198,278
198,279
198,280
198,281
198,282
198,283
198,284
198,285
198,286
198,287
198,288
198,289
198,290
198,291
198,292
198,293
198,294
198,295
198,296
198,297
198,298
198,299
198,300
198,301
198,302
198,303
198,304
198,305
198,306
198,307
198,308
198,309
198,612
198,613
198,614
198,615
198,616
198,617
198,618
198,619
198,620
198,621
198,622
198,623
198,624
198,625
198,626
198,627
198,628
198,629
198,630
198,631
198,632
198,633
198,634
198,635
198,636
198,637
198,638
198,639
198,640
198,641
198,642
198,643
198,644
198,645
198,646
198,647
198,648
198,649
198,650
198,651
198,652
198,653
198,654
198,655
198,656
198,657
198,658
198,659
199,171
199,172
199,173
199,174
199,175
199,176
199,177
199,178
199,179
199,180
199,181
199,182
199,183
199,184
199,185
199,186
199,187
199,188
199,189
199,190
199,191
199,192
199,193
199,194
199,195
199,196
199,197
199,198
199,199
199,200
199,201
199,202
199,203
199,204
199,205
199,206
199,207
199,208
199,209
199,210
199,211
199,212
199,213
199,214
199,215
199,216
199,217
199,218
199,219
199,220
199,221
199,222
199,223
199,224
199,225
199,226
199,254
199,255
199,256
199,257
199,258
199,259
199,260
199,261
199,262
199,263
199,264
199,265
199,266
199,267
199,268
199,269
199,270
199,271
199,272
199,273
199,274
199,275
199,276
199,277
199,278
199,279
199,280
199,281
199,282
199,283
199,284
199,285
199,286
199,287
199,288
199,289
199,290
199,291
199,292
199,293
199,294
199,295
199,296
199,297
199,298
199,299
199,300
199,301
199,302
199,303
199,304
199,305
199,306
199,307
199,308
199,309
199,612
199,613
199,614
199,615
199,616
199,617
199,618
199,619
199,620
199,621
199,622
199,623
199,624
199,625
199,626
199,627
199,628
199,629
199,630
199,631
199,632
199,633
199,634
199,635
199,636
199,637
199,638
199,639
199,640
199,641
199,642
199,643
199,644
199,645
199,646
199,647
199,648
199,649
199,650
199,651
199,652
199,653
199,654
199,655
199,656
199,657
199,658
200,174
200,175
200,176
200,177
200,178
200,179
200,180
200,181
200,182
200,183
200,184
200,185
200,186
200,187
200,188
200,189
200,190
200,191
200,192
200,193
200,194
200,195
200,196
200,197
200,198
200,199
200,200
200,201
200,202
200,203
200,204
200,205
200,206
200,207
200,208
200,209
200,210
200,211
200,212
200,213
200,214
200,215
200,216
200,217
200,218
200,219
200,220
200,221
200,222
200,223
200,224
200,225
200,226
200,254
200,255
200,256
200,257
200,258
200,259
200,260
200,261
200,262
200,263
200,264
200,265
200,266
200,267
200,268
200,269
200,270
200,271
200,272
200,273
200,274
200,275
200,276
200,277
200,278
200,279
200,280
200,281
200,282
200,283
200,284
200,285
200,286
200,287
200,288
200,289
200,290
200,291
200,292
200,293
200,294
200,295
200,296
200,297
200,298
200,299
200,300
200,301
200,302
200,303
200,304
200,305
200,306
200,307
200,308
200,309
200,611
200,612
200,613
200,614
200,615
200,616
200,617
200,618
200,619
200,620
200,621
200,622
200,623
200,624
200,625
200,626
200,627
200,628
200,629
200,630
200,631
200,632
200,633
200,634
200,635
200,636
200,637
200,638
200,639
200,640
200,641
200,642
200,643
200,644
200,645
200,646
200,647
200,648
200,649
200,650
200,651
200,652
200,653
200,654
200,655
200,656
200,657
201,178
201,179
201,180
201,181
201,182
201,183
201,184
201,185
201,186
201,187
201,188
201,189
201,190
201,191
201,192
201,193
201,194
201,195
201,196
201,197
201,198
201,199
201,200
201,201
201,202
201,203
201,204
201,205
201,206
201,207
201,208
201,209
201,210
201,211
201,212
201,213
201,214
201,215
201,216
201,217
201,218
201,219
201,220
201,221
201,222
201,223
201,224
201,225
201,226
201,254
201,255
201,256
201,257
201,258
201,259
201,260
201,261
201,262
201,263
201,264
201,265
201,266
201,267
201,268
201,269
201,270
201,271
201,272
201,273
201,274
201,275
201,276
201,277
201,278
201,279
201,280
201,281
201,282
201,283
201,284
201,285
201,286
201,287
201,288
201,289
201,290
201,291
201,292
201,293
201,294
201,295
201,296
201,297
201,298
201,299
201,300
201,301
201,302
201,303
201,304
201,305
201,306
201,307
201,308
201,309
201,610
201,611
201,612
201,613
201,614
201,615
201,616
201,617
201,618
201,619
201,620
201,621
201,622
201,623
201,624
201,625
201,626
201,627
201,628
201,629
201,630
201,631
201,632
201,633
201,634
201,635
201,636
201,637
201,638
201,639
201,640
201,641
201,642
201,643
201,644
201,645
201,646
201,647
201,648
201,649
201,650
201,651
201,652
201,653
201,654
201,655
201,656
202,183
202,184
202,185
202,186
202,187
202,188
202,189
202,190
202,191
202,192
202,193
202,194
202,195
202,196
202,197
202,198
202,199
202,200
202,201
202,202
202,203
202,204
202,205
202,206
202,207
202,208
202,209
202,210
202,211
202,212
202,213
202,214
202,215
202,216
202,217
202,218
202,219
202,220
202,221
202,222
202,223
202,224
202,225
202,226
202,253
202,254
202,255
202,256
202,257
202,258
202,259
202,260
202,261
202,262
202,263
202,264
202,265
202,266
202,267
202,268
202,269
202,270
202,271
202,272
202,273
202,274
202,275
202,276
202,277
202,278
202,279
202,280
202,281
202,282
202,283
202,284
202,285
202,286
202,287
202,288
202,289
202,290
202,291
202,292
202,293
202,294
202,295
202,296
202,297
202,298
202,299
202,300
202,301
202,302
202,303
202,304
202,305
202,306
202,307
202,308
202,309
202,609
202,610
202,611
202,612
202,613
202,614
202,615
202,616
202,617
202,618
202,619
202,620
202,621
202,622
202,623
202,624
202,625
202,626
202,627
202,628
202,629
202,630
202,631
202,632
202,633
202,634
202,635
202,636
202,637
202,638
202,639
202,640
202,641
202,642
202,643
202,644
202,645
202,646
202,647
202,648
202,649
202,650
202,651
202,652
202,653
202,654
202,655
203,187
203,188
203,189
203,190
203,191
203,192
203,193
203,194
203,195
203,196
203,197
203,198
203,199
203,200
203,201
203,202
203,203
203,204
203,205
203,206
203,207
203,208
203,209
203,210
203,211
203,212
203,213
203,214
203,215
203,216
203,217
203,218
203,219
203,220
203,221
203,222
203,223
203,224
203,225
203,226
203,253
203,254
203,255
203,256
203,257
203,258
203,259
203,260
203,261
203,262
203,263
203,264
203,265
203,266
203,267
203,268
203,269
203,270
203,271
203,272
203,273
203,274
203,275
203,276
203,277
203,278
203,279
203,280
203,281
203,282
203,283
203,284
203,285
203,286
203,287
203,288
203,289
203,290
203,291
203,292
203,293
203,294
203,295
203,296
203,297
203,298
203,299
203,300
203,301
203,302
203,303
203,304
203,305
203,306
203,307
203,308
203,309
203,608
203,609
203,610
203,611
203,612
203,613
203,614
203,615
203,616
203,617
203,618
203,619
203,620
203,621
203,622
203,623
203,624
203,625
203,626
203,627
203,628
203,629
203,630
203,631
203,632
203,633
203,634
203,635
203,636
203,637
203,638
203,639
203,640
203,641
203,642
203,643
203,644
203,645
203,646
203,647
203,648
203,649
203,650
203,651
203,652
203,653
203,654
203,655
204,191
204,192
204,193
204,194
204,195
204,196
204,197
204,198
204,199
204,200
204,201
204,202
204,203
204,204
204,205
204,206
204,207
204,208
204,209
204,210
204,211
204,212
204,213
204,214
204,215
204,216
204,217
204,218
204,219
204,220
204,221
204,222
204,223
204,224
204,225
204,253
204,254
204,255
204,256
204,257
204,258
204,259
204,260
204,261
204,262
204,263
204,264
204,265
204,266
204,267
204,268
204,269
204,270
204,271
204,272
204,273
204,274
204,275
204,276
204,277
204,278
204,279
204,280
204,281
204,282
204,283
204,284
204,285
204,286
204,287
204,288
204,289
204,290
204,291
204,292
204,293
204,294
204,295
204,296
204,297
204,298
204,299
204,300
204,301
204,302
204,303
204,304
204,305
204,306
204,307
204,308
204,607
204,608
204,609
204,610
204,611
204,612
204,613
204,614
204,615
204,616
204,617
204,618
204,619
204,620
204,621
204,622
204,623
204,624
204,625
204,626
204,627
204,628
204,629
204,630
204,631
204,632
204,633
204,634
204,635
204,636
204,637
204,638
204,639
204,640
204,641
204,642
204,643
204,644
204,645
204,646
204,647
204,648
204,649
204,650
204,651
204,652
204,653
204,654
205,196
205,197
205,198
205,199
205,200
205,201
205,202
205,203
205,204
205,205
205,206
205,207
205,208
205,209
205,210
205,211
205,212
205,213
205,214
205,215
205,216
205,217
205,218
205,219
205,220
205,221
205,222
205,223
205,224
205,225
205,253
205,254
205,255
205,256
205,257
205,258
205,259
205,260
205,261
205,262
205,263
205,264
205,265
205,266
205,267
205,268
205,269
205,270
205,271
205,272
205,273
205,274
205,275
205,276
205,277
205,278
205,279
205,280
205,281
205,282
205,283
205,284
205,285
205,286
205,287
205,288
205,289
205,290
205,291
205,292
205,293
205,294
205,295
205,296
205,297
205,298
205,299
205,300
205,301
205,302
205,303
205,304
205,305
205,306
205,307
205,308
205,608
205,609
205,610
205,611
205,612
205,613
205,614
205,615
205,616
205,617
205,618
205,619
205,620
205,621
205,622
205,623
205,624
205,625
205,626
205,627
205,628
205,629
205,630
205,631
205,632
205,633
205,634
205,635
205,636
205,637
205,638
205,639
205,640
205,641
205,642
205,643
205,644
205,645
205,646
205,647
205,648
205,649
205,650
205,651
205,652
205,653
206,200
206,201
206,202
206,203
206,204
206,205
206,206
206,207
206,208
206,209
206,210
206,211
206,212
206,213
206,214
206,215
206,216
206,217
206,218
206,219
206,220
206,221
206,222
206,223
206,224
206,225
206,253
206,254
206,255
206,256
206,257
206,258
206,259
206,260
206,261
206,262
206,263
206,264
206,265
206,266
206,267
206,268
206,269
206,270
206,271
206,272
206,273
206,274
206,275
206,276
206,277
206,278
206,279
206,280
206,281
206,282
206,283
206,284
206,285
206,286
206,287
206,288
206,289
206,290
206,291
206,292
206,293
206,294
206,295
206,296
206,297
206,298
206,299
206,300
206,301
206,302
206,303
206,304
206,305
206,306
206,307
206,308
206,609
206,610
206,611
206,612
206,613
206,614
206,615
206,616
206,617
206,618
206,619
206,620
206,621
206,622
206,623
206,624
206,625
206,626
206,627
206,628
206,629
206,630
206,631
206,632
206,633
206,634
206,635
206,636
206,637
206,638
206,639
206,640
206,641
206,642
206,643
206,644
206,645
206,646
206,647
206,648
206,649
206,650
206,651
206,652
207,205
207,206
207,207
207,208
207,209
207,210
207,211
207,212
207,213
207,214
207,215
207,216
207,217
207,218
207,219
207,220
207,221
207,222
207,223
207,224
207,225
207,252
207,253
207,254
207,255
207,256
207,257
207,258
207,259
207,260
207,261
207,262
207,263
207,264
207,265
207,266
207,267
207,268
207,269
207,270
207,271
207,272
207,273
207,274
207,275
207,276
207,277
207,278
207,279
207,280
207,281
207,282
207,283
207,284
207,285
207,286
207,287
207,288
207,289
207,290
207,291
207,292
207,293
207,294
207,295
207,296
207,297
207,298
207,299
207,300
207,301
207,302
207,303
207,304
207,305
207,306
207,307
207,308
207,610
207,611
207,612
207,613
207,614
207,615
207,616
207,617
207,618
207,619
207,620
207,621
207,622
207,623
207,624
207,625
207,626
207,627
207,628
207,629
207,630
207,631
207,632
207,633
207,634
207,635
207,636
207,637
207,638
207,639
207,640
207,641
207,642
207,643
207,644
207,645
207,646
207,647
207,648
207,649
207,650
207,651
208,209
208,210
208,211
208,212
208,213
208,214
208,215
208,216
208,217
208,218
208,219
208,220
208,221
208,222
208,223
208,224
208,225
208,252
208,253
208,254
208,255
208,256
208,257
208,258
208,259
208,260
208,261
208,262
208,263
208,264
208,265
208,266
208,267
208,268
208,269
208,270
208,271
208,272
208,273
208,274
208,275
208,276
208,277
208,278
208,279
208,280
208,281
208,282
208,283
208,284
208,285
208,286
208,287
208,288
208,289
208,290
208,291
208,292
208,293
208,294
208,295
208,296
208,297
208,298
208,299
208,300
208,301
208,302
208,303
208,304
208,305
208,306
208,307
208,308
208,611
208,612
208,613
208,614
208,615
208,616
208,617
208,618
208,619
208,620
208,621
208,622
208,623
208,624
208,625
208,626
208,627
208,628
208,629
208,630
208,631
208,632
208,633
208,634
208,635
208,636
208,637
208,638
208,639
208,640
208,641
208,642
208,643
208,644
208,645
208,646
208,647
208,648
208,649
208,650
209,213
209,214
209,215
209,216
209,217
209,218
209,219
209,220
209,221
209,222
209,223
209,224
209,252
209,253
209,254
209,255
209,256
209,257
209,258
209,259
209,260
209,261
209,262
209,263
209,264
209,265
209,266
209,267
209,268
209,269
209,270
209,271
209,272
209,273
209,274
209,275
209,276
209,277
209,278
209,279
209,280
209,281
209,282
209,283
209,284
209,285
209,286
209,287
209,288
209,289
209,290
209,291
209,292
209,293
209,294
209,295
209,296
209,297
209,298
209,299
209,300
209,301
209,302
209,303
209,304
209,305
209,306
209,307
209,612
209,613
209,614
209,615
209,616
209,617
209,618
209,619
209,620
209,621
209,622
209,623
209,624
209,625
209,626
209,627
209,628
209,629
209,630
209,631
209,632
209,633
209,634
209,635
209,636
209,637
209,638
209,639
209,640
209,641
209,642
209,643
209,644
209,645
209,646
209,647
209,648
209,649
210,218
210,219
210,220
210,221
210,222
210,223
210,224
210,252
210,253
210,254
210,255
210,256
210,257
210,258
210,259
210,260
210,261
210,262
210,263
210,264
210,265
210,266
210,267
210,268
210,269
210,270
210,271
210,272
210,273
210,274
210,275
210,276
210,277
210,278
210,279
210,280
210,281
210,282
210,283
210,284
210,285
210,286
210,287
210,288
210,289
210,290
210,291
210,292
210,293
210,294
210,295
210,296
210,297
210,298
210,299
210,300
210,301
210,302
210,303
210,304
210,305
210,306
210,307
210,613
210,614
210,615
210,616
210,617
210,618
210,619
210,620
210,621
210,622
210,623
210,624
210,625
210,626
210,627
210,628
210,629
210,630
210,631
210,632
210,633
210,634
210,635
210,636
210,637
210,638
210,639
210,640
210,641
210,642
210,643
210,644
210,645
210,646
210,647
210,648
211,222
211,223
211,224
211,252
211,253
211,254
211,255
211,256
211,257
211,258
211,259
211,260
211,261
211,262
211,263
211,264
211,265
211,266
211,267
211,268
211,269
211,270
211,271
211,272
211,273
211,274
211,275
211,276
211,277
211,278
211,279
211,280
211,281
211,282
211,283
211,284
211,285
211,286
211,287
211,288
211,289
211,290
211,291
211,292
211,293
211,294
211,295
211,296
211,297
211,298
211,299
211,300
211,301
211,302
211,303
211,304
211,305
211,306
211,307
211,614
211,615
211,616
211,617
211,618
211,619
211,620
211,621
211,622
211,623
211,624
211,625
211,626
211,627
211,628
211,629
211,630
211,631
211,632
211,633
211,634
211,635
211,636
211,637
211,638
211,639
211,640
211,641
211,642
211,643
211,644
211,645
211,646
211,647
212,251
212,252
212,253
212,254
212,255
212,256
212,257
212,258
212,259
212,260
212,261
212,262
212,263
212,264
212,265
212,266
212,267
212,268
212,269
212,270
212,271
212,272
212,273
212,274
212,275
212,276
212,277
212,278
212,279
212,280
212,281
212,282
212,283
212,284
212,285
212,286
212,287
212,288
212,289
212,290
212,291
212,292
212,293
212,294
212,295
212,296
212,297
212,298
212,299
212,300
212,301
212,302
212,303
212,304
212,305
212,306
212,307
212,615
212,616
212,617
212,618
212,619
212,620
212,621
212,622
212,623
212,624
212,625
212,626
212,627
212,628
212,629
212,630
212,631
212,632
212,633
212,634
212,635
212,636
212,637
212,638
212,639
212,640
212,641
212,642
212,643
212,644
212,645
212,646
213,251
213,252
213,253
213,254
213,255
213,256
213,257
213,258
213,259
213,260
213,261
213,262
213,263
213,264
213,265
213,266
213,267
213,268
213,269
213,270
213,271
213,272
213,273
213,274
213,275
213,276
213,277
213,278
213,279
213,280
213,281
213,282
213,283
213,284
213,285
213,286
213,287
213,288
213,289
213,290
213,291
213,292
213,293
213,294
213,295
213,296
213,297
213,298
213,299
213,300
213,301
213,302
213,303
213,304
213,305
213,306
213,307
213,616
213,617
213,618
213,619
213,620
213,621
213,622
213,623
213,624
213,625
213,626
213,627
213,628
213,629
213,630
213,631
213,632
213,633
213,634
213,635
213,636
213,637
213,638
213,639
213,640
213,641
213,642
213,643
213,644
213,645
213,646
214,251
214,252
214,253
214,254
214,255
214,256
214,257
214,258
214,259
214,260
214,261
214,262
214,263
214,264
214,265
214,266
214,267
214,268
214,269
214,270
214,271
214,272
214,273
214,274
214,275
214,276
214,277
214,278
214,279
214,280
214,281
214,282
214,283
214,284
214,285
214,286
214,287
214,288
214,289
214,290
214,291
214,292
214,293
214,294
214,295
214,296
214,297
214,298
214,299
214,300
214,301
214,302
214,303
214,304
214,305
214,306
214,307
214,617
214,618
214,619
214,620
214,621
214,622
214,623
214,624
214,625
214,626
214,627
214,628
214,629
214,630
214,631
214,632
214,633
214,634
214,635
214,636
214,637
214,638
214,639
214,640
214,641
214,642
214,643
214,644
214,645
215,251
215,252
215,253
215,254
215,255
215,256
215,257
215,258
215,259
215,260
215,261
215,262
215,263
215,264
215,265
215,266
215,267
215,268
215,269
215,270
215,271
215,272
215,273
215,274
215,275
215,276
215,277
215,278
215,279
215,280
215,281
215,282
215,283
215,284
215,285
215,286
215,287
215,288
215,289
215,290
215,291
215,292
215,293
215,294
215,295
215,296
215,297
215,298
215,299
215,300
215,301
215,302
215,303
215,304
215,305
215,306
215,618
215,619
215,620
215,621
215,622
215,623
215,624
215,625
215,626
215,627
215,628
215,629
215,630
215,631
215,632
215,633
215,634
215,635
215,636
215,637
215,638
215,639
215,640
215,641
215,642
215,643
215,644
216,251
216,252
216,253
216,254
216,255
216,256
216,257
216,258
216,259
216,260
216,261
216,262
216,263
216,264
216,265
216,266
216,267
216,268
216,269
216,270
216,271
216,272
216,273
216,274
216,275
216,276
216,277
216,278
216,279
216,280
216,281
216,282
216,283
216,284
216,285
216,286
216,287
216,288
216,289
216,290
216,291
216,292
216,293
216,294
216,295
216,296
216,297
216,298
216,299
216,300
216,301
216,302
216,303
216,304
216,305
216,306
216,619
216,620
216,621
216,622
216,623
216,624
216,625
216,626
216,627
216,628
216,629
216,630
216,631
216,632
216,633
216,634
216,635
216,636
216,637
216,638
216,639
216,640
216,641
216,642
216,643
217,250
217,251
217,252
217,253
217,254
217,255
217,256
217,257
217,258
217,259
217,260
217,261
217,262
217,263
217,264
217,265
217,266
217,267
217,268
217,269
217,270
217,271
217,272
217,273
217,274
217,275
217,276
217,277
217,278
217,279
217,280
217,281
217,282
217,283
217,284
217,285
217,286
217,287
217,288
217,289
217,290
217,291
217,292
217,293
217,294
217,295
217,296
217,297
217,298
217,299
217,300
217,301
217,302
217,303
217,304
217,305
217,306
217,621
217,622
217,623
217,624
217,625
217,626
217,627
217,628
217,629
217,630
217,631
217,632
217,633
217,634
217,635
217,636
217,637
217,638
217,639
217,640
217,641
217,642
218,250
218,251
218,252
218,253
218,254
218,255
218,256
218,257
218,258
218,259
218,260
218,261
218,262
218,263
218,264
218,265
218,266
218,267
218,268
218,269
218,270
218,271
218,272
218,273
218,274
218,275
218,276
218,277
218,278
218,279
218,280
218,281
218,282
218,283
218,284
218,285
218,286
218,287
218,288
218,289
218,290
218,291
218,292
218,293
218,294
218,295
218,296
218,297
218,298
218,299
218,300
218,301
218,302
218,303
218,304
218,305
218,306
218,622
218,623
218,624
218,625
218,626
218,627
218,628
218,629
218,630
218,631
218,632
218,633
218,634
218,635
218,636
218,637
218,638
218,639
218,640
218,641
219,250
219,251
219,252
219,253
219,254
219,255
219,256
219,257
219,258
219,259
219,260
219,261
219,262
219,263
219,264
219,265
219,266
219,267
219,268
219,269
219,270
219,271
219,272
219,273
219,274
219,275
219,276
219,277
219,278
219,279
219,280
219,281
219,282
219,283
219,284
219,285
219,286
219,287
219,288
219,289
219,290
219,291
219,292
219,293
219,294
219,295
219,296
219,297
219,298
219,299
219,300
219,301
219,302
219,303
219,304
219,305
219,306
219,623
219,624
219,625
219,626
219,627
219,628
219,629
219,630
219,631
219,632
219,633
219,634
219,635
219,636
219,637
219,638
219,639
219,640
220,254
220,255
220,256
220,257
220,258
220,259
220,260
220,261
220,262
220,263
220,264
220,265
220,266
220,267
220,268
220,269
220,270
220,271
220,272
220,273
220,274
220,275
220,276
220,277
220,278
220,279
220,280
220,281
220,282
220,283
220,284
220,285
220,286
220,287
220,288
220,289
220,290
220,291
220,292
220,293
220,294
220,295
220,296
220,297
220,298
220,299
220,300
220,301
220,302
220,303
220,304
220,305
220,624
220,625
220,626
220,627
220,628
220,629
220,630
220,631
220,632
220,633
220,634
220,635
220,636
220,637
220,638
220,639
221,260
221,261
221,262
221,263
221,264
221,265
221,266
221,267
221,268
221,269
221,270
221,271
221,272
221,273
221,274
221,275
221,276
221,277
221,278
221,279
221,280
221,281
221,282
221,283
221,284
221,285
221,286
221,287
221,288
221,289
221,290
221,291
221,292
221,293
221,294
221,295
221,296
221,297
221,298
221,299
221,300
221,301
221,302
221,303
221,304
221,305
221,625
221,626
221,627
221,628
221,629
221,630
221,631
221,632
221,633
221,634
221,635
221,636
221,637
221,638
222,266
222,267
222,268
222,269
222,270
222,271
222,272
222,273
222,274
222,275
222,276
222,277
222,278
222,279
222,280
222,281
222,282
222,283
222,284
222,285
222,286
222,287
222,288
222,289
222,290
222,291
222,292
222,293
222,294
222,295
222,296
222,297
222,298
222,299
222,300
222,301
222,302
222,303
222,304
222,305
222,626
222,627
222,628
222,629
222,630
222,631
222,632
222,633
222,634
222,635
222,636
222,637
223,272
223,273
223,274
223,275
223,276
223,277
223,278
223,279
223,280
223,281
223,282
223,283
223,284
223,285
223,286
223,287
223,288
223,289
223,290
223,291
223,292
223,293
223,294
223,295
223,296
223,297
223,298
223,299
223,300
223,301
223,302
223,303
223,304
223,305
223,627
223,628
223,629
223,630
223,631
223,632
223,633
223,634
223,635
223,636
223,637
224,278
224,279
224,280
224,281
224,282
224,283
224,284
224,285
224,286
224,287
224,288
224,289
224,290
224,291
224,292
224,293
224,294
224,295
224,296
224,297
224,298
224,299
224,300
224,301
224,302
224,303
224,304
224,305
224,628
224,629
224,630
224,631
224,632
224,633
224,634
224,635
224,636
225,284
225,285
225,286
225,287
225,288
225,289
225,290
225,291
225,292
225,293
225,294
225,295
225,296
225,297
225,298
225,299
225,300
225,301
225,302
225,303
225,304
225,305
225,629
225,630
225,631
225,632
225,633
225,634
225,635
226,290
226,291
226,292
226,293
226,294
226,295
226,296
226,297
226,298
226,299
226,300
226,301
226,302
226,303
226,304
226,630
226,631
226,632
226,633
226,634
227,296
227,297
227,298
227,299
227,300
227,301
227,302
227,303
227,304
227,631
227,632
227,633
228,302
228,303
228,304
228,632
248,313
248,314
248,315
249,313
249,314
249,315
249,316
249,317
249,318
249,319
250,313
250,314
250,315
250,316
250,317
250,318
250,319
250,320
250,321
250,322
250,323
251,312
251,313
251,314
251,315
251,316
251,317
251,318
251,319
251,320
251,321
251,322
251,323
251,324
251,325
251,326
252,312
252,313
252,314
252,315
252,316
252,317
252,318
252,319
252,320
252,321
252,322
252,323
252,324
252,325
252,326
253,312
253,313
253,314
253,315
253,316
253,317
253,318
253,319
253,320
253,321
253,322
253,323
253,324
253,325
253,326
254,312
254,313
254,314
254,315
254,316
254,317
254,318
254,319
254,320
254,321
254,322
254,323
254,324
254,325
255,311
255,312
255,313
255,314
255,315
255,316
255,317
255,318
255,319
255,320
255,321
255,322
255,323
255,324
255,325
256,311
256,312
256,313
256,314
256,315
256,316
256,317
256,318
256,319
256,320
256,321
256,322
256,323
256,324
256,325
257,311
257,312
257,313
257,314
257,315
257,316
257,317
257,318
257,319
257,320
257,321
257,322
257,323
257,324
257,325
258,311
258,312
258,313
258,314
258,315
258,316
258,317
258,318
258,319
258,320
258,321
258,322
258,323
258,324
258,325
259,311
259,312
259,313
259,314
259,315
259,316
259,317
259,318
259,319
259,320
259,321
259,322
259,323
259,324
260,310
260,311
260,312
260,313
260,314
260,315
260,316
260,317
260,318
260,319
260,320
260,321
260,322
260,323
260,324
261,310
261,311
261,312
261,313
261,314
261,315
261,316
261,317
261,318
261,319
261,320
261,321
261,322
261,323
261,324
262,310
262,311
262,312
262,313
262,314
262,315
262,316
262,317
262,318
262,319
262,320
262,321
262,322
262,323
262,324
263,310
263,311
263,312
263,313
263,314
263,315
263,316
263,317
263,318
263,319
263,320
263,321
263,322
263,323
263,324
264,309
264,310
264,311
264,312
264,313
264,314
264,315
264,316
264,317
264,318
264,319
264,320
264,321
264,322
264,323
265,309
265,310
265,311
265,312
265,313
265,314
265,315
265,316
265,317
265,318
265,319
265,320
265,321
265,322
265,323
266,309
266,310
266,311
266,312
266,313
266,314
266,315
266,316
266,317
266,318
266,319
266,320
266,321
266,322
266,323
267,309
267,310
267,311
267,312
267,313
267,314
267,315
267,316
267,317
267,318
267,319
267,320
267,321
267,322
267,323
267,435
267,436
268,308
268,309
268,310
268,311
268,312
268,313
268,314
268,315
268,316
268,317
268,318
268,319
268,320
268,321
268,322
268,323
268,433
268,434
268,435
268,436
269,308
269,309
269,310
269,311
269,312
269,313
269,314
269,315
269,316
269,317
269,318
269,319
269,320
269,321
269,322
269,431
269,432
269,433
269,434
269,435
269,436
269,437
270,308
270,309
270,310
270,311
270,312
270,313
270,314
270,315
270,316
270,317
270,318
270,319
270,320
270,321
270,322
270,429
270,430
270,431
270,432
270,433
270,434
270,435
270,436
270,437
271,308
271,309
271,310
271,311
271,312
271,313
271,314
271,315
271,316
271,317
271,318
271,319
271,320
271,321
271,322
271,427
271,428
271,429
271,430
271,431
271,432
271,433
271,434
271,435
271,436
271,437
272,308
272,309
272,310
272,311
272,312
272,313
272,314
272,315
272,316
272,317
272,318
272,319
272,320
272,321
272,322
272,425
272,426
272,427
272,428
272,429
272,430
272,431
272,432
272,433
272,434
272,435
272,436
272,437
272,438
273,307
273,308
273,309
273,310
273,311
273,312
273,313
273,314
273,315
273,316
273,317
273,318
273,319
273,320
273,321
273,322
273,423
273,424
273,425
273,426
273,427
273,428
273,429
273,430
273,431
273,432
273,433
273,434
273,435
273,436
273,437
273,438
274,307
274,308
274,309
274,310
274,311
274,312
274,313
274,314
274,315
274,316
274,317
274,318
274,319
274,320
274,321
274,421
274,422
274,423
274,424
274,425
274,426
274,427
274,428
274,429
274,430
274,431
274,432
274,433
274,434
274,435
274,436
274,437
274,438
274,439
275,307
275,308
275,309
275,310
275,311
275,312
275,313
275,314
275,315
275,316
275,317
275,318
275,319
275,320
275,321
275,419
275,420
275,421
275,422
275,423
275,424
275,425
275,426
275,427
275,428
275,429
275,430
275,431
275,432
275,433
275,434
275,435
275,436
275,437
275,438
275,439
276,307
276,308
276,309
276,310
276,311
276,312
276,313
276,314
276,315
276,316
276,317
276,318
276,319
276,320
276,321
276,418
276,419
276,420
276,421
276,422
276,423
276,424
276,425
276,426
276,427
276,428
276,429
276,430
276,431
276,432
276,433
276,434
276,435
276,436
276,437
276,438
276,439
277,306
277,307
277,308
277,309
277,310
277,311
277,312
277,313
277,314
277,315
277,316
277,317
277,318
277,319
277,320
277,321
277,416
277,417
277,418
277,419
277,420
277,421
277,422
277,423
277,424
277,425
277,426
277,427
277,428
277,429
277,430
277,431
277,432
277,433
277,434
277,435
277,436
277,437
277,438
277,439
277,440
278,306
278,307
278,308
278,309
278,310
278,311
278,312
278,313
278,314
278,315
278,316
278,317
278,318
278,319
278,320
278,321
278,415
278,416
278,417
278,418
278,419
278,420
278,421
278,422
278,423
278,424
278,425
278,426
278,427
278,428
278,429
278,430
278,431
278,432
278,433
278,434
278,435
278,436
278,437
278,438
278,439
278,440
279,306
279,307
279,308
279,309
279,310
279,311
279,312
279,313
279,314
279,315
279,316
279,317
279,318
279,319
279,320
279,414
279,415
279,416
279,417
279,418
279,419
279,420
279,421
279,422
279,423
279,424
279,425
279,426
279,427
279,428
279,429
279,430
279,431
279,432
279,433
279,434
279,435
279,436
279,437
279,438
279,439
279,440
280,310
280,311
280,312
280,313
280,314
280,315
280,316
280,317
280,318
280,319
280,320
280,412
280,413
280,414
280,415
280,416
280,417
280,418
280,419
280,420
280,421
280,422
280,423
280,424
280,425
280,426
280,427
280,428
280,429
280,430
280,431
280,432
280,433
280,434
280,435
280,436
280,437
280,438
280,439
280,440
280,441
281,317
281,318
281,319
281,320
281,411
281,412
281,413
281,414
281,415
281,416
281,417
281,418
281,419
281,420
281,421
281,422
281,423
281,424
281,425
281,426
281,427
281,428
281,429
281,430
281,431
281,432
281,433
281,434
281,435
281,436
281,437
281,438
281,439
281,440
281,441
282,410
282,411
282,412
282,413
282,414
282,415
282,416
282,417
282,418
282,419
282,420
282,421
282,422
282,423
282,424
282,425
282,426
282,427
282,428
282,429
282,430
282,431
282,432
282,433
282,434
282,435
282,436
282,437
282,438
282,439
282,440
282,441
282,442
283,408
283,409
283,410
283,411
283,412
283,413
283,414
283,415
283,416
283,417
283,418
283,419
283,420
283,421
283,422
283,423
283,424
283,425
283,426
283,427
283,428
283,429
283,430
283,431
283,432
283,433
283,434
283,435
283,436
283,437
283,438
283,439
283,440
283,441
283,442
284,407
284,408
284,409
284,410
284,411
284,412
284,413
284,414
284,415
284,416
284,417
284,418
284,419
284,420
284,421
284,422
284,423
284,424
284,425
284,426
284,427
284,428
284,429
284,430
284,431
284,432
284,433
284,434
284,435
284,436
284,437
284,438
284,439
284,440
284,441
284,442
285,406
285,407
285,408
285,409
285,410
285,411
285,412
285,413
285,414
285,415
285,416
285,417
285,418
285,419
285,420
285,421
285,422
285,423
285,424
285,425
285,426
285,427
285,428
285,429
285,430
285,431
285,432
285,433
285,434
285,435
285,436
285,437
285,438
285,439
285,440
285,441
285,442
285,443
286,405
286,406
286,407
286,408
286,409
286,410
286,411
286,412
286,413
286,414
286,415
286,416
286,417
286,418
286,419
286,420
286,421
286,422
286,423
286,424
286,425
286,426
286,427
286,428
286,429
286,430
286,431
286,432
286,433
286,434
286,435
286,436
286,437
286,438
286,439
286,440
286,441
286,442
286,443
287,404
287,405
287,406
287,407
287,408
287,409
287,410
287,411
287,412
287,413
287,414
287,415
287,416
287,417
287,418
287,419
287,420
287,421
287,422
287,423
287,424
287,425
287,426
287,427
287,428
287,429
287,430
287,431
287,432
287,433
287,434
287,435
287,436
287,437
287,438
287,439
287,440
287,441
287,442
287,443
288,403
288,404
288,405
288,406
288,407
288,408
288,409
288,410
288,411
288,412
288,413
288,414
288,415
288,416
288,417
288,418
288,419
288,420
288,421
288,422
288,423
288,424
288,425
288,426
288,427
288,428
288,429
288,430
288,431
288,432
288,433
288,434
288,435
288,436
288,437
288,438
288,439
288,440
288,441
288,442
288,443
288,444
289,402
289,403
289,404
289,405
289,406
289,407
289,408
289,409
289,410
289,411
289,412
289,413
289,414
289,415
289,416
289,417
289,418
289,419
289,420
289,421
289,422
289,423
289,424
289,425
289,426
289,427
289,428
289,429
289,430
289,431
289,432
289,433
289,434
289,435
289,436
289,437
289,438
289,439
289,440
289,441
289,442
289,443
289,444
290,401
290,402
290,403
290,404
290,405
290,406
290,407
290,408
290,409
290,410
290,411
290,412
290,413
290,414
290,415
290,416
290,417
290,418
290,419
290,420
290,421
290,422
290,423
290,424
290,425
290,426
290,427
290,428
290,429
290,430
290,431
290,432
290,433
290,434
290,435
290,436
290,437
290,438
290,439
290,440
290,441
290,442
290,443
290,444
290,626
290,627
290,628
290,629
290,630
290,631
290,632
290,633
290,634
290,635
290,636
290,637
290,638
290,639
290,640
290,641
290,642
290,643
290,644
290,645
290,646
290,647
290,648
290,649
290,650
290,651
290,652
290,653
290,654
290,655
290,656
290,657
290,658
290,659
290,660
290,661
290,662
290,663
290,664
290,665
290,666
290,667
290,668
290,669
291,400
291,401
291,402
291,403
291,404
291,405
291,406
291,407
291,408
291,409
291,410
291,411
291,412
291,413
291,414
291,415
291,416
291,417
291,418
291,419
291,420
291,421
291,422
291,423
291,424
291,425
291,426
291,427
291,428
291,429
291,430
291,431
291,432
291,433
291,434
291,435
291,436
291,437
291,438
291,439
291,440
291,441
291,442
291,443
291,444
291,445
291,626
291,627
291,628
291,629
291,630
291,631
291,632
291,633
291,634
291,635
291,636
291,637
291,638
291,639
291,640
291,641
291,642
291,643
291,644
291,645
291,646
291,647
291,648
291,649
291,650
291,651
291,652
291,653
291,654
291,655
291,656
291,657
291,658
291,659
291,660
291,661
291,662
291,663
291,664
291,665
291,666
291,667
291,668
291,669
292,399
292,400
292,401
292,402
292,403
292,404
292,405
292,406
292,407
292,408
292,409
292,410
292,411
292,412
292,413
292,414
292,415
292,416
292,417
292,418
292,419
292,420
292,421
292,422
292,423
292,424
292,425
292,426
292,427
292,428
292,429
292,430
292,431
292,432
292,433
292,434
292,435
292,436
292,437
292,438
292,439
292,440
292,441
292,442
292,443
292,444
292,445
292,626
292,627
292,628
292,629
292,630
292,631
292,632
292,633
292,634
292,635
292,636
292,637
292,638
292,639
292,640
292,641
292,642
292,643
292,644
292,645
292,646
292,647
292,648
292,649
292,650
292,651
292,652
292,653
292,654
292,655
292,656
292,657
292,658
292,659
292,660
292,661
292,662
292,663
292,664
292,665
292,666
292,667
292,668
292,669
293,398
293,399
293,400
293,401
293,402
293,403
293,404
293,405
293,406
293,407
293,408
293,409
293,410
293,411
293,412
293,413
293,414
293,415
293,416
293,417
293,418
293,419
293,420
293,421
293,422
293,423
293,424
293,425
293,426
293,427
293,428
293,429
293,430
293,431
293,432
293,433
293,434
293,435
293,436
293,437
293,438
293,439
293,440
293,441
293,442
293,443
293,444
293,445
293,446
293,626
293,627
293,628
293,629
293,630
293,631
293,632
293,633
293,634
293,635
293,636
293,637
293,638
293,639
293,640
293,641
293,642
293,643
293,644
293,645
293,646
293,647
293,648
293,649
293,650
293,651
293,652
293,653
293,654
293,655
293,656
293,657
293,658
293,659
293,660
293,661
293,662
293,663
293,664
293,665
293,666
293,667
293,668
293,669
294,397
294,398
294,399
294,400
294,401
294,402
294,403
294,404
294,405
294,406
294,407
294,408
294,409
294,410
294,411
294,412
294,413
294,414
294,415
294,416
294,417
294,418
294,419
294,420
294,421
294,422
294,423
294,424
294,425
294,426
294,427
294,428
294,429
294,430
294,431
294,432
294,433
294,434
294,435
294,436
294,437
294,438
294,439
294,440
294,441
294,442
294,443
294,444
294,445
294,446
294,626
294,627
294,628
294,629
294,630
294,631
294,632
294,633
294,634
294,635
294,636
294,637
294,638
294,639
294,640
294,641
294,642
294,643
294,644
294,645
294,646
294,647
294,648
294,649
294,650
294,651
294,652
294,653
294,654
294,655
294,656
294,657
294,658
294,659
294,660
294,661
294,662
294,663
294,664
294,665
294,666
294,667
294,668
294,669
295,396
295,397
295,398
295,399
295,400
295,401
295,402
295,403
295,404
295,405
295,406
295,407
295,408
295,409
295,410
295,411
295,412
295,413
295,414
295,415
295,416
295,417
295,418
295,419
295,420
295,421
295,422
295,423
295,424
295,425
295,426
295,427
295,428
295,429
295,430
295,431
295,432
295,433
295,434
295,435
295,436
295,437
295,438
295,439
295,440
295,441
295,442
295,443
295,444
295,445
295,446
295,626
295,627
295,628
295,629
295,630
295,631
295,632
295,633
295,634
295,635
295,636
295,637
295,638
295,639
295,640
295,641
295,642
295,643
295,644
295,645
295,646
295,647
295,648
295,649
295,650
295,651
295,652
295,653
295,654
295,655
295,656
295,657
295,658
295,659
295,660
295,661
295,662
295,663
295,664
295,665
295,666
295,667
295,668
295,669
296,395
296,396
296,397
296,398
296,399
296,400
296,401
296,402
296,403
296,404
296,405
296,406
296,407
296,408
296,409
296,410
296,411
296,412
296,413
296,414
296,415
296,416
296,417
296,418
296,419
296,420
296,421
296,422
296,423
296,424
296,425
296,426
296,427
296,428
296,429
296,430
296,431
296,432
296,433
296,434
296,435
296,436
296,437
296,438
296,439
296,440
296,441
296,442
296,443
296,444
296,445
296,446
296,447
296,626
296,627
296,628
296,629
296,630
296,631
296,632
296,633
296,634
296,635
296,636
296,637
296,638
296,639
296,640
296,641
296,642
296,643
296,644
296,645
296,646
296,647
296,648
296,649
296,650
296,651
296,652
296,653
296,654
296,655
296,656
296,657
296,658
296,659
296,660
296,661
296,662
296,663
296,664
296,665
296,666
296,667
296,668
296,669
297,394
297,395
297,396
297,397
297,398
297,399
297,400
297,401
297,402
297,403
297,404
297,405
297,406
297,407
297,408
297,409
297,410
297,411
297,412
297,413
297,414
297,415
297,416
297,417
297,418
297,419
297,420
297,421
297,422
297,423
297,424
297,425
297,426
297,427
297,428
297,429
297,430
297,431
297,432
297,433
297,434
297,435
297,436
297,437
297,438
297,439
297,440
297,441
297,442
297,443
297,444
297,445
297,446
297,447
297,626
297,627
297,628
297,629
297,630
297,631
297,632
297,633
297,634
297,635
297,636
297,637
297,638
297,639
297,640
297,641
297,642
297,643
297,644
297,645
297,646
297,647
297,648
297,649
297,650
297,651
297,652
297,653
297,654
297,655
297,656
297,657
297,658
297,659
297,660
297,661
297,662
297,663
297,664
297,665
297,666
297,667
297,668
297,669
298,393
298,394
298,395
298,396
298,397
298,398
298,399
298,400
298,401
298,402
298,403
298,404
298,405
298,406
298,407
298,408
298,409
298,410
298,411
298,412
298,413
298,414
298,415
298,416
298,417
298,418
298,419
298,420
298,421
298,422
298,423
298,424
298,425
298,426
298,427
298,428
298,429
298,430
298,431
298,432
298,433
298,434
298,435
298,436
298,437
298,438
298,439
298,440
298,441
298,442
298,443
298,444
298,445
298,446
298,626
298,627
298,628
298,629
298,630
298,631
298,632
298,633
298,634
298,635
298,636
298,637
298,638
298,639
298,640
298,641
298,642
298,643
298,644
298,645
298,646
298,647
298,648
298,649
298,650
298,651
298,652
298,653
298,654
298,655
298,656
298,657
298,658
298,659
298,660
298,661
298,662
298,663
298,664
298,665
298,666
298,667
298,668
298,669
299,392
299,393
299,394
299,395
299,396
299,397
299,398
299,399
299,400
299,401
299,402
299,403
299,404
299,405
299,406
299,407
299,408
299,409
299,410
299,411
299,412
299,413
299,414
299,415
299,416
299,417
299,418
299,419
299,420
299,421
299,422
299,423
299,424
299,425
299,426
299,427
299,428
299,429
299,430
299,431
299,432
299,433
299,434
299,435
299,436
299,437
299,438
299,439
299,440
299,441
299,442
299,443
299,444
299,626
299,627
299,628
299,629
299,630
299,631
299,632
299,633
299,634
299,635
299,636
299,637
299,638
299,639
299,640
299,641
299,642
299,643
299,644
299,645
299,646
299,647
299,648
299,649
299,650
299,651
299,652
299,653
299,654
299,655
299,656
299,657
299,658
299,659
299,660
299,661
299,662
299,663
299,664
299,665
299,666
299,667
299,668
299,669
300,390
300,391
300,392
300,393
300,394
300,395
300,396
300,397
300,398
300,399
300,400
300,401
300,402
300,403
300,404
300,405
300,406
300,407
300,408
300,409
300,410
300,411
300,412
300,413
300,414
300,415
300,416
300,417
300,418
300,419
300,420
300,421
300,422
300,423
300,424
300,425
300,426
300,427
300,428
300,429
300,430
300,431
300,432
300,433
300,434
300,435
300,436
300,437
300,438
300,439
300,440
300,441
300,442
300,626
300,627
300,628
300,629
300,630
300,631
300,632
300,633
300,634
300,635
300,636
300,637
300,638
300,639
300,640
300,641
300,642
300,643
300,644
300,645
300,646
300,647
300,648
300,649
300,650
300,651
300,652
300,653
300,654
300,655
300,656
300,657
300,658
300,659
300,660
300,661
300,662
300,663
300,664
300,665
300,666
300,667
300,668
300,669
301,388
301,389
301,390
301,391
301,392
301,393
301,394
301,395
301,396
301,397
301,398
301,399
301,400
301,401
301,402
301,403
301,404
301,405
301,406
301,407
301,408
301,409
301,410
301,411
301,412
301,413
301,414
301,415
301,416
301,417
301,418
301,419
301,420
301,421
301,422
301,423
301,424
301,425
301,426
301,427
301,428
301,429
301,430
301,431
301,432
301,433
301,434
301,435
301,436
301,437
301,438
301,439
301,440
301,626
301,627
301,628
301,629
301,630
301,631
301,632
301,633
301,634
301,635
301,636
301,637
301,638
301,639
301,640
301,641
301,642
301,643
301,644
301,645
301,646
301,647
301,648
301,649
301,650
301,651
301,652
301,653
301,654
301,655
301,656
301,657
301,658
301,659
301,660
301,661
301,662
301,663
301,664
301,665
301,666
301,667
301,668
301,669
302,386
302,387
302,388
302,389
302,390
302,391
302,392
302,393
302,394
302,395
302,396
302,397
302,398
302,399
302,400
302,401
302,402
302,403
302,404
302,405
302,406
302,407
302,408
302,409
302,410
302,411
302,412
302,413
302,414
302,415
302,416
302,417
302,418
302,419
302,420
302,421
302,422
302,423
302,424
302,425
302,426
302,427
302,428
302,429
302,430
302,431
302,432
302,433
302,434
302,435
302,436
302,437
302,438
302,439
302,626
302,627
302,628
302,629
302,630
302,631
302,632
302,633
302,634
302,635
302,636
302,637
302,638
302,639
302,640
302,641
302,642
302,643
302,644
302,645
302,646
302,647
302,648
302,649
302,650
302,651
302,652
302,653
302,654
302,655
302,656
302,657
302,658
302,659
302,660
302,661
302,662
302,663
302,664
302,665
302,666
302,667
302,668
302,669
303,385
303,386
303,387
303,388
303,389
303,390
303,391
303,392
303,393
303,394
303,395
303,396
303,397
303,398
303,399
303,400
303,401
303,402
303,403
303,404
303,405
303,406
303,407
303,408
303,409
303,410
303,411
303,412
303,413
303,414
303,415
303,416
303,417
303,418
303,419
303,420
303,421
303,422
303,423
303,424
303,425
303,426
303,427
303,428
303,429
303,430
303,431
303,432
303,433
303,434
303,435
303,436
303,437
303,626
303,627
303,628
303,629
303,630
303,631
303,632
303,633
303,634
303,635
303,636
303,637
303,638
303,639
303,640
303,641
303,642
303,643
303,644
303,645
303,646
303,647
303,648
303,649
303,650
303,651
303,652
303,653
303,654
303,655
303,656
303,657
303,658
303,659
303,660
303,661
303,662
303,663
303,664
303,665
303,666
303,667
303,668
303,669
304,383
304,384
304,385
304,386
304,387
304,388
304,389
304,390
304,391
304,392
304,393
304,394
304,395
304,396
304,397
304,398
304,399
304,400
304,401
304,402
304,403
304,404
304,405
304,406
304,407
304,408
304,409
304,410
304,411
304,412
304,413
304,414
304,415
304,416
304,417
304,418
304,419
304,420
304,421
304,422
304,423
304,424
304,425
304,426
304,427
304,428
304,429
304,430
304,431
304,432
304,433
304,434
304,435
304,626
304,627
304,628
304,629
304,630
304,631
304,632
304,633
304,634
304,635
304,636
304,637
304,638
304,639
304,640
304,641
304,642
304,643
304,644
304,645
304,646
304,647
304,648
304,649
304,650
304,651
304,652
304,653
304,654
304,655
304,656
304,657
304,658
304,659
304,660
304,661
304,662
304,663
304,664
304,665
304,666
304,667
304,668
304,669
305,381
305,382
305,383
305,384
305,385
305,386
305,387
305,388
305,389
305,390
305,391
305,392
305,393
305,394
305,395
305,396
305,397
305,398
305,399
305,400
305,401
305,402
305,403
305,404
305,405
305,406
305,407
305,408
305,409
305,410
305,411
305,412
305,413
305,414
305,415
305,416
305,417
305,418
305,419
305,420
305,421
305,422
305,423
305,424
305,425
305,426
305,427
305,428
305,429
305,430
305,431
305,432
305,433
305,434
305,627
305,628
305,629
305,630
305,631
305,632
305,633
305,634
305,635
305,636
305,637
305,638
305,639
305,640
305,641
305,642
305,643
305,644
305,645
305,646
305,647
305,648
305,649
305,650
305,651
305,652
305,653
305,654
305,655
305,656
305,657
305,658
305,659
305,660
305,661
305,662
305,663
305,664
305,665
305,666
305,667
305,668
305,669
306,379
306,380
306,381
306,382
306,383
306,384
306,385
306,386
306,387
306,388
306,389
306,390
306,391
306,392
306,393
306,394
306,395
306,396
306,397
306,398
306,399
306,400
306,401
306,402
306,403
306,404
306,405
306,406
306,407
306,408
306,409
306,410
306,411
306,412
306,413
306,414
306,415
306,416
306,417
306,418
306,419
306,420
306,421
306,422
306,423
306,424
306,425
306,426
306,427
306,428
306,429
306,430
306,431
306,432
306,627
306,628
306,629
306,630
306,631
306,632
306,633
306,634
306,635
306,636
306,637
306,638
306,639
306,640
306,641
306,642
306,643
306,644
306,645
306,646
306,647
306,648
306,649
306,650
306,651
306,652
306,653
306,654
306,655
306,656
306,657
306,658
306,659
306,660
306,661
306,662
306,663
306,664
306,665
306,666
306,667
306,668
306,669
307,376
307,377
307,378
307,379
307,380
307,381
307,382
307,383
307,384
307,385
307,386
307,387
307,388
307,389
307,390
307,391
307,392
307,393
307,394
307,395
307,396
307,397
307,398
307,399
307,400
307,401
307,402
307,403
307,404
307,405
307,406
307,407
307,408
307,409
307,410
307,411
307,412
307,413
307,414
307,415
307,416
307,417
307,418
307,419
307,420
307,421
307,422
307,423
307,424
307,425
307,426
307,427
307,428
307,429
307,430
307,627
307,628
307,629
307,630
307,631
307,632
307,633
307,634
307,635
307,636
307,637
307,638
307,639
307,640
307,641
307,642
307,643
307,644
307,645
307,646
307,647
307,648
307,649
307,650
307,651
307,652
307,653
307,654
307,655
307,656
307,657
307,658
307,659
307,660
307,661
307,662
307,663
307,664
307,665
307,666
307,667
307,668
307,669
308,372
308,373
308,374
308,375
308,376
308,377
308,378
308,379
308,380
308,381
308,382
308,383
308,384
308,385
308,386
308,387
308,388
308,389
308,390
308,391
308,392
308,393
308,394
308,395
308,396
308,397
308,398
308,399
308,400
308,401
308,402
308,403
308,404
308,405
308,406
308,407
308,408
308,409
308,410
308,411
308,412
308,413
308,414
308,415
308,416
308,417
308,418
308,419
308,420
308,421
308,422
308,423
308,424
308,425
308,426
308,427
308,428
308,627
308,628
308,629
308,630
308,631
308,632
308,633
308,634
308,635
308,636
308,637
308,638
308,639
308,640
308,641
308,642
308,643
308,644
308,645
308,646
308,647
308,648
308,649
308,650
308,651
308,652
308,653
308,654
308,655
308,656
308,657
308,658
308,659
308,660
308,661
308,662
308,663
308,664
308,665
308,666
308,667
308,668
308,669
309,368
309,369
309,370
309,371
309,372
309,373
309,374
309,375
309,376
309,377
309,378
309,379
309,380
309,381
309,382
309,383
309,384
309,385
309,386
309,387
309,388
309,389
309,390
309,391
309,392
309,393
309,394
309,395
309,396
309,397
309,398
309,399
309,400
309,401
309,402
309,403
309,404
309,405
309,406
309,407
309,408
309,409
309,410
309,411
309,412
309,413
309,414
309,415
309,416
309,417
309,418
309,419
309,420
309,421
309,422
309,423
309,424
309,425
309,426
309,427
309,627
309,628
309,629
309,630
309,631
309,632
309,633
309,634
309,635
309,636
309,637
309,638
309,639
309,640
309,641
309,642
309,643
309,644
309,645
309,646
309,647
309,648
309,649
309,650
309,651
309,652
309,653
309,654
309,655
309,656
309,657
309,658
309,659
309,660
309,661
309,662
309,663
309,664
309,665
309,666
309,667
309,668
309,669
309,670
310,364
310,365
310,366
310,367
310,368
310,369
310,370
310,371
310,372
310,373
310,374
310,375
310,376
310,377
310,378
310,379
310,380
310,381
310,382
310,383
310,384
310,385
310,386
310,387
310,388
310,389
310,390
310,391
310,392
310,393
310,394
310,395
310,396
310,397
310,398
310,399
310,400
310,401
310,402
310,403
310,404
310,405
310,406
310,407
310,408
310,409
310,410
310,411
310,412
310,413
310,414
310,415
310,416
310,417
310,418
310,419
310,420
310,421
310,422
310,423
310,424
310,425
310,426
310,627
310,628
310,629
310,630
310,631
310,632
310,633
310,634
310,635
310,636
310,637
310,638
310,639
310,640
310,641
310,642
310,643
310,644
310,645
310,646
310,647
310,648
310,649
310,650
310,651
310,652
310,653
310,654
310,655
310,656
310,657
310,658
310,659
310,660
310,661
310,662
310,663
310,664
310,665
310,666
310,667
310,668
310,669
310,670
310,671
311,352
311,353
311,354
311,355
311,356
311,357
311,358
311,359
311,360
311,361
311,362
311,363
311,364
311,365
311,366
311,367
311,368
311,369
311,370
311,371
311,372
311,373
311,374
311,375
311,376
311,377
311,378
311,379
311,380
311,381
311,382
311,383
311,384
311,385
311,386
311,387
311,388
311,389
311,390
311,391
311,392
311,393
311,394
311,395
311,396
311,397
311,398
311,399
311,400
311,401
311,402
311,403
311,404
311,405
311,406
311,407
311,408
311,409
311,410
311,411
311,412
311,413
311,414
311,415
311,416
311,417
311,418
311,419
311,420
311,421
311,422
311,423
311,424
311,425
311,426
311,627
311,628
311,629
311,630
311,631
311,632
311,633
311,634
311,635
311,636
311,637
311,638
311,639
311,640
311,641
311,642
311,643
311,644
311,645
311,646
311,647
311,648
311,649
311,650
311,651
311,652
311,653
311,654
311,655
311,656
311,657
311,658
311,659
311,660
311,661
311,662
311,663
311,664
311,665
311,666
311,667
311,668
311,669
311,670
311,671
311,672
312,343
312,344
312,345
312,346
312,347
312,348
312,349
312,350
312,351
312,352
312,353
312,354
312,355
312,356
312,357
312,358
312,359
312,360
312,361
312,362
312,363
312,364
312,365
312,366
312,367
312,368
312,369
312,370
312,371
312,372
312,373
312,374
312,375
312,376
312,377
312,378
312,379
312,380
312,381
312,382
312,383
312,384
312,385
312,386
312,387
312,388
312,389
312,390
312,391
312,392
312,393
312,394
312,395
312,396
312,397
312,398
312,399
312,400
312,401
312,402
312,403
312,404
312,405
312,406
312,407
312,408
312,409
312,410
312,411
312,412
312,413
312,414
312,415
312,416
312,417
312,418
312,419
312,420
312,421
312,422
312,423
312,424
312,425
312,627
312,628
312,629
312,630
312,631
312,632
312,633
312,634
312,635
312,636
312,637
312,638
312,639
312,640
312,641
312,642
312,643
312,644
312,645
312,646
312,647
312,648
312,649
312,650
312,651
312,652
312,653
312,654
312,655
312,656
312,657
312,658
312,659
312,660
312,661
312,662
312,663
312,664
312,665
312,666
312,667
312,668
312,669
312,670
312,671
312,672
313,343
313,344
313,345
313,346
313,347
313,348
313,349
313,350
313,351
313,352
313,353
313,354
313,355
313,356
313,357
313,358
313,359
313,360
313,361
313,362
313,363
313,364
313,365
313,366
313,367
313,368
313,369
313,370
313,371
313,372
313,373
313,374
313,375
313,376
313,377
313,378
313,379
313,380
313,381
313,382
313,383
313,384
313,385
313,386
313,387
313,388
313,389
313,390
313,391
313,392
313,393
313,394
313,395
313,396
313,397
313,398
313,399
313,400
313,401
313,402
313,403
313,404
313,405
313,406
313,407
313,408
313,409
313,410
313,411
313,412
313,413
313,414
313,415
313,416
313,417
313,418
313,419
313,420
313,421
313,422
313,423
313,424
313,627
313,628
313,629
313,630
313,631
313,632
313,633
313,634
313,635
313,636
313,637
313,638
313,639
313,640
313,641
313,642
313,643
313,644
313,645
313,646
313,647
313,648
313,649
313,650
313,651
313,652
313,653
313,654
313,655
313,656
313,657
313,658
313,659
313,660
313,661
313,662
313,663
313,664
313,665
313,666
313,667
313,668
313,669
313,670
313,671
313,672
313,673
314,343
314,344
314,345
314,346
314,347
314,348
314,349
314,350
314,351
314,352
314,353
314,354
314,355
314,356
314,357
314,358
314,359
314,360
314,361
314,362
314,363
314,364
314,365
314,366
314,367
314,368
314,369
314,370
314,371
314,372
314,373
314,374
314,375
314,376
314,377
314,378
314,379
314,380
314,381
314,382
314,383
314,384
314,385
314,386
314,387
314,388
314,389
314,390
314,391
314,392
314,393
314,394
314,395
314,396
314,397
314,398
314,399
314,400
314,401
314,402
314,403
314,404
314,405
314,406
314,407
314,408
314,409
314,410
314,411
314,412
314,413
314,414
314,415
314,416
314,417
314,418
314,419
314,420
314,421
314,422
314,423
314,627
314,628
314,629
314,630
314,631
314,632
314,633
314,634
314,635
314,636
314,637
314,638
314,639
314,640
314,641
314,642
314,643
314,644
314,645
314,646
314,647
314,648
314,649
314,650
314,651
314,652
314,653
314,654
314,655
314,656
314,657
314,658
314,659
314,660
314,661
314,662
314,663
314,664
314,665
314,666
314,667
314,668
314,669
314,670
314,671
314,672
314,673
314,674
315,343
315,344
315,345
315,346
315,347
315,348
315,349
315,350
315,351
315,352
315,353
315,354
315,355
315,356
315,357
315,358
315,359
315,360
315,361
315,362
315,363
315,364
315,365
315,366
315,367
315,368
315,369
315,370
315,371
315,372
315,373
315,374
315,375
315,376
315,377
315,378
315,379
315,380
315,381
315,382
315,383
315,384
315,385
315,386
315,387
315,388
315,389
315,390
315,391
315,392
315,393
315,394
315,395
315,396
315,397
315,398
315,399
315,400
315,401
315,402
315,403
315,404
315,405
315,406
315,407
315,408
315,409
315,410
315,411
315,412
315,413
315,414
315,415
315,416
315,417
315,418
315,419
315,420
315,421
315,422
315,627
315,628
315,629
315,630
315,631
315,632
315,633
315,634
315,635
315,636
315,637
315,638
315,639
315,640
315,641
315,642
315,643
315,644
315,645
315,646
315,647
315,648
315,649
315,650
315,651
315,652
315,653
315,654
315,655
315,656
315,657
315,658
315,659
315,660
315,661
315,662
315,663
315,664
315,665
315,666
315,667
315,668
315,669
315,670
315,671
315,672
315,673
315,674
315,675
316,343
316,344
316,345
316,346
316,347
316,348
316,349
316,350
316,351
316,352
316,353
316,354
316,355
316,356
316,357
316,358
316,359
316,360
316,361
316,362
316,363
316,364
316,365
316,366
316,367
316,368
316,369
316,370
316,371
316,372
316,373
316,374
316,375
316,376
316,377
316,378
316,379
316,380
316,381
316,382
316,383
316,384
316,385
316,386
316,387
316,388
316,389
316,390
316,391
316,392
316,393
316,394
316,395
316,396
316,397
316,398
316,399
316,400
316,401
316,402
316,403
316,404
316,405
316,406
316,407
316,408
316,409
316,410
316,411
316,412
316,413
316,414
316,415
316,416
316,417
316,418
316,419
316,420
316,421
316,422
316,627
316,628
316,629
316,630
316,631
316,632
316,633
316,634
316,635
316,636
316,637
316,638
316,639
316,640
316,641
316,642
316,643
316,644
316,645
316,646
316,647
316,648
316,649
316,650
316,651
316,652
316,653
316,654
316,655
316,656
316,657
316,658
316,659
316,660
316,661
316,662
316,663
316,664
316,665
316,666
316,667
316,668
316,669
316,670
316,671
316,672
316,673
316,674
316,675
316,676
317,343
317,344
317,345
317,346
317,347
317,348
317,349
317,350
317,351
317,352
317,353
317,354
317,355
317,356
317,357
317,358
317,359
317,360
317,361
317,362
317,363
317,364
317,365
317,366
317,367
317,368
317,369
317,370
317,371
317,372
317,373
317,374
317,375
317,376
317,377
317,378
317,379
317,380
317,381
317,382
317,383
317,384
317,385
317,386
317,387
317,388
317,389
317,390
317,391
317,392
317,393
317,394
317,395
317,396
317,397
317,398
317,399
317,400
317,401
317,402
317,403
317,404
317,405
317,406
317,407
317,408
317,409
317,410
317,411
317,412
317,413
317,414
317,415
317,416
317,417
317,418
317,419
317,420
317,421
317,627
317,628
317,629
317,630
317,631
317,632
317,633
317,634
317,635
317,636
317,637
317,638
317,639
317,640
317,641
317,642
317,643
317,644
317,645
317,646
317,647
317,648
317,649
317,650
317,651
317,652
317,653
317,654
317,655
317,656
317,657
317,658
317,659
317,660
317,661
317,662
317,663
317,664
317,665
317,666
317,667
317,668
317,669
317,670
317,671
317,672
317,673
317,674
317,675
317,676
317,677
318,343
318,344
318,345
318,346
318,347
318,348
318,349
318,350
318,351
318,352
318,353
318,354
318,355
318,356
318,357
318,358
318,359
318,360
318,361
318,362
318,363
318,364
318,365
318,366
318,367
318,368
318,369
318,370
318,371
318,372
318,373
318,374
318,375
318,376
318,377
318,378
318,379
318,380
318,381
318,382
318,383
318,384
318,385
318,386
318,387
318,388
318,389
318,390
318,391
318,392
318,393
318,394
318,395
318,396
318,397
318,398
318,399
318,400
318,401
318,402
318,403
318,404
318,405
318,406
318,407
318,408
318,409
318,410
318,411
318,412
318,413
318,414
318,415
318,416
318,417
318,418
318,419
318,420
318,627
318,628
318,629
318,630
318,631
318,632
318,633
318,642
318,643
318,644
318,645
318,646
318,647
318,648
318,649
318,650
318,651
318,652
318,653
318,654
318,655
318,656
318,657
318,658
318,659
318,660
318,661
318,662
318,663
318,664
318,665
318,666
318,667
318,668
318,669
318,670
318,671
318,672
318,673
318,674
318,675
318,676
318,677
319,343
319,344
319,345
319,346
319,347
319,348
319,349
319,350
319,351
319,352
319,353
319,354
319,355
319,356
319,357
319,358
319,359
319,360
319,361
319,362
319,363
319,364
319,365
319,366
319,367
319,368
319,369
319,370
319,371
319,372
319,373
319,374
319,375
319,376
319,377
319,378
319,379
319,380
319,381
319,382
319,383
319,384
319,385
319,386
319,387
319,388
319,389
319,390
319,391
319,392
319,393
319,394
319,395
319,396
319,397
319,398
319,399
319,400
319,401
319,402
319,403
319,404
319,405
319,406
319,407
319,408
319,409
319,410
319,411
319,412
319,413
319,414
319,415
319,416
319,417
319,418
319,419
319,645
319,646
319,647
319,648
319,649
319,650
319,651
319,652
319,653
319,654
319,655
319,656
319,657
319,658
319,659
319,660
319,661
319,662
319,663
319,664
319,665
319,666
319,667
319,668
319,669
319,670
319,671
319,672
319,673
319,674
319,675
319,676
319,677
319,678
320,343
320,344
320,345
320,346
320,347
320,348
320,349
320,350
320,351
320,352
320,353
320,354
320,355
320,356
320,357
320,358
320,359
320,360
320,361
320,362
320,363
320,364
320,365
320,366
320,367
320,368
320,369
320,370
320,371
320,372
320,373
320,374
320,375
320,376
320,377
320,378
320,379
320,380
320,381
320,382
320,383
320,384
320,385
320,386
320,387
320,388
320,389
320,390
320,391
320,392
320,393
320,394
320,395
320,396
320,397
320,398
320,399
320,400
320,401
320,402
320,403
320,404
320,405
320,406
320,407
320,408
320,409
320,410
320,411
320,412
320,413
320,414
320,415
320,416
320,417
320,418
320,419
320,648
320,649
320,650
320,651
320,652
320,653
320,654
320,655
320,656
320,657
320,658
320,659
320,660
320,661
320,662
320,663
320,664
320,665
320,666
320,667
320,668
320,669
320,670
320,671
320,672
320,673
320,674
320,675
320,676
320,677
320,678
320,679
320,680
321,343
321,344
321,345
321,346
321,347
321,348
321,349
321,350
321,351
321,352
321,353
321,354
321,355
321,356
321,357
321,358
321,359
321,360
321,361
321,362
321,363
321,364
321,365
321,366
321,367
321,368
321,369
321,370
321,371
321,372
321,373
321,374
321,375
321,376
321,377
321,378
321,379
321,380
321,381
321,382
321,383
321,384
321,385
321,386
321,387
321,388
321,389
321,390
321,391
321,392
321,393
321,394
321,395
321,396
321,397
321,398
321,399
321,400
321,401
321,402
321,403
321,404
321,405
321,406
321,407
321,408
321,409
321,410
321,411
321,412
321,413
321,414
321,415
321,416
321,417
321,418
321,650
321,651
321,652
321,653
321,654
321,655
321,656
321,657
321,658
321,659
321,660
321,661
321,662
321,663
321,664
321,665
321,666
321,667
321,668
321,669
321,670
321,671
321,672
321,673
321,674
321,675
321,676
321,677
321,678
321,679
321,680
321,681
321,682
321,683
321,684
322,342
322,343
322,344
322,345
322,346
322,347
322,348
322,349
322,350
322,351
322,352
322,353
322,354
322,355
322,356
322,357
322,358
322,359
322,360
322,361
322,362
322,363
322,364
322,365
322,366
322,367
322,368
322,369
322,370
322,371
322,372
322,373
322,374
322,375
322,376
322,377
322,378
322,379
322,380
322,381
322,382
322,383
322,384
322,385
322,386
322,387
322,388
322,389
322,390
322,391
322,392
322,393
322,394
322,395
322,396
322,397
322,398
322,399
322,400
322,401
322,402
322,403
322,404
322,405
322,406
322,407
322,408
322,409
322,410
322,411
322,412
322,413
322,414
322,415
322,416
322,417
322,653
322,654
322,655
322,656
322,657
322,658
322,659
322,660
322,661
322,662
322,663
322,664
322,665
322,666
322,667
322,668
322,669
322,670
322,671
322,672
322,673
322,674
322,675
322,676
322,677
322,678
322,679
322,680
322,681
322,682
322,683
322,684
322,685
322,686
322,687
322,688
323,342
323,343
323,344
323,345
323,346
323,347
323,348
323,349
323,350
323,351
323,352
323,353
323,354
323,355
323,356
323,357
323,358
323,359
323,360
323,361
323,362
323,363
323,364
323,365
323,366
323,367
323,368
323,369
323,370
323,371
323,372
323,373
323,374
323,375
323,376
323,377
323,378
323,379
323,380
323,381
323,382
323,383
323,384
323,385
323,386
323,387
323,388
323,389
323,390
323,391
323,392
323,393
323,394
323,395
323,396
323,397
323,398
323,399
323,400
323,401
323,402
323,403
323,404
323,405
323,406
323,407
323,408
323,409
323,410
323,411
323,412
323,413
323,414
323,415
323,416
323,417
323,654
323,655
323,656
323,657
323,658
323,659
323,660
323,661
323,662
323,663
323,664
323,665
323,666
323,667
323,668
323,669
323,670
323,671
323,672
323,673
323,674
323,675
323,676
323,677
323,678
323,679
323,680
323,681
323,682
323,683
323,684
323,685
323,686
323,687
323,688
323,689
323,690
323,691
324,342
324,343
324,344
324,345
324,346
324,347
324,348
324,349
324,350
324,351
324,352
324,353
324,354
324,355
324,356
324,357
324,358
324,359
324,360
324,361
324,362
324,363
324,364
324,365
324,366
324,367
324,368
324,369
324,370
324,371
324,372
324,373
324,374
324,375
324,376
324,377
324,378
324,379
324,380
324,381
324,382
324,383
324,384
324,385
324,386
324,387
324,388
324,389
324,390
324,391
324,392
324,393
324,394
324,395
324,396
324,397
324,398
324,399
324,400
324,401
324,402
324,403
324,404
324,405
324,406
324,407
324,408
324,409
324,410
324,411
324,412
324,413
324,414
324,415
324,416
324,655
324,656
324,657
324,658
324,659
324,660
324,661
324,662
324,663
324,664
324,665
324,666
324,667
324,668
324,669
324,670
324,671
324,672
324,673
324,674
324,675
324,676
324,677
324,678
324,679
324,680
324,681
324,682
324,683
324,684
324,685
324,686
324,687
324,688
324,689
324,690
324,691
324,692
324,693
324,694
324,695
325,342
325,343
325,344
325,345
325,346
325,347
325,348
325,349
325,350
325,351
325,352
325,353
325,354
325,355
325,356
325,357
325,358
325,359
325,360
325,361
325,362
325,363
325,364
325,365
325,366
325,367
325,368
325,369
325,370
325,371
325,372
325,373
325,374
325,375
325,376
325,377
325,378
325,379
325,380
325,381
325,382
325,383
325,384
325,385
325,386
325,387
325,388
325,389
325,390
325,391
325,392
325,393
325,394
325,395
325,396
325,397
325,398
325,399
325,400
325,401
325,402
325,403
325,404
325,405
325,406
325,407
325,408
325,409
325,410
325,411
325,412
325,413
325,414
325,415
325,416
325,655
325,656
325,657
325,658
325,659
325,660
325,661
325,662
325,663
325,664
325,665
325,666
325,667
325,668
325,669
325,670
325,671
325,672
325,673
325,674
325,675
325,676
325,677
325,678
325,679
325,680
325,681
325,682
325,683
325,684
325,685
325,686
325,687
325,688
325,689
325,690
325,691
325,692
325,693
325,694
325,695
325,696
325,697
325,698
325,699
326,342
326,343
326,344
326,345
326,346
326,347
326,348
326,349
326,350
326,351
326,352
326,353
326,354
326,355
326,356
326,357
326,358
326,359
326,360
326,361
326,362
326,363
326,364
326,365
326,366
326,367
326,368
326,369
326,370
326,371
326,372
326,373
326,374
326,375
326,376
326,377
326,378
326,379
326,380
326,381
326,382
326,383
326,384
326,385
326,386
326,387
326,388
326,389
326,390
326,391
326,392
326,393
326,394
326,395
326,396
326,397
326,398
326,399
326,400
326,401
326,402
326,403
326,404
326,405
326,406
326,407
326,408
326,409
326,410
326,411
326,412
326,413
326,414
326,415
326,416
326,655
326,656
326,657
326,658
326,659
326,660
326,661
326,662
326,663
326,664
326,665
326,666
326,667
326,668
326,669
326,670
326,671
326,672
326,673
326,674
326,675
326,676
326,677
326,678
326,679
326,680
326,681
326,682
326,683
326,684
326,685
326,686
326,687
326,688
326,689
326,690
326,691
326,692
326,693
326,694
326,695
326,696
326,697
326,698
326,699
326,700
326,701
327,342
327,343
327,344
327,345
327,346
327,347
327,348
327,349
327,350
327,351
327,352
327,353
327,354
327,355
327,356
327,357
327,358
327,359
327,360
327,361
327,362
327,363
327,364
327,365
327,366
327,367
327,368
327,369
327,370
327,371
327,372
327,373
327,374
327,375
327,376
327,377
327,378
327,379
327,380
327,381
327,382
327,383
327,384
327,385
327,386
327,387
327,388
327,389
327,390
327,391
327,392
327,393
327,394
327,395
327,396
327,397
327,398
327,399
327,400
327,401
327,402
327,403
327,404
327,405
327,406
327,407
327,408
327,409
327,410
327,411
327,412
327,413
327,414
327,415
327,656
327,657
327,658
327,659
327,660
327,661
327,662
327,663
327,664
327,665
327,666
327,667
327,668
327,669
327,670
327,671
327,672
327,673
327,674
327,675
327,676
327,677
327,678
327,679
327,680
327,681
327,682
327,683
327,684
327,685
327,686
327,687
327,688
327,689
327,690
327,691
327,692
327,693
327,694
327,695
327,696
327,697
327,698
327,699
327,700
327,701
328,342
328,343
328,344
328,345
328,346
328,347
328,348
328,349
328,350
328,351
328,352
328,353
328,354
328,355
328,356
328,357
328,358
328,359
328,360
328,361
328,362
328,363
328,364
328,365
328,366
328,367
328,368
328,369
328,370
328,371
328,372
328,373
328,374
328,375
328,376
328,377
328,378
328,379
328,380
328,381
328,382
328,383
328,384
328,385
328,386
328,387
328,388
328,389
328,390
328,391
328,392
328,393
328,394
328,395
328,396
328,397
328,398
328,399
328,400
328,401
328,402
328,403
328,404
328,405
328,406
328,407
328,408
328,409
328,410
328,411
328,412
328,413
328,414
328,415
328,656
328,657
328,658
328,659
328,660
328,661
328,662
328,663
328,664
328,665
328,666
328,667
328,668
328,669
328,670
328,671
328,672
328,673
328,674
328,675
328,676
328,677
328,678
328,679
328,680
328,681
328,682
328,683
328,684
328,685
328,686
328,687
328,688
328,689
328,690
328,691
328,692
328,693
328,694
328,695
328,696
328,697
328,698
328,699
328,700
328,701
329,342
329,343
329,344
329,345
329,346
329,347
329,348
329,349
329,350
329,351
329,352
329,353
329,354
329,355
329,356
329,357
329,358
329,359
329,360
329,361
329,362
329,363
329,364
329,365
329,366
329,367
329,368
329,369
329,370
329,371
329,372
329,373
329,374
329,375
329,376
329,377
329,378
329,379
329,380
329,381
329,382
329,383
329,384
329,385
329,386
329,387
329,388
329,389
329,390
329,391
329,392
329,393
329,394
329,395
329,396
329,397
329,398
329,399
329,400
329,401
329,402
329,403
329,404
329,405
329,406
329,407
329,408
329,409
329,410
329,411
329,412
329,413
329,414
329,415
329,656
329,657
329,658
329,659
329,660
329,661
329,662
329,663
329,664
329,665
329,666
329,667
329,668
329,669
329,670
329,671
329,672
329,673
329,674
329,675
329,676
329,677
329,678
329,679
329,680
329,681
329,682
329,683
329,684
329,685
329,686
329,687
329,688
329,689
329,690
329,691
329,692
329,693
329,694
329,695
329,696
329,697
329,698
329,699
329,700
329,701
330,342
330,343
330,344
330,345
330,346
330,347
330,348
330,349
330,350
330,351
330,352
330,353
330,354
330,355
330,356
330,357
330,358
330,359
330,360
330,361
330,362
330,363
330,364
330,365
330,366
330,367
330,368
330,369
330,370
330,371
330,372
330,373
330,374
330,375
330,376
330,377
330,378
330,379
330,380
330,381
330,382
330,383
330,384
330,385
330,386
330,387
330,388
330,389
330,390
330,391
330,392
330,393
330,394
330,395
330,396
330,397
330,398
330,399
330,400
330,401
330,402
330,403
330,404
330,405
330,406
330,407
330,408
330,409
330,410
330,411
330,412
330,413
330,414
330,415
330,657
330,658
330,659
330,660
330,661
330,662
330,663
330,664
330,665
330,666
330,667
330,668
330,669
330,670
330,671
330,672
330,673
330,674
330,675
330,676
330,677
330,678
330,679
330,680
330,681
330,682
330,683
330,684
330,685
330,686
330,687
330,688
330,689
330,690
330,691
330,692
330,693
330,694
330,695
330,696
330,697
330,698
330,699
330,700
330,701
331,342
331,343
331,344
331,345
331,346
331,347
331,348
331,349
331,350
331,351
331,352
331,353
331,354
331,355
331,356
331,357
331,358
331,359
331,360
331,361
331,362
331,363
331,364
331,365
331,366
331,367
331,368
331,369
331,370
331,371
331,372
331,373
331,374
331,375
331,376
331,377
331,378
331,379
331,380
331,381
331,382
331,383
331,384
331,385
331,386
331,387
331,388
331,389
331,390
331,391
331,392
331,393
331,394
331,395
331,396
331,397
331,398
331,399
331,400
331,401
331,402
331,403
331,404
331,405
331,406
331,407
331,408
331,409
331,410
331,411
331,412
331,413
331,414
331,657
331,658
331,659
331,660
331,661
331,662
331,663
331,664
331,665
331,666
331,667
331,668
331,669
331,670
331,671
331,672
331,673
331,674
331,675
331,676
331,677
331,678
331,679
331,680
331,681
331,682
331,683
331,684
331,685
331,686
331,687
331,688
331,689
331,690
331,691
331,692
331,693
331,694
331,695
331,696
331,697
331,698
331,699
331,700
332,342
332,343
332,344
332,345
332,346
332,347
332,348
332,349
332,350
332,351
332,352
332,353
332,354
332,355
332,356
332,357
332,358
332,359
332,360
332,361
332,362
332,363
332,364
332,365
332,366
332,367
332,368
332,369
332,370
332,371
332,372
332,373
332,374
332,375
332,376
332,377
332,378
332,379
332,380
332,381
332,382
332,383
332,384
332,385
332,386
332,387
332,388
332,389
332,390
332,391
332,392
332,393
332,394
332,395
332,396
332,397
332,398
332,399
332,400
332,401
332,402
332,403
332,404
332,405
332,406
332,407
332,408
332,409
332,410
332,411
332,412
332,413
332,414
332,657
332,658
332,659
332,660
332,661
332,662
332,663
332,664
332,665
332,666
332,667
332,668
332,669
332,670
332,671
332,672
332,673
332,674
332,675
332,676
332,677
332,678
332,679
332,680
332,681
332,682
332,683
332,684
332,685
332,686
332,687
332,688
332,689
332,690
332,691
332,692
332,693
332,694
332,695
332,696
332,697
332,698
332,699
332,700
333,342
333,343
333,344
333,345
333,346
333,347
333,348
333,349
333,350
333,351
333,352
333,353
333,354
333,355
333,356
333,357
333,358
333,359
333,360
333,361
333,362
333,363
333,364
333,365
333,366
333,367
333,368
333,369
333,370
333,371
333,372
333,373
333,374
333,375
333,376
333,377
333,378
333,379
333,380
333,381
333,382
333,383
333,384
333,385
333,386
333,387
333,388
333,389
333,390
333,391
333,392
333,393
333,394
333,395
333,396
333,397
333,398
333,399
333,400
333,401
333,402
333,403
333,404
333,405
333,406
333,407
333,408
333,409
333,410
333,411
333,412
333,413
333,414
333,658
333,659
333,660
333,661
333,662
333,663
333,664
333,665
333,666
333,667
333,668
333,669
333,670
333,671
333,672
333,673
333,674
333,675
333,676
333,677
333,678
333,679
333,680
333,681
333,682
333,683
333,684
333,685
333,686
333,687
333,688
333,689
333,690
333,691
333,692
333,693
333,694
333,695
333,696
333,697
333,698
333,699
333,700
334,342
334,343
334,344
334,345
334,346
334,347
334,348
334,349
334,350
334,351
334,352
334,353
334,354
334,355
334,356
334,357
334,358
334,359
334,360
334,361
334,362
334,363
334,364
334,365
334,366
334,367
334,368
334,369
334,370
334,371
334,372
334,373
334,374
334,375
334,376
334,377
334,378
334,379
334,380
334,381
334,382
334,383
334,384
334,385
334,386
334,387
334,388
334,389
334,390
334,391
334,392
334,393
334,394
334,395
334,396
334,397
334,398
334,399
334,400
334,401
334,402
334,403
334,404
334,405
334,406
334,407
334,408
334,409
334,410
334,411
334,412
334,413
334,658
334,659
334,660
334,661
334,662
334,663
334,664
334,665
334,666
334,667
334,668
334,669
334,670
334,671
334,672
334,673
334,674
334,675
334,676
334,677
334,678
334,679
334,680
334,681
334,682
334,683
334,684
334,685
334,686
334,687
334,688
334,689
334,690
334,691
334,692
334,693
334,694
334,695
334,696
334,697
334,698
334,699
334,700
335,342
335,343
335,344
335,345
335,346
335,347
335,348
335,349
335,350
335,351
335,352
335,353
335,354
335,355
335,356
335,357
335,358
335,359
335,360
335,361
335,362
335,363
335,364
335,365
335,366
335,367
335,368
335,369
335,370
335,371
335,372
335,373
335,374
335,375
335,376
335,377
335,378
335,379
335,380
335,381
335,382
335,383
335,384
335,385
335,386
335,387
335,388
335,389
335,390
335,391
335,392
335,393
335,394
335,395
335,396
335,397
335,398
335,399
335,400
335,401
335,402
335,403
335,404
335,405
335,406
335,407
335,408
335,409
335,410
335,411
335,412
335,413
335,658
335,659
335,660
335,661
335,662
335,663
335,664
335,665
335,666
335,667
335,668
335,669
335,670
335,671
335,672
335,673
335,674
335,675
335,676
335,677
335,678
335,679
335,680
335,681
335,682
335,683
335,684
335,685
335,686
335,687
335,688
335,689
335,690
335,691
335,692
335,693
335,694
335,695
335,696
335,697
335,698
335,699
335,700
336,342
336,343
336,344
336,345
336,346
336,347
336,348
336,349
336,350
336,351
336,352
336,353
336,354
336,355
336,356
336,357
336,358
336,359
336,360
336,361
336,362
336,363
336,364
336,365
336,366
336,367
336,368
336,369
336,370
336,371
336,372
336,373
336,374
336,375
336,376
336,377
336,378
336,379
336,380
336,381
336,382
336,383
336,384
336,385
336,386
336,387
336,388
336,389
336,390
336,391
336,392
336,393
336,394
336,395
336,396
336,397
336,398
336,399
336,400
336,401
336,402
336,403
336,404
336,405
336,406
336,407
336,408
336,409
336,410
336,411
336,412
336,413
336,659
336,660
336,661
336,662
336,663
336,664
336,665
336,666
336,667
336,668
336,669
336,670
336,671
336,672
336,673
336,674
336,675
336,676
336,677
336,678
336,679
336,680
336,681
336,682
336,683
336,684
336,685
336,686
336,687
336,688
336,689
336,690
336,691
336,692
336,693
336,694
336,695
336,696
336,697
336,698
336,699
336,700
337,342
337,343
337,344
337,345
337,346
337,347
337,348
337,349
337,350
337,351
337,352
337,353
337,354
337,355
337,356
337,357
337,358
337,359
337,360
337,361
337,362
337,363
337,364
337,365
337,366
337,367
337,368
337,369
337,370
337,371
337,372
337,373
337,374
337,375
337,376
337,377
337,378
337,379
337,380
337,381
337,382
337,383
337,384
337,385
337,386
337,387
337,388
337,389
337,390
337,391
337,392
337,393
337,394
337,395
337,396
337,397
337,398
337,399
337,400
337,401
337,402
337,403
337,404
337,405
337,406
337,407
337,408
337,409
337,410
337,411
337,412
337,659
337,660
337,661
337,662
337,663
337,664
337,665
337,666
337,667
337,668
337,669
337,670
337,671
337,672
337,673
337,674
337,675
337,676
337,677
337,678
337,679
337,680
337,681
337,682
337,683
337,684
337,685
337,686
337,687
337,688
337,689
337,690
337,691
337,692
337,693
337,694
337,695
337,696
337,697
337,698
337,699
337,700
338,342
338,343
338,344
338,345
338,346
338,347
338,348
338,349
338,350
338,351
338,352
338,353
338,354
338,355
338,356
338,357
338,358
338,359
338,360
338,361
338,362
338,363
338,364
338,365
338,366
338,367
338,368
338,369
338,370
338,371
338,372
338,373
338,374
338,375
338,376
338,377
338,378
338,379
338,380
338,381
338,382
338,383
338,384
338,385
338,386
338,387
338,388
338,389
338,390
338,391
338,392
338,393
338,394
338,395
338,396
338,397
338,398
338,399
338,400
338,401
338,402
338,403
338,404
338,405
338,406
338,407
338,408
338,409
338,410
338,411
338,412
338,659
338,660
338,661
338,662
338,663
338,664
338,665
338,666
338,667
338,668
338,669
338,670
338,671
338,672
338,673
338,674
338,675
338,676
338,677
338,678
338,679
338,680
338,681
338,682
338,683
338,684
338,685
338,686
338,687
338,688
338,689
338,690
338,691
338,692
338,693
338,694
338,695
338,696
338,697
338,698
338,699
338,700
339,342
339,343
339,344
339,345
339,346
339,347
339,348
339,349
339,350
339,351
339,352
339,353
339,354
339,355
339,356
339,357
339,358
339,359
339,360
339,361
339,362
339,363
339,364
339,365
339,366
339,367
339,368
339,369
339,370
339,371
339,372
339,373
339,374
339,375
339,376
339,377
339,378
339,379
339,380
339,381
339,382
339,383
339,384
339,385
339,386
339,387
339,388
339,389
339,390
339,391
339,392
339,393
339,394
339,395
339,396
339,397
339,398
339,399
339,400
339,401
339,402
339,403
339,404
339,405
339,406
339,407
339,408
339,409
339,410
339,411
339,412
339,660
339,661
339,662
339,663
339,664
339,665
339,666
339,667
339,668
339,669
339,670
339,671
339,672
339,673
339,674
339,675
339,676
339,677
339,678
339,679
339,680
339,681
339,682
339,683
339,684
339,685
339,686
339,687
339,688
339,689
339,690
339,691
339,692
339,693
339,694
339,695
339,696
339,697
339,698
339,699
339,700
340,341
340,342
340,343
340,344
340,345
340,346
340,347
340,348
340,349
340,350
340,351
340,352
340,353
340,354
340,355
340,356
340,357
340,358
340,359
340,360
340,361
340,362
340,363
340,364
340,365
340,366
340,367
340,368
340,369
340,370
340,371
340,372
340,373
340,374
340,375
340,376
340,377
340,378
340,379
340,380
340,381
340,382
340,383
340,384
340,385
340,386
340,387
340,388
340,389
340,390
340,391
340,392
340,393
340,394
340,395
340,396
340,397
340,398
340,399
340,400
340,401
340,402
340,403
340,404
340,405
340,406
340,407
340,408
340,409
340,410
340,411
340,412
340,660
340,661
340,662
340,663
340,664
340,665
340,666
340,667
340,668
340,669
340,670
340,671
340,672
340,673
340,674
340,675
340,676
340,677
340,678
340,679
340,680
340,681
340,682
340,683
340,684
340,685
340,686
340,687
340,688
340,689
340,690
340,691
340,692
340,693
340,694
340,695
340,696
340,697
340,698
340,699
340,700
341,341
341,342
341,343
341,344
341,345
341,346
341,347
341,348
341,349
341,350
341,351
341,352
341,353
341,354
341,355
341,356
341,357
341,358
341,359
341,360
341,361
341,362
341,363
341,364
341,365
341,366
341,367
341,368
341,369
341,370
341,371
341,372
341,373
341,374
341,375
341,376
341,377
341,378
341,379
341,380
341,381
341,382
341,383
341,384
341,385
341,386
341,387
341,388
341,389
341,390
341,391
341,392
341,393
341,394
341,395
341,396
341,397
341,398
341,399
341,400
341,401
341,402
341,403
341,404
341,405
341,406
341,407
341,408
341,409
341,410
341,411
341,660
341,661
341,662
341,663
341,664
341,665
341,666
341,667
341,668
341,669
341,670
341,671
341,672
341,673
341,674
341,675
341,676
341,677
341,678
341,679
341,680
341,681
341,682
341,683
341,684
341,685
341,686
341,687
341,688
341,689
341,690
341,691
341,692
341,693
341,694
341,695
341,696
341,697
341,698
341,699
342,341
342,342
342,343
342,344
342,345
342,346
342,347
342,348
342,349
342,350
342,351
342,352
342,353
342,354
342,355
342,356
342,357
342,358
342,359
342,360
342,361
342,362
342,363
342,364
342,365
342,366
342,367
342,368
342,369
342,370
342,371
342,372
342,373
342,374
342,375
342,376
342,377
342,378
342,379
342,380
342,381
342,382
342,383
342,384
342,385
342,386
342,387
342,388
342,389
342,390
342,391
342,392
342,393
342,394
342,395
342,396
342,397
342,398
342,399
342,400
342,401
342,402
342,403
342,404
342,405
342,406
342,407
342,408
342,409
342,410
342,411
342,660
342,661
342,662
342,663
342,664
342,665
342,666
342,667
342,668
342,669
342,670
342,671
342,672
342,673
342,674
342,675
342,676
342,677
342,678
342,679
342,680
342,681
342,682
342,683
342,684
342,685
342,686
342,687
342,688
342,689
342,690
342,691
342,692
342,693
342,694
342,695
342,696
342,697
342,698
342,699
343,341
343,342
343,343
343,344
343,345
343,346
343,347
343,348
343,349
343,350
343,351
343,352
343,353
343,354
343,355
343,356
343,357
343,358
343,359
343,360
343,361
343,362
343,363
343,364
343,365
343,366
343,367
343,368
343,369
343,370
343,371
343,372
343,373
343,374
343,375
343,376
343,377
343,378
343,379
343,380
343,381
343,382
343,383
343,384
343,385
343,386
343,387
343,388
343,389
343,390
343,391
343,392
343,393
343,394
343,395
343,396
343,397
343,398
343,399
343,400
343,401
343,402
343,403
343,404
343,405
343,406
343,407
343,408
343,409
343,410
343,411
343,659
343,660
343,661
343,662
343,663
343,664
343,665
343,666
343,667
343,668
343,669
343,670
343,671
343,672
343,673
343,674
343,675
343,676
343,677
343,678
343,679
343,680
343,681
343,682
343,683
343,684
343,685
343,686
343,687
343,688
343,689
343,690
343,691
343,692
343,693
343,694
343,695
343,696
343,697
343,698
343,699
344,341
344,342
344,343
344,344
344,345
344,346
344,347
344,348
344,349
344,350
344,351
344,352
344,353
344,354
344,355
344,356
344,357
344,358
344,359
344,360
344,361
344,362
344,363
344,364
344,365
344,366
344,367
344,368
344,369
344,370
344,371
344,372
344,373
344,374
344,375
344,376
344,377
344,378
344,379
344,380
344,381
344,382
344,383
344,384
344,385
344,386
344,387
344,388
344,389
344,390
344,391
344,392
344,393
344,394
344,395
344,396
344,397
344,398
344,399
344,400
344,401
344,402
344,403
344,404
344,405
344,406
344,407
344,408
344,409
344,410
344,411
344,659
344,660
344,661
344,662
344,663
344,664
344,665
344,666
344,667
344,668
344,669
344,670
344,671
344,672
344,673
344,674
344,675
344,676
344,677
344,678
344,679
344,680
344,681
344,682
344,683
344,684
344,685
344,686
344,687
344,688
344,689
344,690
344,691
344,692
344,693
344,694
344,695
344,696
344,697
344,698
344,699
345,341
345,342
345,343
345,344
345,345
345,346
345,347
345,348
345,349
345,350
345,351
345,352
345,353
345,354
345,355
345,356
345,357
345,358
345,359
345,360
345,361
345,362
345,363
345,364
345,365
345,366
345,367
345,368
345,369
345,370
345,371
345,372
345,373
345,374
345,375
345,376
345,377
345,378
345,379
345,380
345,381
345,382
345,383
345,384
345,385
345,386
345,387
345,388
345,389
345,390
345,391
345,392
345,393
345,394
345,395
345,396
345,397
345,398
345,399
345,400
345,401
345,402
345,403
345,404
345,405
345,406
345,407
345,408
345,409
345,410
345,411
345,659
345,660
345,661
345,662
345,663
345,664
345,665
345,666
345,667
345,668
345,669
345,670
345,671
345,672
345,673
345,674
345,675
345,676
345,677
345,678
345,679
345,680
345,681
345,682
345,683
345,684
345,685
345,686
345,687
345,688
345,689
345,690
345,691
345,692
345,693
345,694
345,695
345,696
345,697
345,698
345,699
346,341
346,342
346,343
346,344
346,345
346,346
346,347
346,348
346,349
346,350
346,351
346,352
346,353
346,354
346,355
346,356
346,357
346,358
346,359
346,360
346,361
346,362
346,363
346,364
346,365
346,366
346,367
346,368
346,369
346,370
346,371
346,372
346,373
346,374
346,375
346,376
346,377
346,378
346,379
346,380
346,381
346,382
346,383
346,384
346,385
346,386
346,387
346,388
346,389
346,390
346,391
346,392
346,393
346,394
346,395
346,396
346,397
346,398
346,399
346,400
346,401
346,402
346,403
346,404
346,405
346,406
346,407
346,408
346,409
346,410
346,411
346,659
346,660
346,661
346,662
346,663
346,664
346,665
346,666
346,667
346,668
346,669
346,670
346,671
346,672
346,673
346,674
346,675
346,676
346,677
346,678
346,679
346,680
346,681
346,682
346,683
346,684
346,685
346,686
346,687
346,688
346,689
346,690
346,691
346,692
346,693
346,694
346,695
346,696
346,697
346,698
346,699
347,341
347,342
347,343
347,344
347,345
347,346
347,347
347,348
347,349
347,350
347,351
347,352
347,353
347,354
347,355
347,356
347,357
347,358
347,359
347,360
347,361
347,362
347,363
347,364
347,365
347,366
347,367
347,368
347,369
347,370
347,371
347,372
347,373
347,374
347,375
347,376
347,377
347,378
347,379
347,380
347,381
347,382
347,383
347,384
347,385
347,386
347,387
347,388
347,389
347,390
347,391
347,392
347,393
347,394
347,395
347,396
347,397
347,398
347,399
347,400
347,401
347,402
347,403
347,404
347,405
347,406
347,407
347,408
347,409
347,410
347,411
347,412
347,658
347,659
347,660
347,661
347,662
347,663
347,664
347,665
347,666
347,667
347,668
347,669
347,670
347,671
347,672
347,673
347,674
347,675
347,676
347,677
347,678
347,679
347,680
347,681
347,682
347,683
347,684
347,685
347,686
347,687
347,688
347,689
347,690
347,691
347,692
347,693
347,694
347,695
347,696
347,697
347,698
347,699
348,341
348,342
348,343
348,344
348,345
348,346
348,347
348,348
348,349
348,350
348,351
348,352
348,353
348,354
348,355
348,356
348,357
348,358
348,359
348,360
348,361
348,362
348,363
348,364
348,365
348,366
348,367
348,368
348,369
348,370
348,371
348,372
348,373
348,374
348,375
348,376
348,377
348,378
348,379
348,380
348,381
348,382
348,383
348,384
348,385
348,386
348,387
348,388
348,389
348,390
348,391
348,392
348,393
348,394
348,395
348,396
348,397
348,398
348,399
348,400
348,401
348,402
348,403
348,404
348,405
348,406
348,407
348,408
348,409
348,410
348,411
348,412
348,625
348,658
348,659
348,660
348,661
348,662
348,663
348,664
348,665
348,666
348,667
348,668
348,669
348,670
348,671
348,672
348,673
348,674
348,675
348,676
348,677
348,678
348,679
348,680
348,681
348,682
348,683
348,684
348,685
348,686
348,687
348,688
348,689
348,690
348,691
348,692
348,693
348,694
348,695
348,696
348,697
348,698
348,699
349,341
349,342
349,343
349,344
349,345
349,346
349,347
349,348
349,349
349,350
349,351
349,352
349,353
349,354
349,355
349,356
349,357
349,358
349,359
349,360
349,361
349,362
349,363
349,364
349,365
349,366
349,367
349,368
349,369
349,370
349,371
349,372
349,373
349,374
349,375
349,376
349,377
349,378
349,379
349,380
349,381
349,382
349,383
349,384
349,385
349,386
349,387
349,388
349,389
349,390
349,391
349,392
349,393
349,394
349,395
349,396
349,397
349,398
349,399
349,400
349,401
349,402
349,403
349,404
349,405
349,406
349,407
349,408
349,409
349,410
349,411
349,412
349,624
349,625
349,626
349,658
349,659
349,660
349,661
349,662
349,663
349,664
349,665
349,666
349,667
349,668
349,669
349,670
349,671
349,672
349,673
349,674
349,675
349,676
349,677
349,678
349,679
349,680
349,681
349,682
349,683
349,684
349,685
349,686
349,687
349,688
349,689
349,690
349,691
349,692
349,693
349,694
349,695
349,696
349,697
349,698
349,699
350,341
350,342
350,343
350,344
350,345
350,346
350,347
350,348
350,349
350,350
350,351
350,352
350,353
350,354
350,355
350,356
350,357
350,358
350,359
350,360
350,361
350,362
350,363
350,364
350,365
350,366
350,367
350,368
350,369
350,370
350,371
350,372
350,373
350,374
350,375
350,376
350,377
350,378
350,379
350,380
350,381
350,382
350,383
350,384
350,385
350,386
350,387
350,388
350,389
350,390
350,391
350,392
350,393
350,394
350,395
350,396
350,397
350,398
350,399
350,400
350,401
350,402
350,403
350,404
350,405
350,406
350,407
350,408
350,409
350,410
350,411
350,412
350,623
350,624
350,625
350,626
350,627
350,628
350,658
350,659
350,660
350,661
350,662
350,663
350,664
350,665
350,666
350,667
350,668
350,669
350,670
350,671
350,672
350,673
350,674
350,675
350,676
350,677
350,678
350,679
350,680
350,681
350,682
350,683
350,684
350,685
350,686
350,687
350,688
350,689
350,690
350,691
350,692
350,693
350,694
350,695
350,696
350,697
350,698
350,699
351,341
351,342
351,343
351,344
351,345
351,346
351,347
351,348
351,349
351,350
351,351
351,352
351,353
351,354
351,355
351,356
351,357
351,358
351,359
351,360
351,361
351,362
351,363
351,364
351,365
351,366
351,367
351,368
351,369
351,370
351,371
351,372
351,373
351,374
351,375
351,376
351,377
351,378
351,379
351,380
351,381
351,382
351,383
351,384
351,385
351,386
351,387
351,388
351,389
351,390
351,391
351,392
351,393
351,394
351,395
351,396
351,397
351,398
351,399
351,400
351,401
351,402
351,403
351,404
351,405
351,406
351,407
351,408
351,409
351,410
351,411
351,412
351,622
351,623
351,624
351,625
351,626
351,627
351,628
351,629
351,657
351,658
351,659
351,660
351,661
351,662
351,663
351,664
351,665
351,666
351,667
351,668
351,669
351,670
351,671
351,672
351,673
351,674
351,675
351,676
351,677
351,678
351,679
351,680
351,681
351,682
351,683
351,684
351,685
351,686
351,687
351,688
351,689
351,690
351,691
351,692
351,693
351,694
351,695
351,696
351,697
351,698
352,341
352,342
352,343
352,344
352,345
352,346
352,347
352,348
352,349
352,350
352,351
352,352
352,353
352,354
352,355
352,356
352,357
352,358
352,359
352,360
352,361
352,362
352,363
352,364
352,365
352,366
352,367
352,368
352,369
352,370
352,371
352,372
352,373
352,374
352,375
352,376
352,377
352,378
352,379
352,380
352,381
352,382
352,383
352,384
352,385
352,386
352,387
352,388
352,389
352,390
352,391
352,392
352,393
352,394
352,395
352,396
352,397
352,398
352,399
352,400
352,401
352,402
352,403
352,404
352,405
352,406
352,407
352,408
352,409
352,410
352,411
352,412
352,622
352,623
352,624
352,625
352,626
352,627
352,628
352,629
352,630
352,657
352,658
352,659
352,660
352,661
352,662
352,663
352,664
352,665
352,666
352,667
352,668
352,669
352,670
352,671
352,672
352,673
352,674
352,675
352,676
352,677
352,678
352,679
352,680
352,681
352,682
352,683
352,684
352,685
352,686
352,687
352,688
352,689
352,690
352,691
352,692
352,693
352,694
352,695
352,696
352,697
352,698
353,341
353,342
353,343
353,344
353,345
353,346
353,347
353,348
353,349
353,350
353,351
353,352
353,353
353,354
353,355
353,356
353,357
353,358
353,359
353,360
353,361
353,362
353,363
353,364
353,365
353,366
353,367
353,368
353,369
353,370
353,371
353,372
353,373
353,374
353,375
353,376
353,377
353,378
353,379
353,380
353,381
353,382
353,383
353,384
353,385
353,386
353,387
353,388
353,389
353,390
353,391
353,392
353,393
353,394
353,395
353,396
353,397
353,398
353,399
353,400
353,401
353,402
353,403
353,404
353,405
353,406
353,407
353,408
353,409
353,410
353,411
353,412
353,621
353,622
353,623
353,624
353,625
353,626
353,627
353,628
353,629
353,630
353,631
353,657
353,658
353,659
353,660
353,661
353,662
353,663
353,664
353,665
353,666
353,667
353,668
353,669
353,670
353,671
353,672
353,673
353,674
353,675
353,676
353,677
353,678
353,679
353,680
353,681
353,682
353,683
353,684
353,685
353,686
353,687
353,688
353,689
353,690
353,691
353,692
353,693
353,694
353,695
353,696
353,697
353,698
354,341
354,342
354,343
354,344
354,345
354,346
354,347
354,348
354,349
354,350
354,351
354,352
354,353
354,354
354,355
354,356
354,357
354,358
354,359
354,360
354,361
354,362
354,363
354,364
354,365
354,366
354,367
354,368
354,369
354,370
354,371
354,372
354,373
354,374
354,375
354,376
354,377
354,378
354,379
354,380
354,381
354,382
354,383
354,384
354,385
354,386
354,387
354,388
354,389
354,390
354,391
354,392
354,393
354,394
354,395
354,396
354,397
354,398
354,399
354,400
354,401
354,402
354,403
354,404
354,405
354,406
354,407
354,408
354,409
354,410
354,411
354,412
354,620
354,621
354,622
354,623
354,624
354,625
354,626
354,627
354,628
354,629
354,630
354,631
354,632
354,657
354,658
354,659
354,660
354,661
354,662
354,663
354,664
354,665
354,666
354,667
354,668
354,669
354,670
354,671
354,672
354,673
354,674
354,675
354,676
354,677
354,678
354,679
354,680
354,681
354,682
354,683
354,684
354,685
354,686
354,687
354,688
354,689
354,690
354,691
354,692
354,693
354,694
354,695
354,696
354,697
354,698
355,341
355,342
355,343
355,344
355,345
355,346
355,347
355,348
355,349
355,350
355,351
355,352
355,353
355,354
355,355
355,356
355,357
355,358
355,359
355,360
355,361
355,362
355,363
355,364
355,365
355,366
355,367
355,368
355,369
355,370
355,371
355,372
355,373
355,374
355,375
355,376
355,377
355,378
355,379
355,380
355,381
355,382
355,383
355,384
355,385
355,386
355,387
355,388
355,389
355,390
355,391
355,392
355,393
355,394
355,395
355,396
355,397
355,398
355,399
355,400
355,401
355,402
355,403
355,404
355,405
355,406
355,407
355,408
355,409
355,410
355,411
355,412
355,619
355,620
355,621
355,622
355,623
355,624
355,625
355,626
355,627
355,628
355,629
355,630
355,631
355,632
355,633
355,634
355,656
355,657
355,658
355,659
355,660
355,661
355,662
355,663
355,664
355,665
355,666
355,667
355,668
355,669
355,670
355,671
355,672
355,673
355,674
355,675
355,676
355,677
355,678
355,679
355,680
355,681
355,682
355,683
355,684
355,685
355,686
355,687
355,688
355,689
355,690
355,691
355,692
355,693
355,694
355,695
355,696
355,697
355,698
356,341
356,342
356,343
356,344
356,345
356,346
356,347
356,348
356,349
356,350
356,351
356,352
356,353
356,354
356,355
356,356
356,357
356,358
356,359
356,360
356,361
356,362
356,363
356,364
356,365
356,366
356,367
356,368
356,369
356,370
356,371
356,372
356,373
356,374
356,375
356,376
356,377
356,378
356,379
356,380
356,381
356,382
356,383
356,384
356,385
356,386
356,387
356,388
356,389
356,390
356,391
356,392
356,393
356,394
356,395
356,396
356,397
356,398
356,399
356,400
356,401
356,402
356,403
356,404
356,405
356,406
356,407
356,408
356,409
356,410
356,411
356,412
356,618
356,619
356,620
356,621
356,622
356,623
356,624
356,625
356,626
356,627
356,628
356,629
356,630
356,631
356,632
356,633
356,634
356,635
356,656
356,657
356,658
356,659
356,660
356,661
356,662
356,663
356,664
356,665
356,666
356,667
356,668
356,669
356,670
356,671
356,672
356,673
356,674
356,675
356,676
356,677
356,678
356,679
356,680
356,681
356,682
356,683
356,684
356,685
356,686
356,687
356,688
356,689
356,690
356,691
356,692
356,693
356,694
356,695
356,696
356,697
356,698
357,341
357,342
357,343
357,344
357,345
357,346
357,347
357,348
357,349
357,350
357,351
357,352
357,353
357,354
357,355
357,356
357,357
357,358
357,359
357,360
357,361
357,362
357,363
357,364
357,365
357,366
357,367
357,368
357,369
357,370
357,371
357,372
357,373
357,374
357,375
357,376
357,377
357,378
357,379
357,380
357,381
357,382
357,383
357,384
357,385
357,386
357,387
357,388
357,389
357,390
357,391
357,392
357,393
357,394
357,395
357,396
357,397
357,398
357,399
357,400
357,401
357,402
357,403
357,404
357,405
357,406
357,407
357,408
357,409
357,410
357,411
357,412
357,413
357,617
357,618
357,619
357,620
357,621
357,622
357,623
357,624
357,625
357,626
357,627
357,628
357,629
357,630
357,631
357,632
357,633
357,634
357,635
357,636
357,655
357,656
357,657
357,658
357,659
357,660
357,661
357,662
357,663
357,664
357,665
357,666
357,667
357,668
357,669
357,670
357,671
357,672
357,673
357,674
357,675
357,676
357,677
357,678
357,679
357,680
357,681
357,682
357,683
357,684
357,685
357,686
357,687
357,688
357,689
357,690
357,691
357,692
357,693
357,694
357,695
357,696
357,697
357,698
358,340
358,341
358,342
358,343
358,344
358,345
358,346
358,347
358,348
358,349
358,350
358,351
358,352
358,353
358,354
358,355
358,356
358,357
358,358
358,359
358,360
358,361
358,362
358,363
358,364
358,365
358,366
358,367
358,368
358,369
358,370
358,371
358,372
358,373
358,374
358,375
358,376
358,377
358,378
358,379
358,380
358,381
358,382
358,383
358,384
358,385
358,386
358,387
358,388
358,389
358,390
358,391
358,392
358,393
358,394
358,395
358,396
358,397
358,398
358,399
358,400
358,401
358,402
358,403
358,404
358,405
358,406
358,407
358,408
358,409
358,410
358,411
358,412
358,413
358,617
358,618
358,619
358,620
358,621
358,622
358,623
358,624
358,625
358,626
358,627
358,628
358,629
358,630
358,631
358,632
358,633
358,634
358,635
358,636
358,637
358,651
358,652
358,653
358,654
358,655
358,656
358,657
358,658
358,659
358,660
358,661
358,662
358,663
358,664
358,665
358,666
358,667
358,668
358,669
358,670
358,671
358,672
358,673
358,674
358,675
358,676
358,677
358,678
358,679
358,680
358,681
358,682
358,683
358,684
358,685
358,686
358,687
358,688
358,689
358,690
358,691
358,692
358,693
358,694
358,695
358,696
358,697
358,698
359,340
359,341
359,342
359,343
359,344
359,345
359,346
359,347
359,348
359,349
359,350
359,351
359,352
359,353
359,354
359,355
359,356
359,357
359,358
359,359
359,360
359,361
359,362
359,363
359,364
359,365
359,366
359,367
359,368
359,369
359,370
359,371
359,372
359,373
359,374
359,375
359,376
359,377
359,378
359,379
359,380
359,381
359,382
359,383
359,384
359,385
359,386
359,387
359,388
359,389
359,390
359,391
359,392
359,393
359,394
359,395
359,396
359,397
359,398
359,399
359,400
359,401
359,402
359,403
359,404
359,405
359,406
359,407
359,408
359,409
359,410
359,411
359,412
359,413
359,616
359,617
359,618
359,619
359,620
359,621
359,622
359,623
359,624
359,625
359,626
359,627
359,628
359,629
359,630
359,631
359,632
359,633
359,634
359,635
359,636
359,637
359,638
359,639
359,647
359,648
359,649
359,650
359,651
359,652
359,653
359,654
359,655
359,656
359,657
359,658
359,659
359,660
359,661
359,662
359,663
359,664
359,665
359,666
359,667
359,668
359,669
359,670
359,671
359,672
359,673
359,674
359,675
359,676
359,677
359,678
359,679
359,680
359,681
359,682
359,683
359,684
359,685
359,686
359,687
359,688
359,689
359,690
359,691
359,692
359,693
359,694
359,695
359,696
359,697
359,698
360,340
360,341
360,342
360,343
360,344
360,345
360,346
360,347
360,348
360,349
360,350
360,351
360,352
360,353
360,354
360,355
360,356
360,357
360,358
360,359
360,360
360,361
360,362
360,363
360,364
360,365
360,366
360,367
360,368
360,369
360,370
360,371
360,372
360,373
360,374
360,375
360,376
360,377
360,378
360,379
360,380
360,381
360,382
360,383
360,384
360,385
360,386
360,387
360,388
360,389
360,390
360,391
360,392
360,393
360,394
360,395
360,396
360,397
360,398
360,399
360,400
360,401
360,402
360,403
360,404
360,405
360,406
360,407
360,408
360,409
360,410
360,411
360,412
360,413
360,615
360,616
360,617
360,618
360,619
360,620
360,621
360,622
360,623
360,624
360,625
360,626
360,627
360,628
360,629
360,630
360,631
360,632
360,633
360,634
360,635
360,636
360,637
360,638
360,639
360,640
360,643
360,644
360,645
360,646
360,647
360,648
360,649
360,650
360,651
360,652
360,653
360,654
360,655
360,656
360,657
360,658
360,659
360,660
360,661
360,662
360,663
360,664
360,665
360,666
360,667
360,668
360,669
360,670
360,671
360,672
360,673
360,674
360,675
360,676
360,677
360,678
360,679
360,680
360,681
360,682
360,683
360,684
360,685
360,686
360,687
360,688
360,689
360,690
360,691
360,692
360,693
360,694
360,695
360,696
360,697
361,340
361,341
361,342
361,343
361,344
361,345
361,346
361,347
361,348
361,349
361,350
361,351
361,352
361,353
361,354
361,355
361,356
361,357
361,358
361,359
361,360
361,361
361,362
361,363
361,364
361,365
361,366
361,367
361,368
361,369
361,370
361,371
361,372
361,373
361,374
361,375
361,376
361,377
361,378
361,379
361,380
361,381
361,382
361,383
361,384
361,385
361,386
361,387
361,388
361,389
361,390
361,391
361,392
361,393
361,394
361,395
361,396
361,397
361,398
361,399
361,400
361,401
361,402
361,403
361,404
361,405
361,406
361,407
361,408
361,409
361,410
361,411
361,412
361,413
361,614
361,615
361,616
361,617
361,618
361,619
361,620
361,621
361,622
361,623
361,624
361,625
361,626
361,627
361,628
361,629
361,630
361,631
361,632
361,633
361,634
361,635
361,636
361,637
361,638
361,639
361,640
361,641
361,642
361,643
361,644
361,645
361,646
361,647
361,648
361,649
361,650
361,651
361,652
361,653
361,654
361,655
361,656
361,657
361,658
361,659
361,660
361,661
361,662
361,663
361,664
361,665
361,666
361,667
361,668
361,669
361,670
361,671
361,672
361,673
361,674
361,675
361,676
361,677
361,678
361,679
361,680
361,681
361,682
361,683
361,684
361,685
361,686
361,687
361,688
361,689
361,690
361,691
361,692
361,693
361,694
361,695
361,696
361,697
362,340
362,341
362,342
362,343
362,344
362,345
362,346
362,347
362,348
362,349
362,350
362,351
362,352
362,353
362,354
362,355
362,356
362,357
362,358
362,359
362,360
362,361
362,362
362,363
362,364
362,365
362,366
362,367
362,368
362,369
362,370
362,371
362,372
362,373
362,374
362,375
362,376
362,377
362,378
362,379
362,380
362,381
362,382
362,383
362,384
362,385
362,386
362,387
362,388
362,389
362,390
362,391
362,392
362,393
362,394
362,395
362,396
362,397
362,398
362,399
362,400
362,401
362,402
362,403
362,404
362,405
362,406
362,407
362,408
362,409
362,410
362,411
362,412
362,413
362,414
362,613
362,614
362,615
362,616
362,617
362,618
362,619
362,620
362,621
362,622
362,623
362,624
362,625
362,626
362,627
362,628
362,629
362,630
362,631
362,632
362,633
362,634
362,635
362,636
362,637
362,638
362,639
362,640
362,641
362,642
362,643
362,644
362,645
362,646
362,647
362,648
362,649
362,650
362,651
362,652
362,653
362,654
362,655
362,656
362,657
362,658
362,659
362,660
362,661
362,662
362,663
362,664
362,665
362,666
362,667
362,668
362,669
362,670
362,671
362,672
362,673
362,674
362,675
362,676
362,677
362,678
362,679
362,680
362,681
362,682
362,683
362,684
362,685
362,686
362,687
362,688
362,689
362,690
362,691
362,692
362,693
362,694
362,695
362,696
362,697
363,340
363,341
363,342
363,343
363,344
363,345
363,346
363,347
363,348
363,349
363,350
363,351
363,352
363,353
363,354
363,355
363,356
363,357
363,358
363,359
363,360
363,361
363,362
363,363
363,364
363,365
363,366
363,367
363,368
363,369
363,370
363,371
363,372
363,373
363,374
363,375
363,376
363,377
363,378
363,379
363,380
363,381
363,382
363,383
363,384
363,385
363,386
363,387
363,388
363,389
363,390
363,391
363,392
363,393
363,394
363,395
363,396
363,397
363,398
363,399
363,400
363,401
363,402
363,403
363,404
363,405
363,406
363,407
363,408
363,409
363,410
363,411
363,412
363,413
363,414
363,612
363,613
363,614
363,615
363,616
363,617
363,618
363,619
363,620
363,621
363,622
363,623
363,624
363,625
363,626
363,627
363,628
363,629
363,630
363,631
363,632
363,633
363,634
363,635
363,636
363,637
363,638
363,639
363,640
363,641
363,642
363,643
363,644
363,645
363,646
363,647
363,648
363,649
363,650
363,651
363,652
363,653
363,654
363,655
363,656
363,657
363,658
363,659
363,660
363,661
363,662
363,663
363,664
363,665
363,666
363,667
363,668
363,669
363,670
363,671
363,672
363,673
363,674
363,675
363,676
363,677
363,678
363,679
363,680
363,681
363,682
363,683
363,684
363,685
363,686
363,687
363,688
363,689
363,690
363,691
363,692
363,693
363,694
363,695
363,696
363,697
364,340
364,341
364,342
364,343
364,344
364,345
364,346
364,347
364,348
364,349
364,350
364,351
364,352
364,353
364,354
364,355
364,356
364,357
364,358
364,359
364,360
364,361
364,362
364,363
364,364
364,365
364,366
364,367
364,368
364,369
364,370
364,371
364,372
364,373
364,374
364,375
364,376
364,377
364,378
364,379
364,380
364,381
364,382
364,383
364,384
364,385
364,386
364,387
364,388
364,389
364,390
364,391
364,392
364,393
364,394
364,395
364,396
364,397
364,398
364,399
364,400
364,401
364,402
364,403
364,404
364,405
364,406
364,407
364,408
364,409
364,410
364,411
364,412
364,413
364,414
364,415
364,611
364,612
364,613
364,614
364,615
364,616
364,617
364,618
364,619
364,620
364,621
364,622
364,623
364,624
364,625
364,626
364,627
364,628
364,629
364,630
364,631
364,632
364,633
364,634
364,635
364,636
364,637
364,638
364,639
364,640
364,641
364,642
364,643
364,644
364,645
364,646
364,647
364,648
364,649
364,650
364,651
364,652
364,653
364,654
364,655
364,656
364,657
364,658
364,659
364,660
364,661
364,662
364,663
364,664
364,665
364,666
364,667
364,668
364,669
364,670
364,671
364,672
364,673
364,674
364,675
364,676
364,677
364,678
364,679
364,680
364,681
364,682
364,683
364,684
364,685
364,686
364,687
364,688
364,689
364,690
364,691
364,692
364,693
364,694
364,695
364,696
364,697
365,340
365,341
365,342
365,343
365,344
365,345
365,346
365,347
365,348
365,349
365,350
365,351
365,352
365,353
365,354
365,355
365,356
365,357
365,358
365,359
365,360
365,361
365,362
365,363
365,364
365,365
365,366
365,367
365,368
365,369
365,370
365,371
365,372
365,373
365,374
365,375
365,376
365,377
365,378
365,379
365,380
365,381
365,382
365,383
365,384
365,385
365,386
365,387
365,388
365,389
365,390
365,391
365,392
365,393
365,394
365,395
365,396
365,397
365,398
365,399
365,400
365,401
365,402
365,403
365,404
365,405
365,406
365,407
365,408
365,409
365,410
365,411
365,412
365,413
365,414
365,415
365,611
365,612
365,613
365,614
365,615
365,616
365,617
365,618
365,619
365,620
365,621
365,622
365,623
365,624
365,625
365,626
365,627
365,628
365,629
365,630
365,631
365,632
365,633
365,634
365,635
365,636
365,637
365,638
365,639
365,640
365,641
365,642
365,643
365,644
365,645
365,646
365,647
365,648
365,649
365,650
365,651
365,652
365,653
365,654
365,655
365,656
365,657
365,658
365,659
365,660
365,661
365,662
365,663
365,664
365,665
365,666
365,667
365,668
365,669
365,670
365,671
365,672
365,673
365,674
365,675
365,676
365,677
365,678
365,679
365,680
365,681
365,682
365,683
365,684
365,685
365,686
365,687
365,688
365,689
365,690
365,691
365,692
365,693
365,694
365,695
365,696
365,697
366,340
366,341
366,342
366,343
366,344
366,345
366,346
366,347
366,348
366,349
366,350
366,351
366,352
366,353
366,354
366,355
366,356
366,357
366,358
366,359
366,360
366,361
366,362
366,363
366,364
366,365
366,366
366,367
366,368
366,369
366,370
366,371
366,372
366,373
366,374
366,375
366,376
366,377
366,378
366,379
366,380
366,381
366,382
366,383
366,384
366,385
366,386
366,387
366,388
366,389
366,390
366,391
366,392
366,393
366,394
366,395
366,396
366,397
366,398
366,399
366,400
366,401
366,402
366,403
366,404
366,405
366,406
366,407
366,408
366,409
366,410
366,411
366,412
366,413
366,414
366,415
366,416
366,610
366,611
366,612
366,613
366,614
366,615
366,616
366,617
366,618
366,619
366,620
366,621
366,622
366,623
366,624
366,625
366,626
366,627
366,628
366,629
366,630
366,631
366,632
366,633
366,634
366,635
366,636
366,637
366,638
366,639
366,640
366,641
366,642
366,643
366,644
366,645
366,646
366,647
366,648
366,649
366,650
366,651
366,652
366,653
366,654
366,655
366,656
366,657
366,658
366,659
366,660
366,661
366,662
366,663
366,664
366,665
366,666
366,667
366,668
366,669
366,670
366,671
366,672
366,673
366,674
366,675
366,676
366,677
366,678
366,679
366,680
366,681
366,682
366,683
366,684
366,685
366,686
366,687
366,688
366,689
366,690
366,691
366,692
366,693
366,694
366,695
366,696
366,697
367,343
367,344
367,345
367,346
367,347
367,348
367,349
367,350
367,351
367,352
367,353
367,354
367,355
367,356
367,357
367,358
367,359
367,360
367,361
367,362
367,363
367,364
367,365
367,366
367,367
367,368
367,369
367,370
367,371
367,372
367,373
367,374
367,375
367,376
367,377
367,378
367,379
367,380
367,381
367,382
367,383
367,384
367,385
367,386
367,387
367,388
367,389
367,390
367,391
367,392
367,393
367,394
367,395
367,396
367,397
367,398
367,399
367,400
367,401
367,402
367,403
367,404
367,405
367,406
367,407
367,408
367,409
367,410
367,411
367,412
367,413
367,414
367,415
367,416
367,609
367,610
367,611
367,612
367,613
367,614
367,615
367,616
367,617
367,618
367,619
367,620
367,621
367,622
367,623
367,624
367,625
367,626
367,627
367,628
367,629
367,630
367,631
367,632
367,633
367,634
367,635
367,636
367,637
367,638
367,639
367,640
367,641
367,642
367,643
367,644
367,645
367,646
367,647
367,648
367,649
367,650
367,651
367,652
367,653
367,654
367,655
367,656
367,657
367,658
367,659
367,660
367,661
367,662
367,663
367,664
367,665
367,666
367,667
367,668
367,669
367,670
367,671
367,672
367,673
367,674
367,675
367,676
367,677
367,678
367,679
367,680
367,681
367,682
367,683
367,684
367,685
367,686
367,687
367,688
367,689
367,690
367,691
367,692
367,693
367,694
367,695
367,696
367,697
368,348
368,349
368,350
368,351
368,352
368,353
368,354
368,355
368,356
368,357
368,358
368,359
368,360
368,361
368,362
368,363
368,364
368,365
368,366
368,367
368,368
368,369
368,370
368,371
368,372
368,373
368,374
368,375
368,376
368,377
368,378
368,379
368,380
368,381
368,382
368,383
368,384
368,385
368,386
368,387
368,388
368,389
368,390
368,391
368,392
368,393
368,394
368,395
368,396
368,397
368,398
368,399
368,400
368,401
368,402
368,403
368,404
368,405
368,406
368,407
368,408
368,409
368,410
368,411
368,412
368,413
368,414
368,415
368,416
368,417
368,608
368,609
368,610
368,611
368,612
368,613
368,614
368,615
368,616
368,617
368,618
368,619
368,620
368,621
368,622
368,623
368,624
368,625
368,626
368,627
368,628
368,629
368,630
368,631
368,632
368,633
368,634
368,635
368,636
368,637
368,638
368,639
368,640
368,641
368,642
368,643
368,644
368,645
368,646
368,647
368,648
368,649
368,650
368,651
368,652
368,653
368,654
368,655
368,656
368,657
368,658
368,659
368,660
368,661
368,662
368,663
368,664
368,665
368,666
368,667
368,668
368,669
368,670
368,671
368,672
368,673
368,674
368,675
368,676
368,677
368,678
368,679
368,680
368,681
368,682
368,683
368,684
368,685
368,686
368,687
368,688
368,689
368,690
368,691
368,692
368,693
368,694
368,695
368,696
368,697
369,353
369,354
369,355
369,356
369,357
369,358
369,359
369,360
369,361
369,362
369,363
369,364
369,365
369,366
369,367
369,368
369,369
369,370
369,371
369,372
369,373
369,374
369,375
369,376
369,377
369,378
369,379
369,380
369,381
369,382
369,383
369,384
369,385
369,386
369,387
369,388
369,389
369,390
369,391
369,392
369,393
369,394
369,395
369,396
369,397
369,398
369,399
369,400
369,401
369,402
369,403
369,404
369,405
369,406
369,407
369,408
369,409
369,410
369,411
369,412
369,413
369,414
369,415
369,416
369,417
369,607
369,608
369,609
369,610
369,611
369,612
369,613
369,614
369,615
369,616
369,617
369,618
369,619
369,620
369,621
369,622
369,623
369,624
369,625
369,626
369,627
369,628
369,629
369,630
369,631
369,632
369,633
369,634
369,635
369,636
369,637
369,638
369,639
369,640
369,641
369,642
369,643
369,644
369,645
369,646
369,647
369,648
369,649
369,650
369,651
369,652
369,653
369,654
369,655
369,656
369,657
369,658
369,659
369,660
369,661
369,662
369,663
369,664
369,665
369,666
369,667
369,668
369,669
369,670
369,671
369,672
369,673
369,674
369,675
369,676
369,677
369,678
369,679
369,680
369,681
369,682
369,683
369,684
369,685
369,686
369,687
369,688
369,689
369,690
369,691
369,692
369,693
369,694
369,695
369,696
369,697
370,357
370,358
370,359
370,360
370,361
370,362
370,363
370,364
370,365
370,366
370,367
370,368
370,369
370,370
370,371
370,372
370,373
370,374
370,375
370,376
370,377
370,378
370,379
370,380
370,381
370,382
370,383
370,384
370,385
370,386
370,387
370,388
370,389
370,390
370,391
370,392
370,393
370,394
370,395
370,396
370,397
370,398
370,399
370,400
370,401
370,402
370,403
370,404
370,405
370,406
370,407
370,408
370,409
370,410
370,411
370,412
370,413
370,414
370,415
370,416
370,417
370,418
370,606
370,607
370,608
370,609
370,610
370,611
370,612
370,613
370,614
370,615
370,616
370,617
370,618
370,619
370,620
370,621
370,622
370,623
370,624
370,625
370,626
370,627
370,628
370,629
370,630
370,631
370,632
370,633
370,634
370,635
370,636
370,637
370,638
370,639
370,640
370,641
370,642
370,643
370,644
370,645
370,646
370,647
370,648
370,649
370,650
370,651
370,652
370,653
370,654
370,655
370,656
370,657
370,658
370,659
370,660
370,661
370,662
370,663
370,664
370,665
370,666
370,667
370,668
370,669
370,670
370,671
370,672
370,673
370,674
370,675
370,676
370,677
370,678
370,679
370,680
370,681
370,682
370,683
370,684
370,685
370,686
370,687
370,688
370,689
370,690
370,691
370,692
370,693
370,694
370,695
370,696
371,360
371,361
371,362
371,363
371,364
371,365
371,366
371,367
371,368
371,369
371,370
371,371
371,372
371,373
371,374
371,375
371,376
371,377
371,378
371,379
371,380
371,381
371,382
371,383
371,384
371,385
371,386
371,387
371,388
371,389
371,390
371,391
371,392
371,393
371,394
371,395
371,396
371,397
371,398
371,399
371,400
371,401
371,402
371,403
371,404
371,405
371,406
371,407
371,408
371,409
371,410
371,411
371,412
371,413
371,414
371,415
371,416
371,417
371,418
371,606
371,607
371,608
371,609
371,610
371,611
371,612
371,613
371,614
371,615
371,616
371,617
371,618
371,619
371,620
371,621
371,622
371,623
371,624
371,625
371,626
371,627
371,628
371,629
371,630
371,631
371,632
371,633
371,634
371,635
371,636
371,637
371,638
371,639
371,640
371,641
371,642
371,643
371,644
371,645
371,646
371,647
371,648
371,649
371,650
371,651
371,652
371,653
371,654
371,655
371,656
371,657
371,658
371,659
371,660
371,661
371,662
371,663
371,664
371,665
371,666
371,667
371,668
371,669
371,670
371,671
371,672
371,673
371,674
371,675
371,676
371,677
371,678
371,679
371,680
371,681
371,682
371,683
371,684
371,685
371,686
371,687
371,688
371,689
371,690
371,691
371,692
371,693
371,694
371,695
371,696
372,363
372,364
372,365
372,366
372,367
372,368
372,369
372,370
372,371
372,372
372,373
372,374
372,375
372,376
372,377
372,378
372,379
372,380
372,381
372,382
372,383
372,384
372,385
372,386
372,387
372,388
372,389
372,390
372,391
372,392
372,393
372,394
372,395
372,396
372,397
372,398
372,399
372,400
372,401
372,402
372,403
372,404
372,405
372,406
372,407
372,408
372,409
372,410
372,411
372,412
372,413
372,414
372,415
372,416
372,417
372,418
372,419
372,605
372,606
372,607
372,608
372,609
372,610
372,611
372,612
372,613
372,614
372,615
372,616
372,617
372,618
372,619
372,620
372,621
372,622
372,623
372,624
372,625
372,626
372,627
372,628
372,629
372,630
372,631
372,632
372,633
372,634
372,635
372,636
372,637
372,638
372,639
372,640
372,641
372,642
372,643
372,644
372,645
372,646
372,647
372,648
372,649
372,650
372,651
372,652
372,653
372,654
372,655
372,656
372,657
372,658
372,659
372,660
372,661
372,662
372,663
372,664
372,665
372,666
372,667
372,668
372,669
372,670
372,671
372,672
372,673
372,674
372,675
372,676
372,677
372,678
372,679
372,680
372,681
372,682
372,683
372,684
372,685
372,686
372,687
372,688
372,689
372,690
372,691
372,692
372,693
372,694
372,695
372,696
373,366
373,367
373,368
373,369
373,370
373,371
373,372
373,373
373,374
373,375
373,376
373,377
373,378
373,379
373,380
373,381
373,382
373,383
373,384
373,385
373,386
373,387
373,388
373,389
373,390
373,391
373,392
373,393
373,394
373,395
373,396
373,397
373,398
373,399
373,400
373,401
373,402
373,403
373,404
373,405
373,406
373,407
373,408
373,409
373,410
373,411
373,412
373,413
373,414
373,415
373,416
373,417
373,418
373,419
373,604
373,605
373,606
373,607
373,608
373,609
373,610
373,611
373,612
373,613
373,614
373,615
373,616
373,617
373,618
373,619
373,620
373,621
373,622
373,623
373,624
373,625
373,626
373,627
373,628
373,629
373,630
373,631
373,632
373,633
373,634
373,635
373,636
373,637
373,638
373,639
373,640
373,641
373,642
373,643
373,644
373,645
373,646
373,647
373,648
373,649
373,650
373,651
373,652
373,653
373,654
373,655
373,656
373,657
373,658
373,659
373,660
373,661
373,662
373,663
373,664
373,665
373,666
373,667
373,668
373,669
373,670
373,671
373,672
373,673
373,674
373,675
373,676
373,677
373,678
373,679
373,680
373,681
373,682
373,683
373,684
373,685
373,686
373,687
373,688
373,689
373,690
373,691
373,692
373,693
373,694
373,695
373,696
374,369
374,370
374,371
374,372
374,373
374,374
374,375
374,376
374,377
374,378
374,379
374,380
374,381
374,382
374,383
374,384
374,385
374,386
374,387
374,388
374,389
374,390
374,391
374,392
374,393
374,394
374,395
374,396
374,397
374,398
374,399
374,400
374,401
374,402
374,403
374,404
374,405
374,406
374,407
374,408
374,409
374,410
374,411
374,412
374,413
374,414
374,415
374,416
374,417
374,418
374,419
374,420
374,603
374,604
374,605
374,606
374,607
374,608
374,609
374,610
374,611
374,612
374,613
374,614
374,615
374,616
374,617
374,618
374,619
374,620
374,621
374,622
374,623
374,624
374,625
374,626
374,627
374,628
374,629
374,630
374,631
374,632
374,633
374,634
374,635
374,636
374,637
374,638
374,639
374,640
374,641
374,642
374,643
374,644
374,645
374,646
374,647
374,648
374,649
374,650
374,651
374,652
374,653
374,654
374,655
374,656
374,657
374,658
374,659
374,660
374,661
374,662
374,663
374,664
374,665
374,666
374,667
374,668
374,669
374,670
374,671
374,672
374,673
374,674
374,675
374,676
374,677
374,678
374,679
374,680
374,681
374,682
374,683
374,684
374,685
374,686
374,687
374,688
374,689
374,690
374,691
374,692
374,693
374,694
374,695
374,696
375,371
375,372
375,373
375,374
375,375
375,376
375,377
375,378
375,379
375,380
375,381
375,382
375,383
375,384
375,385
375,386
375,387
375,388
375,389
375,390
375,391
375,392
375,393
375,394
375,395
375,396
375,397
375,398
375,399
375,400
375,401
375,402
375,403
375,404
375,405
375,406
375,407
375,408
375,409
375,410
375,411
375,412
375,413
375,414
375,415
375,416
375,417
375,418
375,419
375,420
375,602
375,603
375,604
375,605
375,606
375,607
375,608
375,609
375,610
375,611
375,612
375,613
375,614
375,615
375,616
375,617
375,618
375,619
375,620
375,621
375,622
375,623
375,624
375,625
375,626
375,627
375,628
375,629
375,630
375,631
375,632
375,633
375,634
375,635
375,636
375,637
375,638
375,639
375,640
375,641
375,642
375,643
375,644
375,645
375,646
375,647
375,648
375,649
375,650
375,651
375,652
375,653
375,654
375,655
375,656
375,657
375,658
375,659
375,660
375,661
375,662
375,663
375,664
375,665
375,666
375,667
375,668
375,669
375,670
375,671
375,672
375,673
375,674
375,675
375,676
375,677
375,678
375,679
375,680
375,681
375,682
375,683
375,684
375,685
375,686
375,687
375,688
375,689
375,690
375,691
375,692
375,693
375,694
375,695
375,696
376,373
376,374
376,375
376,376
376,377
376,378
376,379
376,380
376,381
376,382
376,383
376,384
376,385
376,386
376,387
376,388
376,389
376,390
376,391
376,392
376,393
376,394
376,395
376,396
376,397
376,398
376,399
376,400
376,401
376,402
376,403
376,404
376,405
376,406
376,407
376,408
376,409
376,410
376,411
376,412
376,413
376,414
376,415
376,416
376,417
376,418
376,419
376,420
376,421
376,601
376,602
376,603
376,604
376,605
376,606
376,607
376,608
376,609
376,610
376,611
376,612
376,613
376,614
376,615
376,616
376,617
376,618
376,619
376,620
376,621
376,622
376,623
376,624
376,625
376,626
376,627
376,628
376,629
376,630
376,631
376,632
376,633
376,634
376,635
376,636
376,637
376,638
376,639
376,640
376,641
376,642
376,643
376,644
376,645
376,646
376,647
376,648
376,649
376,650
376,651
376,652
376,653
376,654
376,655
376,656
376,657
376,658
376,659
376,660
376,661
376,662
376,663
376,664
376,665
376,666
376,667
376,668
376,669
376,670
376,671
376,672
376,673
376,674
376,675
376,676
376,677
376,678
376,679
376,680
376,681
376,682
376,683
376,684
376,685
376,686
376,687
376,688
376,689
376,690
376,691
376,692
376,693
376,694
376,695
376,696
377,375
377,376
377,377
377,378
377,379
377,380
377,381
377,382
377,383
377,384
377,385
377,386
377,387
377,388
377,389
377,390
377,391
377,392
377,393
377,394
377,395
377,396
377,397
377,398
377,399
377,400
377,401
377,402
377,403
377,404
377,405
377,406
377,407
377,408
377,409
377,410
377,411
377,412
377,413
377,414
377,415
377,416
377,417
377,418
377,419
377,420
377,421
377,600
377,601
377,602
377,603
377,604
377,605
377,606
377,607
377,608
377,609
377,610
377,611
377,612
377,613
377,614
377,615
377,616
377,617
377,618
377,619
377,620
377,621
377,622
377,623
377,624
377,625
377,626
377,627
377,628
377,629
377,630
377,631
377,632
377,633
377,634
377,635
377,636
377,637
377,638
377,639
377,640
377,641
377,642
377,643
377,644
377,645
377,646
377,647
377,648
377,649
377,650
377,651
377,652
377,653
377,654
377,655
377,656
377,657
377,658
377,659
377,660
377,661
377,662
377,663
377,664
377,665
377,666
377,667
377,668
377,669
377,670
377,671
377,672
377,673
377,674
377,675
377,676
377,677
377,678
377,679
377,680
377,681
377,682
377,683
377,684
377,685
377,686
377,687
377,688
377,689
377,690
377,691
377,692
377,693
377,694
377,695
377,696
378,376
378,377
378,378
378,379
378,380
378,381
378,382
378,383
378,384
378,385
378,386
378,387
378,388
378,389
378,390
378,391
378,392
378,393
378,394
378,395
378,396
378,397
378,398
378,399
378,400
378,401
378,402
378,403
378,404
378,405
378,406
378,407
378,408
378,409
378,410
378,411
378,412
378,413
378,414
378,415
378,416
378,417
378,418
378,419
378,420
378,421
378,422
378,600
378,601
378,602
378,603
378,604
378,605
378,606
378,607
378,608
378,609
378,610
378,611
378,612
378,613
378,614
378,615
378,616
378,617
378,618
378,619
378,620
378,621
378,622
378,623
378,624
378,625
378,626
378,627
378,628
378,629
378,630
378,631
378,632
378,633
378,634
378,635
378,636
378,637
378,638
378,639
378,640
378,641
378,642
378,643
378,644
378,645
378,646
378,647
378,648
378,649
378,650
378,651
378,652
378,653
378,654
378,655
378,656
378,657
378,658
378,659
378,660
378,661
378,662
378,663
378,664
378,665
378,666
378,667
378,668
378,669
378,670
378,671
378,672
378,673
378,674
378,675
378,676
378,677
378,678
378,679
378,680
378,681
378,682
378,683
378,684
378,685
378,686
378,687
378,688
378,689
378,690
378,691
378,692
378,693
378,694
378,695
378,696
379,378
379,379
379,380
379,381
379,382
379,383
379,384
379,385
379,386
379,387
379,388
379,389
379,390
379,391
379,392
379,393
379,394
379,395
379,396
379,397
379,398
379,399
379,400
379,401
379,402
379,403
379,404
379,405
379,406
379,407
379,408
379,409
379,410
379,411
379,412
379,413
379,414
379,415
379,416
379,417
379,418
379,419
379,420
379,421
379,422
379,423
379,599
379,600
379,601
379,602
379,603
379,604
379,605
379,606
379,607
379,608
379,609
379,610
379,611
379,612
379,613
379,614
379,615
379,616
379,617
379,618
379,619
379,620
379,621
379,622
379,623
379,624
379,625
379,626
379,627
379,628
379,629
379,630
379,631
379,632
379,633
379,634
379,635
379,636
379,637
379,638
379,639
379,640
379,641
379,642
379,643
379,644
379,645
379,646
379,647
379,648
379,649
379,650
379,651
379,652
379,653
379,654
379,655
379,656
379,657
379,658
379,659
379,660
379,661
379,662
379,663
379,664
379,665
379,666
379,667
379,668
379,669
379,670
379,671
379,672
379,673
379,674
379,675
379,676
379,677
379,678
379,679
379,680
379,681
379,682
379,683
379,684
379,685
379,686
379,687
379,688
379,689
379,690
379,691
379,692
379,693
379,694
379,695
379,696
380,380
380,381
380,382
380,383
380,384
380,385
380,386
380,387
380,388
380,389
380,390
380,391
380,392
380,393
380,394
380,395
380,396
380,397
380,398
380,399
380,400
380,401
380,402
380,403
380,404
380,405
380,406
380,407
380,408
380,409
380,410
380,411
380,412
380,413
380,414
380,415
380,416
380,417
380,418
380,419
380,420
380,421
380,422
380,423
380,424
380,425
380,598
380,599
380,600
380,601
380,602
380,603
380,604
380,605
380,606
380,607
380,608
380,609
380,610
380,611
380,612
380,613
380,614
380,615
380,616
380,617
380,618
380,619
380,620
380,621
380,622
380,623
380,624
380,625
380,626
380,627
380,628
380,629
380,630
380,631
380,632
380,633
380,634
380,635
380,636
380,637
380,638
380,639
380,640
380,641
380,642
380,643
380,644
380,645
380,646
380,647
380,648
380,649
380,650
380,651
380,652
380,653
380,654
380,655
380,656
380,657
380,658
380,659
380,660
380,661
380,662
380,663
380,664
380,665
380,666
380,667
380,668
380,669
380,670
380,671
380,672
380,673
380,674
380,675
380,676
380,677
380,678
380,679
380,680
380,681
380,682
380,683
380,684
380,685
380,686
380,687
380,688
380,689
380,690
380,691
380,692
380,693
380,694
380,695
381,381
381,382
381,383
381,384
381,385
381,386
381,387
381,388
381,389
381,390
381,391
381,392
381,393
381,394
381,395
381,396
381,397
381,398
381,399
381,400
381,401
381,402
381,403
381,404
381,405
381,406
381,407
381,408
381,409
381,410
381,411
381,412
381,413
381,414
381,415
381,416
381,417
381,418
381,419
381,420
381,421
381,422
381,423
381,424
381,425
381,426
381,597
381,598
381,599
381,600
381,601
381,602
381,603
381,604
381,605
381,606
381,607
381,608
381,609
381,610
381,611
381,612
381,613
381,614
381,615
381,616
381,617
381,618
381,619
381,620
381,621
381,622
381,623
381,624
381,625
381,626
381,627
381,628
381,629
381,630
381,631
381,632
381,633
381,634
381,635
381,636
381,637
381,638
381,639
381,640
381,641
381,642
381,643
381,644
381,645
381,646
381,647
381,648
381,649
381,650
381,651
381,652
381,653
381,654
381,655
381,656
381,657
381,658
381,659
381,660
381,661
381,662
381,663
381,664
381,665
381,666
381,667
381,668
381,669
381,670
381,671
381,672
381,673
381,674
381,675
381,676
381,677
381,678
381,679
381,680
381,681
381,682
381,683
381,684
381,685
381,686
381,687
381,688
381,689
381,690
381,691
381,692
381,693
381,694
381,695
382,383
382,384
382,385
382,386
382,387
382,388
382,389
382,390
382,391
382,392
382,393
382,394
382,395
382,396
382,397
382,398
382,399
382,400
382,401
382,402
382,403
382,404
382,405
382,406
382,407
382,408
382,409
382,410
382,411
382,412
382,413
382,414
382,415
382,416
382,417
382,418
382,419
382,420
382,421
382,422
382,423
382,424
382,425
382,426
382,427
382,596
382,597
382,598
382,599
382,600
382,601
382,602
382,603
382,604
382,605
382,606
382,607
382,608
382,609
382,610
382,611
382,612
382,613
382,614
382,615
382,616
382,617
382,618
382,619
382,620
382,621
382,622
382,623
382,624
382,625
382,626
382,627
382,628
382,629
382,630
382,631
382,632
382,633
382,634
382,635
382,636
382,637
382,638
382,639
382,640
382,641
382,642
382,643
382,644
382,645
382,646
382,647
382,648
382,649
382,650
382,651
382,652
382,653
382,654
382,655
382,656
382,657
382,658
382,666
382,667
382,668
382,669
382,670
382,671
382,672
382,673
382,674
382,675
382,676
382,677
382,678
382,679
382,680
382,681
382,682
382,683
382,684
382,685
382,686
382,687
382,688
382,689
382,690
382,691
382,692
382,693
382,694
382,695
383,385
383,386
383,387
383,388
383,389
383,390
383,391
383,392
383,393
383,394
383,395
383,396
383,397
383,398
383,399
383,400
383,401
383,402
383,403
383,404
383,405
383,406
383,407
383,408
383,409
383,410
383,411
383,412
383,413
383,414
383,415
383,416
383,417
383,418
383,419
383,420
383,421
383,422
383,423
383,424
383,425
383,426
383,427
383,428
383,429
383,595
383,596
383,597
383,598
383,599
383,600
383,601
383,602
383,603
383,604
383,605
383,606
383,607
383,608
383,609
383,610
383,611
383,612
383,613
383,614
383,615
383,616
383,617
383,618
383,619
383,620
383,621
383,622
383,623
383,624
383,625
383,626
383,627
383,628
383,629
383,630
383,631
383,632
383,633
383,634
383,635
383,636
383,637
383,638
383,639
383,640
383,641
383,642
383,643
383,644
383,645
383,646
383,647
383,648
383,649
383,650
383,651
383,652
383,653
383,654
383,655
383,656
383,678
383,679
383,680
383,681
383,682
383,683
383,684
383,685
383,686
383,687
383,688
383,689
383,690
383,691
383,692
383,693
383,694
383,695
384,386
384,387
384,388
384,389
384,390
384,391
384,392
384,393
384,394
384,395
384,396
384,397
384,398
384,399
384,400
384,401
384,402
384,403
384,404
384,405
384,406
384,407
384,408
384,409
384,410
384,411
384,412
384,413
384,414
384,415
384,416
384,417
384,418
384,419
384,420
384,421
384,422
384,423
384,424
384,425
384,426
384,427
384,428
384,429
384,430
384,595
384,596
384,597
384,598
384,599
384,600
384,601
384,602
384,603
384,604
384,605
384,606
384,607
384,608
384,609
384,610
384,611
384,612
384,613
384,614
384,615
384,616
384,617
384,618
384,619
384,620
384,621
384,622
384,623
384,624
384,625
384,626
384,627
384,628
384,629
384,630
384,631
384,632
384,633
384,634
384,635
384,636
384,637
384,638
384,639
384,640
384,641
384,642
384,643
384,644
384,645
384,646
384,647
384,648
384,649
384,650
384,651
384,652
384,653
384,654
384,690
384,691
384,692
384,693
384,694
384,695
385,387
385,388
385,389
385,390
385,391
385,392
385,393
385,394
385,395
385,396
385,397
385,398
385,399
385,400
385,401
385,402
385,403
385,404
385,405
385,406
385,407
385,408
385,409
385,410
385,411
385,412
385,413
385,414
385,415
385,416
385,417
385,418
385,419
385,420
385,421
385,422
385,423
385,424
385,425
385,426
385,427
385,428
385,429
385,430
385,431
385,594
385,595
385,596
385,597
385,598
385,599
385,600
385,601
385,602
385,603
385,604
385,605
385,606
385,607
385,608
385,609
385,610
385,611
385,612
385,613
385,614
385,615
385,616
385,617
385,618
385,619
385,620
385,621
385,622
385,623
385,624
385,625
385,626
385,627
385,628
385,629
385,630
385,631
385,632
385,633
385,634
385,635
385,636
385,637
385,638
385,639
385,640
385,641
385,642
385,643
385,644
385,645
385,646
385,647
385,648
385,649
385,650
385,651
385,652
386,387
386,388
386,389
386,390
386,391
386,392
386,393
386,394
386,395
386,396
386,397
386,398
386,399
386,400
386,401
386,402
386,403
386,404
386,405
386,406
386,407
386,408
386,409
386,410
386,411
386,412
386,413
386,414
386,415
386,416
386,417
386,418
386,419
386,420
386,421
386,422
386,423
386,424
386,425
386,426
386,427
386,428
386,429
386,430
386,431
386,432
386,433
386,593
386,594
386,595
386,596
386,597
386,598
386,599
386,600
386,601
386,602
386,603
386,604
386,605
386,606
386,607
386,608
386,609
386,610
386,611
386,612
386,613
386,614
386,615
386,616
386,617
386,618
386,619
386,620
386,621
386,622
386,623
386,624
386,625
386,626
386,627
386,628
386,629
386,630
386,631
386,632
386,633
386,634
386,635
386,636
386,637
386,638
386,639
386,640
386,641
386,642
386,643
386,644
386,645
386,646
386,647
386,648
386,649
387,388
387,389
387,390
387,391
387,392
387,393
387,394
387,395
387,396
387,397
387,398
387,399
387,400
387,401
387,402
387,403
387,404
387,405
387,406
387,407
387,408
387,409
387,410
387,411
387,412
387,413
387,414
387,415
387,416
387,417
387,418
387,419
387,420
387,421
387,422
387,423
387,424
387,425
387,426
387,427
387,428
387,429
387,430
387,431
387,432
387,433
387,434
387,592
387,593
387,594
387,595
387,596
387,597
387,598
387,599
387,600
387,601
387,602
387,603
387,604
387,605
387,606
387,607
387,608
387,609
387,610
387,611
387,612
387,613
387,614
387,615
387,616
387,617
387,618
387,619
387,620
387,621
387,622
387,623
387,624
387,625
387,626
387,627
387,628
387,629
387,630
387,631
387,632
387,633
387,634
387,635
387,636
387,637
387,638
387,639
387,640
387,641
387,642
387,643
387,644
387,645
387,646
387,647
388,389
388,390
388,391
388,392
388,393
388,394
388,395
388,396
388,397
388,398
388,399
388,400
388,401
388,402
388,403
388,404
388,405
388,406
388,407
388,408
388,409
388,410
388,411
388,412
388,413
388,414
388,415
388,416
388,417
388,418
388,419
388,420
388,421
388,422
388,423
388,424
388,425
388,426
388,427
388,428
388,429
388,430
388,431
388,432
388,433
388,434
388,435
388,593
388,594
388,595
388,596
388,597
388,598
388,599
388,600
388,601
388,602
388,603
388,604
388,605
388,606
388,607
388,608
388,609
388,610
388,611
388,612
388,613
388,614
388,615
388,616
388,617
388,618
388,619
388,620
388,621
388,622
388,623
388,624
388,625
388,626
388,627
388,628
388,629
388,630
388,631
388,632
388,633
388,634
388,635
388,636
388,637
388,638
388,639
388,640
388,641
388,642
388,643
388,644
388,645
389,390
389,391
389,392
389,393
389,394
389,395
389,396
389,397
389,398
389,399
389,400
389,401
389,402
389,403
389,404
389,405
389,406
389,407
389,408
389,409
389,410
389,411
389,412
389,413
389,414
389,415
389,416
389,417
389,418
389,419
389,420
389,421
389,422
389,423
389,424
389,425
389,426
389,427
389,428
389,429
389,430
389,431
389,432
389,433
389,434
389,435
389,436
389,437
389,594
389,595
389,596
389,597
389,598
389,599
389,600
389,601
389,602
389,603
389,604
389,605
389,606
389,607
389,608
389,609
389,610
389,611
389,612
389,613
389,614
389,615
389,616
389,617
389,618
389,619
389,620
389,621
389,622
389,623
389,624
389,625
389,626
389,627
389,628
389,629
389,630
389,631
389,632
389,633
389,634
389,635
389,636
389,637
389,638
389,639
389,640
389,641
389,642
389,643
390,390
390,391
390,392
390,393
390,394
390,395
390,396
390,397
390,398
390,399
390,400
390,401
390,402
390,403
390,404
390,405
390,406
390,407
390,408
390,409
390,410
390,411
390,412
390,413
390,414
390,415
390,416
390,417
390,418
390,419
390,420
390,421
390,422
390,423
390,424
390,425
390,426
390,427
390,428
390,429
390,430
390,431
390,432
390,433
390,434
390,435
390,436
390,437
390,438
390,439
390,596
390,597
390,598
390,599
390,600
390,601
390,602
390,603
390,604
390,605
390,606
390,607
390,608
390,609
390,610
390,611
390,612
390,613
390,614
390,615
390,616
390,617
390,618
390,619
390,620
390,621
390,622
390,623
390,624
390,625
390,626
390,627
390,628
390,629
390,630
390,631
390,632
390,633
390,634
390,635
390,636
390,637
390,638
390,639
390,640
390,641
391,391
391,392
391,393
391,394
391,395
391,396
391,397
391,398
391,399
391,400
391,401
391,402
391,403
391,404
391,405
391,406
391,407
391,408
391,409
391,410
391,411
391,412
391,413
391,414
391,415
391,416
391,417
391,418
391,419
391,420
391,421
391,422
391,423
391,424
391,425
391,426
391,427
391,428
391,429
391,430
391,431
391,432
391,433
391,434
391,435
391,436
391,437
391,438
391,439
391,440
391,441
391,442
391,597
391,598
391,599
391,600
391,601
391,602
391,603
391,604
391,605
391,606
391,607
391,608
391,609
391,610
391,611
391,612
391,613
391,614
391,615
391,616
391,617
391,618
391,619
391,620
391,621
391,622
391,623
391,624
391,625
391,626
391,627
391,628
391,629
391,630
391,631
391,632
391,633
391,634
391,635
391,636
391,637
391,638
391,639
391,640
392,392
392,393
392,394
392,395
392,396
392,397
392,398
392,399
392,400
392,401
392,402
392,403
392,404
392,405
392,406
392,407
392,408
392,409
392,410
392,411
392,412
392,413
392,414
392,415
392,416
392,417
392,418
392,419
392,420
392,421
392,422
392,423
392,424
392,425
392,426
392,427
392,428
392,429
392,430
392,431
392,432
392,433
392,434
392,435
392,436
392,437
392,438
392,439
392,440
392,441
392,442
392,443
392,444
392,445
392,598
392,599
392,600
392,601
392,602
392,603
392,604
392,605
392,606
392,607
392,608
392,609
392,610
392,611
392,612
392,613
392,614
392,615
392,616
392,617
392,618
392,619
392,620
392,621
392,622
392,623
392,624
392,625
392,626
392,627
392,628
392,629
392,630
392,631
392,632
392,633
392,634
392,635
392,636
392,637
392,638
392,639
393,393
393,394
393,395
393,396
393,397
393,398
393,399
393,400
393,401
393,402
393,403
393,404
393,405
393,406
393,407
393,408
393,409
393,410
393,411
393,412
393,413
393,414
393,415
393,416
393,417
393,418
393,419
393,420
393,421
393,422
393,423
393,424
393,425
393,426
393,427
393,428
393,429
393,430
393,431
393,432
393,433
393,434
393,435
393,436
393,437
393,438
393,439
393,440
393,441
393,442
393,443
393,444
393,445
393,446
393,447
393,448
393,599
393,600
393,601
393,602
393,603
393,604
393,605
393,606
393,607
393,608
393,609
393,610
393,611
393,612
393,613
393,614
393,615
393,616
393,617
393,618
393,619
393,620
393,621
393,622
393,623
393,624
393,625
393,626
393,627
393,628
393,629
393,630
393,631
393,632
393,633
393,634
393,635
393,636
393,637
393,638
393,639
394,393
394,394
394,395
394,396
394,397
394,398
394,399
394,400
394,401
394,402
394,403
394,404
394,405
394,406
394,407
394,408
394,409
394,410
394,411
394,412
394,413
394,414
394,415
394,416
394,417
394,418
394,419
394,420
394,421
394,422
394,423
394,424
394,425
394,426
394,427
394,428
394,429
394,430
394,431
394,432
394,433
394,434
394,435
394,436
394,437
394,438
394,439
394,440
394,441
394,442
394,443
394,444
394,445
394,446
394,447
394,448
394,449
394,450
394,451
394,452
394,600
394,601
394,602
394,603
394,604
394,605
394,606
394,607
394,608
394,609
394,610
394,611
394,612
394,613
394,614
394,615
394,616
394,617
394,618
394,619
394,620
394,621
394,622
394,623
394,624
394,625
394,626
394,627
394,628
394,629
394,630
394,631
394,632
394,633
394,634
394,635
394,636
394,637
394,638
395,394
395,395
395,396
395,397
395,398
395,399
395,400
395,401
395,402
395,403
395,404
395,405
395,406
395,407
395,408
395,409
395,410
395,411
395,412
395,413
395,414
395,415
395,416
395,417
395,418
395,419
395,420
395,421
395,422
395,423
395,424
395,425
395,426
395,427
395,428
395,429
395,430
395,431
395,432
395,433
395,434
395,435
395,436
395,437
395,438
395,439
395,440
395,441
395,442
395,443
395,444
395,445
395,446
395,447
395,448
395,449
395,450
395,451
395,452
395,453
395,454
395,455
395,602
395,603
395,604
395,605
395,606
395,607
395,608
395,609
395,610
395,611
395,612
395,613
395,614
395,615
395,616
395,617
395,618
395,619
395,620
395,621
395,622
395,623
395,624
395,625
395,626
395,627
395,628
395,629
395,630
395,631
395,632
395,633
395,634
395,635
395,636
395,637
396,395
396,396
396,397
396,398
396,399
396,400
396,401
396,402
396,403
396,404
396,405
396,406
396,407
396,408
396,409
396,410
396,411
396,412
396,413
396,414
396,415
396,416
396,417
396,418
396,419
396,420
396,421
396,422
396,423
396,424
396,425
396,426
396,427
396,428
396,429
396,430
396,431
396,432
396,433
396,434
396,435
396,436
396,437
396,438
396,439
396,440
396,441
396,442
396,443
396,444
396,445
396,446
396,447
396,448
396,449
396,450
396,451
396,452
396,453
396,454
396,455
396,456
396,457
396,458
396,603
396,604
396,605
396,606
396,607
396,608
396,609
396,610
396,611
396,612
396,613
396,614
396,615
396,616
396,617
396,618
396,619
396,620
396,621
396,622
396,623
396,624
396,625
396,626
396,627
396,628
396,629
396,630
396,631
396,632
396,633
396,634
396,635
396,636
397,396
397,397
397,398
397,399
397,400
397,401
397,402
397,403
397,404
397,405
397,406
397,407
397,408
397,409
397,410
397,411
397,412
397,413
397,414
397,415
397,416
397,417
397,418
397,419
397,420
397,421
397,422
397,423
397,424
397,425
397,426
397,427
397,428
397,429
397,430
397,431
397,432
397,433
397,434
397,435
397,436
397,437
397,438
397,439
397,440
397,441
397,442
397,443
397,444
397,445
397,446
397,447
397,448
397,449
397,450
397,451
397,452
397,453
397,454
397,455
397,456
397,457
397,458
397,459
397,460
397,604
397,605
397,606
397,607
397,608
397,609
397,610
397,611
397,612
397,613
397,614
397,615
397,616
397,617
397,618
397,619
397,620
397,621
397,622
397,623
397,624
397,625
397,626
397,627
397,628
397,629
397,630
397,631
397,632
397,633
397,634
397,635
398,396
398,397
398,398
398,399
398,400
398,401
398,402
398,403
398,404
398,405
398,406
398,407
398,408
398,409
398,410
398,411
398,412
398,413
398,414
398,415
398,416
398,417
398,418
398,419
398,420
398,421
398,422
398,423
398,424
398,425
398,426
398,427
398,428
398,429
398,430
398,431
398,432
398,433
398,434
398,435
398,436
398,437
398,438
398,439
398,440
398,441
398,442
398,443
398,444
398,445
398,446
398,447
398,448
398,449
398,450
398,451
398,452
398,453
398,454
398,455
398,456
398,457
398,458
398,459
398,460
398,605
398,606
398,607
398,608
398,609
398,610
398,611
398,612
398,613
398,614
398,615
398,616
398,617
398,618
398,619
398,620
398,621
398,622
398,623
398,624
398,625
398,626
398,627
398,628
398,629
398,630
398,631
398,632
398,633
398,634
399,397
399,398
399,399
399,400
399,401
399,402
399,403
399,404
399,405
399,406
399,407
399,408
399,409
399,410
399,411
399,412
399,413
399,414
399,415
399,416
399,417
399,418
399,419
399,420
399,421
399,422
399,423
399,424
399,425
399,426
399,427
399,428
399,429
399,430
399,431
399,432
399,433
399,434
399,435
399,436
399,437
399,438
399,439
399,440
399,441
399,442
399,443
399,444
399,445
399,446
399,447
399,448
399,449
399,450
399,451
399,452
399,453
399,454
399,455
399,456
399,457
399,458
399,459
399,460
399,606
399,607
399,608
399,609
399,610
399,611
399,612
399,613
399,614
399,615
399,616
399,617
399,618
399,619
399,620
399,621
399,622
399,623
399,624
399,625
399,626
399,627
399,628
399,629
399,630
399,631
399,632
399,633
400,398
400,399
400,400
400,401
400,402
400,403
400,404
400,405
400,406
400,407
400,408
400,409
400,410
400,411
400,412
400,413
400,414
400,415
400,416
400,417
400,418
400,419
400,420
400,421
400,422
400,423
400,424
400,425
400,426
400,427
400,428
400,429
400,430
400,431
400,432
400,433
400,434
400,435
400,436
400,437
400,438
400,439
400,440
400,441
400,442
400,443
400,444
400,445
400,446
400,447
400,448
400,449
400,450
400,451
400,452
400,453
400,454
400,455
400,456
400,457
400,458
400,459
400,460
400,608
400,609
400,610
400,611
400,612
400,613
400,614
400,615
400,616
400,617
400,618
400,619
400,620
400,621
400,622
400,623
400,624
400,625
400,626
400,627
400,628
400,629
400,630
400,631
400,632
401,399
401,400
401,401
401,402
401,403
401,404
401,405
401,406
401,407
401,408
401,409
401,410
401,411
401,412
401,413
401,414
401,415
401,416
401,417
401,418
401,419
401,420
401,421
401,422
401,423
401,424
401,425
401,426
401,427
401,428
401,429
401,430
401,431
401,432
401,433
401,434
401,435
401,436
401,437
401,438
401,439
401,440
401,441
401,442
401,443
401,444
401,445
401,446
401,447
401,448
401,449
401,450
401,451
401,452
401,453
401,454
401,455
401,456
401,457
401,458
401,459
401,609
401,610
401,611
401,612
401,613
401,614
401,615
401,616
401,617
401,618
401,619
401,620
401,621
401,622
401,623
401,624
401,625
401,626
401,627
401,628
401,629
401,630
401,631
401,632
402,400
402,401
402,402
402,403
402,404
402,405
402,406
402,407
402,408
402,409
402,410
402,411
402,412
402,413
402,414
402,415
402,416
402,417
402,418
402,419
402,420
402,421
402,422
402,423
402,424
402,425
402,426
402,427
402,428
402,429
402,430
402,431
402,432
402,433
402,434
402,435
402,436
402,437
402,438
402,439
402,440
402,441
402,442
402,443
402,444
402,445
402,446
402,447
402,448
402,449
402,450
402,451
402,452
402,453
402,454
402,455
402,456
402,457
402,458
402,459
402,610
402,611
402,612
402,613
402,614
402,615
402,616
402,617
402,618
402,619
402,620
402,621
402,622
402,623
402,624
402,625
402,626
402,627
402,628
402,629
402,630
402,631
403,401
403,402
403,403
403,404
403,405
403,406
403,407
403,408
403,409
403,410
403,411
403,412
403,413
403,414
403,415
403,416
403,417
403,418
403,419
403,420
403,421
403,422
403,423
403,424
403,425
403,426
403,427
403,428
403,429
403,430
403,431
403,432
403,433
403,434
403,435
403,436
403,437
403,438
403,439
403,440
403,441
403,442
403,443
403,444
403,445
403,446
403,447
403,448
403,449
403,450
403,451
403,452
403,453
403,454
403,455
403,456
403,457
403,458
403,459
403,611
403,612
403,613
403,614
403,615
403,616
403,617
403,618
403,619
403,620
403,621
403,622
403,623
403,624
403,625
403,626
403,627
403,628
403,629
403,630
404,402
404,403
404,404
404,405
404,406
404,407
404,408
404,409
404,410
404,411
404,412
404,413
404,414
404,415
404,416
404,417
404,418
404,419
404,420
404,421
404,422
404,423
404,424
404,425
404,426
404,427
404,428
404,429
404,430
404,431
404,432
404,433
404,434
404,435
404,436
404,437
404,438
404,439
404,440
404,441
404,442
404,443
404,444
404,445
404,446
404,447
404,448
404,449
404,450
404,451
404,452
404,453
404,454
404,455
404,456
404,457
404,458
404,459
404,612
404,613
404,614
404,615
404,616
404,617
404,618
404,619
404,620
404,621
404,622
404,623
404,624
404,625
404,626
404,627
404,628
404,629
405,403
405,404
405,405
405,406
405,407
405,408
405,409
405,410
405,411
405,412
405,413
405,414
405,415
405,416
405,417
405,418
405,419
405,420
405,421
405,422
405,423
405,424
405,425
405,426
405,427
405,428
405,429
405,430
405,431
405,432
405,433
405,434
405,435
405,436
405,437
405,438
405,439
405,440
405,441
405,442
405,443
405,444
405,445
405,446
405,447
405,448
405,449
405,450
405,451
405,452
405,453
405,454
405,455
405,456
405,457
405,458
405,459
405,614
405,615
405,616
405,617
405,618
405,619
405,620
405,621
405,622
405,623
405,624
405,625
405,626
405,627
405,628
406,404
406,405
406,406
406,407
406,408
406,409
406,410
406,411
406,412
406,413
406,414
406,415
406,416
406,417
406,418
406,419
406,420
406,421
406,422
406,423
406,424
406,425
406,426
406,427
406,428
406,429
406,430
406,431
406,432
406,433
406,434
406,435
406,436
406,437
406,438
406,439
406,440
406,441
406,442
406,443
406,444
406,445
406,446
406,447
406,448
406,449
406,450
406,451
406,452
406,453
406,454
406,455
406,456
406,457
406,458
406,459
406,615
406,616
406,617
406,618
406,619
406,620
406,621
406,622
406,623
406,624
406,625
406,626
406,627
407,405
407,406
407,407
407,408
407,409
407,410
407,411
407,412
407,413
407,414
407,415
407,416
407,417
407,418
407,419
407,420
407,421
407,422
407,423
407,424
407,425
407,426
407,427
407,428
407,429
407,430
407,431
407,432
407,433
407,434
407,435
407,436
407,437
407,438
407,439
407,440
407,441
407,442
407,443
407,444
407,445
407,446
407,447
407,448
407,449
407,450
407,451
407,452
407,453
407,454
407,455
407,456
407,457
407,458
407,459
407,616
407,617
407,618
407,619
407,620
407,621
407,622
407,623
407,624
407,625
407,626
408,406
408,407
408,408
408,409
408,410
408,411
408,412
408,413
408,414
408,415
408,416
408,417
408,418
408,419
408,420
408,421
408,422
408,423
408,424
408,425
408,426
408,427
408,428
408,429
408,430
408,431
408,432
408,433
408,434
408,435
408,436
408,437
408,438
408,439
408,440
408,441
408,442
408,443
408,444
408,445
408,446
408,447
408,448
408,449
408,450
408,451
408,452
408,453
408,454
408,455
408,456
408,457
408,458
408,459
408,617
408,618
408,619
408,620
408,621
408,622
408,623
408,624
408,625
409,407
409,408
409,409
409,410
409,411
409,412
409,413
409,414
409,415
409,416
409,417
409,418
409,419
409,420
409,421
409,422
409,423
409,424
409,425
409,426
409,427
409,428
409,429
409,430
409,431
409,432
409,433
409,434
409,435
409,436
409,437
409,438
409,439
409,440
409,441
409,442
409,443
409,444
409,445
409,446
409,447
409,448
409,449
409,450
409,451
409,452
409,453
409,454
409,455
409,456
409,457
409,458
409,618
409,619
409,620
409,621
409,622
409,623
409,624
409,625
410,408
410,409
410,410
410,411
410,412
410,413
410,414
410,415
410,416
410,417
410,418
410,419
410,420
410,421
410,422
410,423
410,424
410,425
410,426
410,427
410,428
410,429
410,430
410,431
410,432
410,433
410,434
410,435
410,436
410,437
410,438
410,439
410,440
410,441
410,442
410,443
410,444
410,445
410,446
410,447
410,448
410,449
410,450
410,451
410,452
410,453
410,454
410,455
410,456
410,457
410,458
410,620
410,621
410,622
410,623
410,624
411,409
411,410
411,411
411,412
411,413
411,414
411,415
411,416
411,417
411,418
411,419
411,420
411,421
411,422
411,423
411,424
411,425
411,426
411,427
411,428
411,429
411,430
411,431
411,432
411,433
411,434
411,435
411,436
411,437
411,438
411,439
411,440
411,441
411,442
411,443
411,444
411,445
411,446
411,447
411,448
411,449
411,450
411,451
411,452
411,453
411,454
411,455
411,456
411,457
411,458
411,621
411,622
411,623
412,410
412,411
412,412
412,413
412,414
412,415
412,416
412,417
412,418
412,419
412,420
412,421
412,422
412,423
412,424
412,425
412,426
412,427
412,428
412,429
412,430
412,431
412,432
412,433
412,434
412,435
412,436
412,437
412,438
412,439
412,440
412,441
412,442
412,443
412,444
412,445
412,446
412,447
412,448
412,449
412,450
412,451
412,452
412,453
412,454
412,455
412,456
412,457
412,458
412,622
413,411
413,412
413,413
413,414
413,415
413,416
413,417
413,418
413,419
413,420
413,421
413,422
413,423
413,424
413,425
413,426
413,427
413,428
413,429
413,430
413,431
413,432
413,433
413,434
413,435
413,436
413,437
413,438
413,439
413,440
413,441
413,442
413,443
413,444
413,445
413,446
413,447
413,448
413,449
413,450
413,451
413,452
413,453
413,454
413,455
413,456
413,457
413,458
414,412
414,413
414,414
414,415
414,416
414,417
414,418
414,419
414,420
414,421
414,422
414,423
414,424
414,425
414,426
414,427
414,428
414,429
414,430
414,431
414,432
414,433
414,434
414,435
414,436
414,437
414,438
414,439
414,440
414,441
414,442
414,443
414,444
414,445
414,446
414,447
414,448
414,449
414,450
414,451
414,452
414,453
414,454
414,455
414,456
414,457
414,458
415,414
415,415
415,416
415,417
415,418
415,419
415,420
415,421
415,422
415,423
415,424
415,425
415,426
415,427
415,428
415,429
415,430
415,431
415,432
415,433
415,434
415,435
415,436
415,437
415,438
415,439
415,440
415,441
415,442
415,443
415,444
415,445
415,446
415,447
415,448
415,449
415,450
415,451
415,452
415,453
415,454
415,455
415,456
415,457
415,458
416,416
416,417
416,418
416,419
416,420
416,421
416,422
416,423
416,424
416,425
416,426
416,427
416,428
416,429
416,430
416,431
416,432
416,433
416,434
416,435
416,436
416,437
416,438
416,439
416,440
416,441
416,442
416,443
416,444
416,445
416,446
416,447
416,448
416,449
416,450
416,451
416,452
416,453
416,454
416,455
416,456
416,457
416,458
417,418
417,419
417,420
417,421
417,422
417,423
417,424
417,425
417,426
417,427
417,428
417,429
417,430
417,431
417,432
417,433
417,434
417,435
417,436
417,437
417,438
417,439
417,440
417,441
417,442
417,443
417,444
417,445
417,446
417,447
417,448
417,449
417,450
417,451
417,452
417,453
417,454
417,455
417,456
417,457
418,420
418,421
418,422
418,423
418,424
418,425
418,426
418,427
418,428
418,429
418,430
418,431
418,432
418,433
418,434
418,435
418,436
418,437
418,438
418,439
418,440
418,441
418,442
418,443
418,444
418,445
418,446
418,447
418,448
418,449
418,450
418,451
418,452
418,453
418,454
418,455
418,456
418,457
419,422
419,423
419,424
419,425
419,426
419,427
419,428
419,429
419,430
419,431
419,432
419,433
419,434
419,435
419,436
419,437
419,438
419,439
419,440
419,441
419,442
419,443
419,444
419,445
419,446
419,447
419,448
419,449
419,450
419,451
419,452
419,453
419,454
419,455
419,456
419,457
420,424
420,425
420,426
420,427
420,428
420,429
420,430
420,431
420,432
420,433
420,434
420,435
420,436
420,437
420,438
420,439
420,440
420,441
420,442
420,443
420,444
420,445
420,446
420,447
420,448
420,449
420,450
420,451
420,452
420,453
420,454
420,455
420,456
420,457
421,426
421,427
421,428
421,429
421,430
421,431
421,432
421,433
421,434
421,435
421,436
421,437
421,438
421,439
421,440
421,441
421,442
421,443
421,444
421,445
421,446
421,447
421,448
421,449
421,450
421,451
421,452
421,453
421,454
421,455
421,456
421,457
422,428
422,429
422,430
422,431
422,432
422,433
422,434
422,435
422,436
422,437
422,438
422,439
422,440
422,441
422,442
422,443
422,444
422,445
422,446
422,447
422,448
422,449
422,450
422,451
422,452
422,453
422,454
422,455
422,456
422,457
423,431
423,432
423,433
423,434
423,435
423,436
423,437
423,438
423,439
423,440
423,441
423,442
423,443
423,444
423,445
423,446
423,447
423,448
423,449
423,450
423,451
423,452
423,453
423,454
423,455
423,456
423,457
424,434
424,435
424,436
424,437
424,438
424,439
424,440
424,441
424,442
424,443
424,444
424,445
424,446
424,447
424,448
424,449
424,450
424,451
424,452
424,453
424,454
424,455
424,456
424,457
425,437
425,438
425,439
425,440
425,441
425,442
425,443
425,444
425,445
425,446
425,447
425,448
425,449
425,450
425,451
425,452
425,453
425,454
425,455
425,456
426,440
426,441
426,442
426,443
426,444
426,445
426,446
426,447
426,448
426,449
426,450
426,451
426,452
426,453
426,454
426,455
426,456
427,444
427,445
427,446
427,447
427,448
427,449
427,450
427,451
427,452
427,453
427,454
427,455
427,456
428,449
428,450
428,451
428,452
428,453
428,454
428,455
428,456
429,454
429,455
429,456
448,602
448,603
448,604
448,605
448,606
448,607
448,608
448,609
449,601
449,602
449,603
449,604
449,605
449,606
449,607
449,608
449,609
449,610
449,611
449,612
449,613
449,614
449,615
449,616
449,617
449,618
450,601
450,602
450,603
450,604
450,605
450,606
450,607
450,608
450,609
450,610
450,611
450,612
450,613
450,614
450,615
450,616
450,617
450,618
450,619
450,620
451,600
451,601
451,602
451,603
451,604
451,605
451,606
451,607
451,608
451,609
451,610
451,611
451,612
451,613
451,614
451,615
451,616
451,617
451,618
451,619
451,620
451,621
451,622
452,599
452,600
452,601
452,602
452,603
452,604
452,605
452,606
452,607
452,608
452,609
452,610
452,611
452,612
452,613
452,614
452,615
452,616
452,617
452,618
452,619
452,620
452,621
452,622
452,623
452,624
453,598
453,599
453,600
453,601
453,602
453,603
453,604
453,605
453,606
453,607
453,608
453,609
453,610
453,611
453,612
453,613
453,614
453,615
453,616
453,617
453,618
453,619
453,620
453,621
453,622
453,623
453,624
453,625
453,626
454,598
454,599
454,600
454,601
454,602
454,603
454,604
454,605
454,606
454,607
454,608
454,609
454,610
454,611
454,612
454,613
454,614
454,615
454,616
454,617
454,618
454,619
454,620
454,621
454,622
454,623
454,624
454,625
454,626
454,627
454,628
455,597
455,598
455,599
455,600
455,601
455,602
455,603
455,604
455,605
455,606
455,607
455,608
455,609
455,610
455,611
455,612
455,613
455,614
455,615
455,616
455,617
455,618
455,619
455,620
455,621
455,622
455,623
455,624
455,625
455,626
455,627
455,628
455,629
455,630
456,596
456,597
456,598
456,599
456,600
456,601
456,602
456,603
456,604
456,605
456,606
456,607
456,608
456,609
456,610
456,611
456,612
456,613
456,614
456,615
456,616
456,617
456,618
456,619
456,620
456,621
456,622
456,623
456,624
456,625
456,626
456,627
456,628
456,629
456,630
457,595
457,596
457,597
457,598
457,599
457,600
457,601
457,602
457,603
457,604
457,605
457,606
457,607
457,608
457,609
457,610
457,611
457,612
457,613
457,614
457,615
457,616
457,617
457,618
457,619
457,620
457,621
457,622
457,623
457,624
457,625
457,626
457,627
457,628
457,629
457,630
457,631
458,595
458,596
458,597
458,598
458,599
458,600
458,601
458,602
458,603
458,604
458,605
458,606
458,607
458,608
458,609
458,610
458,611
458,612
458,613
458,614
458,615
458,616
458,617
458,618
458,619
458,620
458,621
458,622
458,623
458,624
458,625
458,626
458,627
458,628
458,629
458,630
458,631
459,594
459,595
459,596
459,597
459,598
459,599
459,600
459,601
459,602
459,603
459,604
459,605
459,606
459,607
459,608
459,609
459,610
459,611
459,612
459,613
459,614
459,615
459,616
459,617
459,618
459,619
459,620
459,621
459,622
459,623
459,624
459,625
459,626
459,627
459,628
459,629
459,630
459,631
459,632
460,592
460,593
460,594
460,595
460,596
460,597
460,598
460,599
460,600
460,601
460,602
460,603
460,604
460,605
460,606
460,607
460,608
460,609
460,610
460,611
460,612
460,613
460,614
460,615
460,616
460,617
460,618
460,619
460,620
460,621
460,622
460,623
460,624
460,625
460,626
460,627
460,628
460,629
460,630
460,631
460,632
461,591
461,592
461,593
461,594
461,595
461,596
461,597
461,598
461,599
461,600
461,601
461,602
461,603
461,604
461,605
461,606
461,607
461,608
461,609
461,610
461,611
461,612
461,613
461,614
461,615
461,616
461,617
461,618
461,619
461,620
461,621
461,622
461,623
461,624
461,625
461,626
461,627
461,628
461,629
461,630
461,631
461,632
461,633
462,589
462,590
462,591
462,592
462,593
462,594
462,595
462,596
462,597
462,598
462,599
462,600
462,601
462,602
462,603
462,604
462,605
462,606
462,607
462,608
462,609
462,610
462,611
462,612
462,613
462,614
462,615
462,616
462,617
462,618
462,619
462,620
462,621
462,622
462,623
462,624
462,625
462,626
462,627
462,628
462,629
462,630
462,631
462,632
462,633
463,588
463,589
463,590
463,591
463,592
463,593
463,594
463,595
463,596
463,597
463,598
463,599
463,600
463,601
463,602
463,603
463,604
463,605
463,606
463,607
463,608
463,609
463,610
463,611
463,612
463,613
463,614
463,615
463,616
463,617
463,618
463,619
463,620
463,621
463,622
463,623
463,624
463,625
463,626
463,627
463,628
463,629
463,630
463,631
463,632
463,633
463,634
464,587
464,588
464,589
464,590
464,591
464,592
464,593
464,594
464,595
464,596
464,597
464,598
464,599
464,600
464,601
464,602
464,603
464,604
464,605
464,606
464,607
464,608
464,609
464,610
464,611
464,612
464,613
464,614
464,615
464,616
464,617
464,618
464,619
464,620
464,621
464,622
464,623
464,624
464,625
464,626
464,627
464,628
464,629
464,630
464,631
464,632
464,633
464,634
465,585
465,586
465,587
465,588
465,589
465,590
465,591
465,592
465,593
465,594
465,595
465,596
465,597
465,598
465,599
465,600
465,601
465,602
465,603
465,604
465,605
465,606
465,607
465,608
465,609
465,610
465,611
465,612
465,613
465,614
465,615
465,616
465,617
465,618
465,619
465,620
465,621
465,622
465,623
465,624
465,625
465,626
465,627
465,628
465,629
465,630
465,631
465,632
465,633
465,634
465,635
466,583
466,584
466,585
466,586
466,587
466,588
466,589
466,590
466,591
466,592
466,593
466,594
466,595
466,596
466,597
466,598
466,599
466,600
466,601
466,602
466,603
466,604
466,605
466,606
466,607
466,608
466,609
466,610
466,611
466,612
466,613
466,614
466,615
466,616
466,617
466,618
466,619
466,620
466,621
466,622
466,623
466,624
466,625
466,626
466,627
466,628
466,629
466,630
466,631
466,632
466,633
466,634
466,635
467,580
467,581
467,582
467,583
467,584
467,585
467,586
467,587
467,588
467,589
467,590
467,591
467,592
467,593
467,594
467,595
467,596
467,597
467,598
467,599
467,600
467,601
467,602
467,603
467,604
467,605
467,606
467,607
467,608
467,609
467,610
467,611
467,612
467,613
467,614
467,615
467,616
467,617
467,618
467,619
467,620
467,621
467,622
467,623
467,624
467,625
467,626
467,627
467,628
467,629
467,630
467,631
467,632
467,633
467,634
467,635
467,636
468,577
468,578
468,579
468,580
468,581
468,582
468,583
468,584
468,585
468,586
468,587
468,588
468,589
468,590
468,591
468,592
468,593
468,594
468,595
468,596
468,597
468,598
468,599
468,600
468,601
468,602
468,603
468,604
468,605
468,606
468,607
468,608
468,609
468,610
468,611
468,612
468,613
468,614
468,615
468,616
468,617
468,618
468,619
468,620
468,621
468,622
468,623
468,624
468,625
468,626
468,627
468,628
468,629
468,630
468,631
468,632
468,633
468,634
468,635
468,636
469,574
469,575
469,576
469,577
469,578
469,579
469,580
469,581
469,582
469,583
469,584
469,585
469,586
469,587
469,588
469,589
469,590
469,591
469,592
469,593
469,594
469,595
469,596
469,597
469,598
469,599
469,600
469,601
469,602
469,603
469,604
469,605
469,606
469,607
469,608
469,609
469,610
469,611
469,612
469,613
469,614
469,615
469,616
469,617
469,618
469,619
469,620
469,621
469,622
469,623
469,624
469,625
469,626
469,627
469,628
469,629
469,630
469,631
469,632
469,633
469,634
469,635
469,636
469,637
470,572
470,573
470,574
470,575
470,576
470,577
470,578
470,579
470,580
470,581
470,582
470,583
470,584
470,585
470,586
470,587
470,588
470,589
470,590
470,591
470,592
470,593
470,594
470,595
470,596
470,597
470,598
470,599
470,600
470,601
470,602
470,603
470,604
470,605
470,606
470,607
470,608
470,609
470,610
470,611
470,612
470,613
470,614
470,615
470,616
470,617
470,618
470,619
470,620
470,621
470,622
470,623
470,624
470,625
470,626
470,627
470,628
470,629
470,630
470,631
470,632
470,633
470,634
470,635
470,636
470,637
471,571
471,572
471,573
471,574
471,575
471,576
471,577
471,578
471,579
471,580
471,581
471,582
471,583
471,584
471,585
471,586
471,587
471,588
471,589
471,590
471,591
471,592
471,593
471,594
471,595
471,596
471,597
471,598
471,599
471,600
471,601
471,602
471,603
471,604
471,605
471,606
471,607
471,608
471,609
471,610
471,611
471,612
471,613
471,614
471,615
471,616
471,617
471,618
471,619
471,620
471,621
471,622
471,623
471,624
471,625
471,626
471,627
471,628
471,629
471,630
471,631
471,632
471,633
471,634
471,635
471,636
471,637
471,638
472,570
472,571
472,572
472,573
472,574
472,575
472,576
472,577
472,578
472,579
472,580
472,581
472,582
472,583
472,584
472,585
472,586
472,587
472,588
472,589
472,590
472,591
472,592
472,593
472,594
472,595
472,596
472,597
472,598
472,599
472,600
472,601
472,602
472,603
472,604
472,605
472,606
472,607
472,608
472,609
472,610
472,611
472,612
472,613
472,614
472,615
472,616
472,617
472,618
472,619
472,620
472,621
472,622
472,623
472,624
472,625
472,626
472,627
472,628
472,629
472,630
472,631
472,632
472,633
472,634
472,635
472,636
472,637
472,638
473,569
473,570
473,571
473,572
473,573
473,574
473,575
473,576
473,577
473,578
473,579
473,580
473,581
473,582
473,583
473,584
473,585
473,586
473,587
473,588
473,589
473,590
473,591
473,592
473,593
473,594
473,595
473,596
473,597
473,598
473,599
473,600
473,601
473,602
473,603
473,604
473,605
473,606
473,607
473,608
473,609
473,610
473,611
473,612
473,613
473,614
473,615
473,616
473,617
473,618
473,619
473,620
473,621
473,622
473,623
473,624
473,625
473,626
473,627
473,628
473,629
473,630
473,631
473,632
473,633
473,634
473,635
473,636
473,637
473,638
473,639
474,569
474,570
474,571
474,572
474,573
474,574
474,575
474,576
474,577
474,578
474,579
474,580
474,581
474,582
474,583
474,584
474,585
474,586
474,587
474,588
474,589
474,590
474,591
474,592
474,593
474,594
474,595
474,596
474,597
474,598
474,599
474,600
474,601
474,602
474,603
474,604
474,605
474,606
474,607
474,608
474,609
474,610
474,611
474,612
474,613
474,614
474,615
474,616
474,617
474,618
474,619
474,620
474,621
474,622
474,623
474,624
474,625
474,626
474,627
474,628
474,629
474,630
474,631
474,632
474,633
474,634
474,635
474,636
474,637
474,638
474,639
475,568
475,569
475,570
475,571
475,572
475,573
475,574
475,575
475,576
475,577
475,578
475,579
475,580
475,581
475,582
475,583
475,584
475,585
475,586
475,587
475,588
475,589
475,590
475,591
475,592
475,593
475,594
475,595
475,596
475,597
475,598
475,599
475,600
475,601
475,602
475,603
475,604
475,605
475,606
475,607
475,608
475,609
475,610
475,611
475,612
475,613
475,614
475,615
475,616
475,617
475,618
475,619
475,620
475,621
475,622
475,623
475,624
475,625
475,626
475,627
475,628
475,629
475,630
475,631
475,632
475,633
475,634
475,635
475,636
475,637
475,638
475,639
475,640
476,567
476,568
476,569
476,570
476,571
476,572
476,573
476,574
476,575
476,576
476,577
476,578
476,579
476,580
476,581
476,582
476,583
476,584
476,585
476,586
476,587
476,588
476,589
476,590
476,591
476,592
476,593
476,594
476,595
476,596
476,597
476,598
476,599
476,600
476,601
476,602
476,603
476,604
476,605
476,606
476,607
476,608
476,609
476,610
476,611
476,612
476,613
476,614
476,615
476,616
476,617
476,618
476,619
476,620
476,621
476,622
476,623
476,624
476,625
476,626
476,627
476,628
476,629
476,630
476,631
476,632
476,633
476,634
476,635
476,636
476,637
476,638
476,639
476,640
477,566
477,567
477,568
477,569
477,570
477,571
477,572
477,573
477,574
477,575
477,576
477,577
477,578
477,579
477,580
477,581
477,582
477,583
477,584
477,585
477,586
477,587
477,588
477,589
477,590
477,591
477,592
477,593
477,594
477,595
477,596
477,597
477,598
477,599
477,600
477,601
477,602
477,603
477,604
477,605
477,606
477,607
477,608
477,609
477,610
477,611
477,612
477,613
477,614
477,615
477,616
477,617
477,618
477,619
477,620
477,621
477,622
477,623
477,624
477,625
477,626
477,627
477,628
477,629
477,630
477,631
477,632
477,633
477,634
477,635
477,636
477,637
477,638
477,639
477,640
477,641
478,565
478,566
478,567
478,568
478,569
478,570
478,571
478,572
478,573
478,574
478,575
478,576
478,577
478,578
478,579
478,580
478,581
478,582
478,583
478,584
478,585
478,586
478,587
478,588
478,589
478,590
478,591
478,592
478,593
478,594
478,595
478,596
478,597
478,598
478,599
478,600
478,601
478,602
478,603
478,604
478,605
478,606
478,607
478,608
478,609
478,610
478,611
478,612
478,613
478,614
478,615
478,616
478,617
478,618
478,619
478,620
478,621
478,622
478,623
478,624
478,625
478,626
478,627
478,628
478,629
478,630
478,631
478,632
478,633
478,634
478,635
478,636
478,637
478,638
478,639
478,640
478,641
479,564
479,565
479,566
479,567
479,568
479,569
479,570
479,571
479,572
479,573
479,574
479,575
479,576
479,577
479,578
479,579
479,580
479,581
479,582
479,583
479,584
479,585
479,586
479,587
479,588
479,589
479,590
479,591
479,592
479,593
479,594
479,595
479,596
479,597
479,598
479,599
479,600
479,601
479,602
479,603
479,604
479,605
479,606
479,607
479,608
479,609
479,610
479,611
479,612
479,613
479,614
479,615
479,616
479,617
479,618
479,619
479,620
479,621
479,622
479,623
479,624
479,625
479,626
479,627
479,628
479,629
479,630
479,631
479,632
479,633
479,634
479,635
479,636
479,637
479,638
479,639
479,640
479,641
479,642
480,564
480,565
480,566
480,567
480,568
480,569
480,570
480,571
480,572
480,573
480,574
480,575
480,576
480,577
480,578
480,579
480,580
480,581
480,582
480,583
480,584
480,585
480,586
480,587
480,588
480,589
480,590
480,591
480,592
480,593
480,594
480,595
480,596
480,597
480,598
480,599
480,600
480,601
480,602
480,603
480,604
480,605
480,606
480,607
480,608
480,609
480,610
480,611
480,612
480,613
480,614
480,615
480,616
480,617
480,618
480,619
480,620
480,621
480,622
480,623
480,624
480,625
480,626
480,627
480,628
480,629
480,630
480,631
480,632
480,633
480,634
480,635
480,636
480,637
480,638
480,639
480,640
480,641
480,642
481,563
481,564
481,565
481,566
481,567
481,568
481,569
481,570
481,571
481,572
481,573
481,574
481,575
481,576
481,577
481,578
481,579
481,580
481,581
481,582
481,583
481,584
481,585
481,586
481,587
481,588
481,589
481,590
481,591
481,592
481,593
481,594
481,595
481,596
481,597
481,598
481,599
481,600
481,601
481,602
481,603
481,604
481,605
481,606
481,607
481,608
481,609
481,610
481,611
481,612
481,613
481,614
481,615
481,616
481,617
481,618
481,619
481,620
481,621
481,622
481,623
481,624
481,625
481,626
481,627
481,628
481,629
481,630
481,631
481,632
481,633
481,634
481,635
481,636
481,637
481,638
481,639
481,640
481,641
481,642
481,643
482,562
482,563
482,564
482,565
482,566
482,567
482,568
482,569
482,570
482,571
482,572
482,573
482,574
482,575
482,576
482,577
482,578
482,579
482,580
482,581
482,582
482,583
482,584
482,585
482,586
482,587
482,588
482,589
482,590
482,591
482,592
482,593
482,594
482,595
482,596
482,597
482,598
482,599
482,600
482,601
482,602
482,603
482,604
482,605
482,606
482,607
482,608
482,609
482,610
482,611
482,612
482,613
482,614
482,615
482,616
482,617
482,618
482,619
482,620
482,621
482,622
482,623
482,624
482,625
482,626
482,627
482,628
482,629
482,630
482,631
482,632
482,633
482,634
482,635
482,636
482,637
482,638
482,639
482,640
482,641
482,642
483,561
483,562
483,563
483,564
483,565
483,566
483,567
483,568
483,569
483,570
483,571
483,572
483,573
483,574
483,575
483,576
483,577
483,578
483,579
483,580
483,581
483,582
483,583
483,584
483,585
483,586
483,587
483,588
483,589
483,590
483,591
483,592
483,593
483,594
483,595
483,596
483,597
483,598
483,599
483,600
483,601
483,602
483,603
483,604
483,605
483,606
483,607
483,608
483,609
483,610
483,611
483,612
483,613
483,614
483,615
483,616
483,617
483,618
483,619
483,620
483,621
483,622
483,623
483,624
483,625
483,626
483,627
483,628
483,629
483,630
483,631
483,632
483,633
483,634
483,635
483,636
483,637
483,638
483,639
483,640
483,641
484,561
484,562
484,563
484,564
484,565
484,566
484,567
484,568
484,569
484,570
484,571
484,572
484,573
484,574
484,575
484,576
484,577
484,578
484,579
484,580
484,581
484,582
484,583
484,584
484,585
484,586
484,587
484,588
484,589
484,590
484,591
484,592
484,593
484,594
484,595
484,596
484,597
484,598
484,599
484,600
484,601
484,602
484,603
484,604
484,605
484,606
484,607
484,608
484,609
484,610
484,611
484,612
484,613
484,614
484,615
484,616
484,617
484,618
484,619
484,620
484,621
484,622
484,623
484,624
484,625
484,626
484,627
484,628
484,629
484,630
484,631
484,632
484,633
484,634
484,635
484,636
484,637
484,638
484,639
485,561
485,562
485,563
485,564
485,565
485,566
485,567
485,568
485,569
485,570
485,571
485,572
485,573
485,574
485,575
485,576
485,577
485,578
485,579
485,580
485,581
485,582
485,583
485,584
485,585
485,586
485,587
485,588
485,589
485,590
485,591
485,592
485,593
485,594
485,595
485,596
485,597
485,598
485,599
485,600
485,601
485,602
485,603
485,604
485,605
485,606
485,607
485,608
485,609
485,610
485,611
485,612
485,613
485,614
485,615
485,616
485,617
485,618
485,619
485,620
485,621
485,622
485,623
485,624
485,625
485,626
485,627
485,628
485,629
485,630
485,631
485,632
485,633
485,634
485,635
485,636
485,637
485,638
486,561
486,562
486,563
486,564
486,565
486,566
486,567
486,568
486,569
486,570
486,571
486,572
486,573
486,574
486,575
486,576
486,577
486,578
486,579
486,580
486,581
486,582
486,583
486,584
486,585
486,586
486,587
486,588
486,589
486,590
486,591
486,592
486,593
486,594
486,595
486,596
486,597
486,598
486,599
486,600
486,601
486,602
486,603
486,604
486,605
486,606
486,607
486,608
486,609
486,610
486,611
486,612
486,613
486,614
486,615
486,616
486,617
486,618
486,619
486,620
486,621
486,622
486,623
486,624
486,625
486,626
486,627
486,628
486,629
486,630
486,631
486,632
486,633
486,634
486,635
486,636
486,637
487,169
487,170
487,171
487,561
487,562
487,563
487,564
487,565
487,566
487,567
487,568
487,569
487,570
487,571
487,572
487,573
487,574
487,575
487,576
487,577
487,578
487,579
487,580
487,581
487,582
487,583
487,584
487,585
487,586
487,587
487,588
487,589
487,590
487,591
487,592
487,593
487,594
487,595
487,596
487,597
487,598
487,599
487,600
487,601
487,602
487,603
487,604
487,605
487,606
487,607
487,608
487,609
487,610
487,611
487,612
487,613
487,614
487,615
487,616
487,617
487,618
487,619
487,620
487,621
487,622
487,623
487,624
487,625
487,626
487,627
487,628
487,629
487,630
487,631
487,632
487,633
487,634
487,635
487,636
488,169
488,170
488,171
488,172
488,173
488,174
488,175
488,176
488,177
488,561
488,562
488,563
488,564
488,565
488,566
488,567
488,568
488,569
488,570
488,571
488,572
488,573
488,574
488,575
488,576
488,577
488,578
488,579
488,580
488,581
488,582
488,583
488,584
488,585
488,586
488,587
488,588
488,589
488,590
488,591
488,592
488,593
488,594
488,595
488,596
488,597
488,598
488,599
488,600
488,601
488,602
488,603
488,604
488,605
488,606
488,607
488,608
488,609
488,610
488,611
488,612
488,613
488,614
488,615
488,616
488,617
488,618
488,619
488,620
488,621
488,622
488,623
488,624
488,625
488,626
488,627
488,628
488,629
488,630
488,631
488,632
488,633
488,634
488,635
489,168
489,169
489,170
489,171
489,172
489,173
489,174
489,175
489,176
489,177
489,178
489,179
489,180
489,181
489,182
489,183
489,561
489,562
489,563
489,564
489,565
489,566
489,567
489,568
489,569
489,570
489,571
489,572
489,573
489,574
489,575
489,576
489,577
489,578
489,579
489,580
489,581
489,582
489,583
489,584
489,585
489,586
489,587
489,588
489,589
489,590
489,591
489,592
489,593
489,594
489,595
489,596
489,597
489,598
489,599
489,600
489,601
489,602
489,603
489,604
489,605
489,606
489,607
489,608
489,609
489,610
489,611
489,612
489,613
489,614
489,615
489,616
489,617
489,618
489,619
489,620
489,621
489,622
489,623
489,624
489,625
489,626
489,627
489,628
489,629
489,630
489,631
489,632
489,633
490,168
490,169
490,170
490,171
490,172
490,173
490,174
490,175
490,176
490,177
490,178
490,179
490,180
490,181
490,182
490,183
490,184
490,185
490,186
490,187
490,188
490,189
490,562
490,563
490,564
490,565
490,566
490,567
490,568
490,569
490,570
490,571
490,572
490,573
490,574
490,575
490,576
490,577
490,578
490,579
490,580
490,581
490,582
490,583
490,584
490,585
490,586
490,587
490,588
490,589
490,590
490,591
490,592
490,593
490,594
490,595
490,596
490,597
490,598
490,599
490,600
490,601
490,602
490,603
490,604
490,605
490,606
490,607
490,608
490,609
490,610
490,611
490,612
490,613
490,614
490,615
490,616
490,617
490,618
490,619
490,620
490,621
490,622
490,623
490,624
490,625
490,626
490,627
490,628
490,629
490,630
490,631
490,632
491,167
491,168
491,169
491,170
491,171
491,172
491,173
491,174
491,175
491,176
491,177
491,178
491,179
491,180
491,181
491,182
491,183
491,184
491,185
491,186
491,187
491,188
491,189
491,190
491,191
491,192
491,193
491,194
491,195
491,562
491,563
491,564
491,565
491,566
491,567
491,568
491,569
491,570
491,571
491,572
491,573
491,574
491,575
491,576
491,577
491,578
491,579
491,580
491,581
491,582
491,583
491,584
491,585
491,586
491,587
491,588
491,589
491,590
491,591
491,592
491,593
491,594
491,595
491,596
491,597
491,598
491,599
491,600
491,601
491,602
491,603
491,604
491,605
491,606
491,607
491,608
491,609
491,610
491,611
491,612
491,613
491,614
491,615
491,616
491,617
491,618
491,619
491,620
491,621
491,622
491,623
491,624
491,625
491,626
491,627
491,628
491,629
491,630
491,631
492,167
492,168
492,169
492,170
492,171
492,172
492,173
492,174
492,175
492,176
492,177
492,178
492,179
492,180
492,181
492,182
492,183
492,184
492,185
492,186
492,187
492,188
492,189
492,190
492,191
492,192
492,193
492,194
492,195
492,196
492,197
492,198
492,199
492,200
492,201
492,562
492,563
492,564
492,565
492,566
492,567
492,568
492,569
492,570
492,571
492,572
492,573
492,574
492,575
492,576
492,577
492,578
492,579
492,580
492,581
492,582
492,583
492,584
492,585
492,586
492,587
492,588
492,589
492,590
492,591
492,592
492,593
492,594
492,595
492,596
492,597
492,598
492,599
492,600
492,601
492,602
492,603
492,604
492,605
492,606
492,607
492,608
492,609
492,610
492,611
492,612
492,613
492,614
492,615
492,616
492,617
492,618
492,619
492,620
492,621
492,622
492,623
492,624
492,625
492,626
492,627
492,628
492,629
492,630
493,167
493,168
493,169
493,170
493,171
493,172
493,173
493,174
493,175
493,176
493,177
493,178
493,179
493,180
493,181
493,182
493,183
493,184
493,185
493,186
493,187
493,188
493,189
493,190
493,191
493,192
493,193
493,194
493,195
493,196
493,197
493,198
493,199
493,200
493,201
493,202
493,203
493,204
493,205
493,206
493,207
493,562
493,563
493,564
493,565
493,566
493,567
493,568
493,569
493,570
493,571
493,572
493,573
493,574
493,575
493,576
493,577
493,578
493,579
493,580
493,581
493,582
493,583
493,584
493,585
493,586
493,587
493,588
493,589
493,590
493,591
493,592
493,593
493,594
493,595
493,596
493,597
493,598
493,599
493,600
493,601
493,602
493,603
493,604
493,605
493,606
493,607
493,608
493,609
493,610
493,611
493,612
493,613
493,614
493,615
493,616
493,617
493,618
493,619
493,620
493,621
493,622
493,623
493,624
493,625
493,626
493,627
493,628
493,629
494,166
494,167
494,168
494,169
494,170
494,171
494,172
494,173
494,174
494,175
494,176
494,177
494,178
494,179
494,180
494,181
494,182
494,183
494,184
494,185
494,186
494,187
494,188
494,189
494,190
494,191
494,192
494,193
494,194
494,195
494,196
494,197
494,198
494,199
494,200
494,201
494,202
494,203
494,204
494,205
494,206
494,207
494,208
494,209
494,210
494,211
494,212
494,213
494,562
494,563
494,564
494,565
494,566
494,567
494,568
494,569
494,570
494,571
494,572
494,573
494,574
494,575
494,576
494,577
494,578
494,579
494,580
494,581
494,582
494,583
494,584
494,585
494,586
494,587
494,588
494,589
494,590
494,591
494,592
494,593
494,594
494,595
494,596
494,597
494,598
494,599
494,600
494,601
494,602
494,603
494,604
494,605
494,606
494,607
494,608
494,609
494,610
494,611
494,612
494,613
494,614
494,615
494,616
494,617
494,618
494,619
494,620
494,621
494,622
494,623
494,624
494,625
494,626
494,627
494,628
495,166
495,167
495,168
495,169
495,170
495,171
495,172
495,173
495,174
495,175
495,176
495,177
495,178
495,179
495,180
495,181
495,182
495,183
495,184
495,185
495,186
495,187
495,188
495,189
495,190
495,191
495,192
495,193
495,194
495,195
495,196
495,197
495,198
495,199
495,200
495,201
495,202
495,203
495,204
495,205
495,206
495,207
495,208
495,209
495,210
495,211
495,212
495,213
495,214
495,215
495,216
495,217
495,218
495,219
495,562
495,563
495,564
495,565
495,566
495,567
495,568
495,569
495,570
495,571
495,572
495,573
495,574
495,575
495,576
495,577
495,578
495,579
495,580
495,581
495,582
495,583
495,584
495,585
495,586
495,587
495,588
495,589
495,590
495,591
495,592
495,593
495,594
495,595
495,596
495,597
495,598
495,599
495,600
495,601
495,602
495,603
495,604
495,605
495,606
495,607
495,608
495,609
495,610
495,611
495,612
495,613
495,614
495,615
495,616
495,617
495,618
495,619
495,620
495,621
495,622
495,623
495,624
495,625
495,626
495,627
495,628
496,165
496,166
496,167
496,168
496,169
496,170
496,171
496,172
496,173
496,174
496,175
496,176
496,177
496,178
496,179
496,180
496,181
496,182
496,183
496,184
496,185
496,186
496,187
496,188
496,189
496,190
496,191
496,192
496,193
496,194
496,195
496,196
496,197
496,198
496,199
496,200
496,201
496,202
496,203
496,204
496,205
496,206
496,207
496,208
496,209
496,210
496,211
496,212
496,213
496,214
496,215
496,216
496,217
496,218
496,219
496,220
496,221
496,222
496,223
496,224
496,563
496,564
496,565
496,566
496,567
496,568
496,569
496,570
496,571
496,572
496,573
496,574
496,575
496,576
496,577
496,578
496,579
496,580
496,581
496,582
496,583
496,584
496,585
496,586
496,587
496,588
496,589
496,590
496,591
496,592
496,593
496,594
496,595
496,596
496,597
496,598
496,599
496,600
496,601
496,602
496,603
496,604
496,605
496,606
496,607
496,608
496,609
496,610
496,611
496,612
496,613
496,614
496,615
496,616
496,617
496,618
496,619
496,620
496,621
496,622
496,623
496,624
496,625
496,626
496,627
497,165
497,166
497,167
497,168
497,169
497,170
497,171
497,172
497,173
497,174
497,175
497,176
497,177
497,178
497,179
497,180
497,181
497,182
497,183
497,184
497,185
497,186
497,187
497,188
497,189
497,190
497,191
497,192
497,193
497,194
497,195
497,196
497,197
497,198
497,199
497,200
497,201
497,202
497,203
497,204
497,205
497,206
497,207
497,208
497,209
497,210
497,211
497,212
497,213
497,214
497,215
497,216
497,217
497,218
497,219
497,220
497,221
497,222
497,223
497,224
497,225
497,226
497,227
497,228
497,229
497,230
497,527
497,564
497,565
497,566
497,567
497,568
497,569
497,570
497,571
497,572
497,573
497,574
497,575
497,576
497,577
497,578
497,579
497,580
497,581
497,582
497,583
497,584
497,585
497,586
497,587
497,588
497,589
497,590
497,591
497,592
497,593
497,594
497,595
497,596
497,597
497,598
497,599
497,600
497,601
497,602
497,603
497,604
497,605
497,606
497,607
497,608
497,609
497,610
497,611
497,612
497,613
497,614
497,615
497,616
497,617
497,618
497,619
497,620
497,621
497,622
497,623
497,624
497,625
497,626
498,164
498,165
498,166
498,167
498,168
498,169
498,170
498,171
498,172
498,173
498,174
498,175
498,176
498,177
498,178
498,179
498,180
498,181
498,182
498,183
498,184
498,185
498,186
498,187
498,188
498,189
498,190
498,191
498,192
498,193
498,194
498,195
498,196
498,197
498,198
498,199
498,200
498,201
498,202
498,203
498,204
498,205
498,206
498,207
498,208
498,209
498,210
498,211
498,212
498,213
498,214
498,215
498,216
498,217
498,218
498,219
498,220
498,221
498,222
498,223
498,224
498,225
498,226
498,227
498,228
498,229
498,230
498,231
498,232
498,233
498,234
498,235
498,236
498,526
498,527
498,528
498,529
498,565
498,566
498,567
498,568
498,569
498,570
498,571
498,572
498,573
498,574
498,575
498,576
498,577
498,578
498,579
498,580
498,581
498,582
498,583
498,584
498,585
498,586
498,587
498,588
498,589
498,590
498,591
498,592
498,593
498,594
498,595
498,596
498,597
498,598
498,599
498,600
498,601
498,602
498,603
498,604
498,605
498,606
498,607
498,608
498,609
498,610
498,611
498,612
498,613
498,614
498,615
498,616
498,617
498,618
498,619
498,620
498,621
498,622
498,623
498,624
498,625
499,164
499,165
499,166
499,167
499,168
499,169
499,170
499,171
499,172
499,173
499,174
499,175
499,176
499,177
499,178
499,179
499,180
499,181
499,182
499,183
499,184
499,185
499,186
499,187
499,188
499,189
499,190
499,191
499,192
499,193
499,194
499,195
499,196
499,197
499,198
499,199
499,200
499,201
499,202
499,203
499,204
499,205
499,206
499,207
499,208
499,209
499,210
499,211
499,212
499,213
499,214
499,215
499,216
499,217
499,218
499,219
499,220
499,221
499,222
499,223
499,224
499,225
499,226
499,227
499,228
499,229
499,230
499,231
499,232
499,233
499,234
499,235
499,236
499,237
499,238
499,239
499,240
499,241
499,242
499,525
499,526
499,527
499,528
499,529
499,530
499,531
499,565
499,566
499,567
499,568
499,569
499,570
499,571
499,572
499,573
499,574
499,575
499,576
499,577
499,578
499,579
499,580
499,581
499,582
499,583
499,584
499,585
499,586
499,587
499,588
499,589
499,590
499,591
499,592
499,593
499,594
499,595
499,596
499,597
499,598
499,599
499,600
499,601
499,602
499,603
499,604
499,605
499,606
499,607
499,608
499,609
499,610
499,611
499,612
499,613
499,614
499,615
499,616
499,617
499,618
499,619
499,620
499,621
499,622
499,623
499,624
500,164
500,165
500,166
500,167
500,168
500,169
500,170
500,171
500,172
500,173
500,174
500,175
500,176
500,177
500,178
500,179
500,180
500,181
500,182
500,183
500,184
500,185
500,186
500,187
500,188
500,189
500,190
500,191
500,192
500,193
500,194
500,195
500,196
500,197
500,198
500,199
500,200
500,201
500,202
500,203
500,204
500,205
500,206
500,207
500,208
500,209
500,210
500,211
500,212
500,213
500,214
500,215
500,216
500,217
500,218
500,219
500,220
500,221
500,222
500,223
500,224
500,225
500,226
500,227
500,228
500,229
500,230
500,231
500,232
500,233
500,234
500,235
500,236
500,237
500,238
500,239
500,240
500,241
500,242
500,243
500,244
500,245
500,246
500,247
500,248
500,524
500,525
500,526
500,527
500,528
500,529
500,530
500,531
500,532
500,533
500,566
500,567
500,568
500,569
500,570
500,571
500,572
500,573
500,574
500,575
500,576
500,577
500,578
500,579
500,580
500,581
500,582
500,583
500,584
500,585
500,586
500,587
500,588
500,589
500,590
500,591
500,592
500,593
500,594
500,595
500,596
500,597
500,598
500,599
500,600
500,601
500,602
500,603
500,604
500,605
500,606
500,607
500,608
500,609
500,610
500,611
500,612
500,613
500,614
500,615
500,616
500,617
500,618
500,619
500,620
500,621
500,622
500,623
501,163
501,164
501,165
501,166
501,167
501,168
501,169
501,170
501,171
501,172
501,173
501,174
501,175
501,176
501,177
501,178
501,179
501,180
501,181
501,182
501,183
501,184
501,185
501,186
501,187
501,188
501,189
501,190
501,191
501,192
501,193
501,194
501,195
501,196
501,197
501,198
501,199
501,200
501,201
501,202
501,203
501,204
501,205
501,206
501,207
501,208
501,209
501,210
501,211
501,212
501,213
501,214
501,215
501,216
501,217
501,218
501,219
501,220
501,221
501,222
501,223
501,224
501,225
501,226
501,227
501,228
501,229
501,230
501,231
501,232
501,233
501,234
501,235
501,236
501,237
501,238
501,239
501,240
501,241
501,242
501,243
501,244
501,245
501,246
501,247
501,248
501,249
501,250
501,251
501,252
501,253
501,254
501,523
501,524
501,525
501,526
501,527
501,528
501,529
501,530
501,531
501,532
501,533
501,534
501,535
501,567
501,568
501,569
501,570
501,571
501,572
501,573
501,574
501,575
501,576
501,577
501,578
501,579
501,580
501,581
501,582
501,583
501,584
501,585
501,586
501,587
501,588
501,589
501,590
501,591
501,592
501,593
501,594
501,595
501,596
501,597
501,598
501,599
501,600
501,601
501,602
501,603
501,604
501,605
501,606
501,607
501,608
501,609
501,610
501,611
501,612
501,613
501,614
501,615
501,616
501,617
501,618
501,619
501,620
501,621
501,622
501,623
502,163
502,164
502,165
502,166
502,167
502,168
502,169
502,170
502,171
502,172
502,173
502,174
502,175
502,176
502,177
502,178
502,179
502,180
502,181
502,182
502,183
502,184
502,185
502,186
502,187
502,188
502,189
502,190
502,191
502,192
502,193
502,194
502,195
502,196
502,197
502,198
502,199
502,200
502,201
502,202
502,203
502,204
502,205
502,206
502,207
502,208
502,209
502,210
502,211
502,212
502,213
502,214
502,215
502,216
502,217
502,218
502,219
502,220
502,221
502,222
502,223
502,224
502,225
502,226
502,227
502,228
502,229
502,230
502,231
502,232
502,233
502,234
502,235
502,236
502,237
502,238
502,239
502,240
502,241
502,242
502,243
502,244
502,245
502,246
502,247
502,248
502,249
502,250
502,251
502,252
502,253
502,254
502,255
502,256
502,257
502,258
502,259
502,260
502,522
502,523
502,524
502,525
502,526
502,527
502,528
502,529
502,530
502,531
502,532
502,533
502,534
502,535
502,536
502,568
502,569
502,570
502,571
502,572
502,573
502,574
502,575
502,576
502,577
502,578
502,579
502,580
502,581
502,582
502,583
502,584
502,585
502,586
502,587
502,588
502,589
502,590
502,591
502,592
502,593
502,594
502,595
502,596
502,597
502,598
502,599
502,600
502,601
502,602
502,603
502,604
502,605
502,606
502,607
502,608
502,609
502,610
502,611
502,612
502,613
502,614
502,615
502,616
502,617
502,618
502,619
502,620
502,621
502,622
503,162
503,163
503,164
503,165
503,166
503,167
503,168
503,169
503,170
503,171
503,172
503,173
503,174
503,175
503,176
503,177
503,178
503,179
503,180
503,181
503,182
503,183
503,184
503,185
503,186
503,187
503,188
503,189
503,190
503,191
503,192
503,193
503,194
503,195
503,196
503,197
503,198
503,199
503,200
503,201
503,202
503,203
503,204
503,205
503,206
503,207
503,208
503,209
503,210
503,211
503,212
503,213
503,214
503,215
503,216
503,217
503,218
503,219
503,220
503,221
503,222
503,223
503,224
503,225
503,226
503,227
503,228
503,229
503,230
503,231
503,232
503,233
503,234
503,235
503,236
503,237
503,238
503,239
503,240
503,241
503,242
503,243
503,244
503,245
503,246
503,247
503,248
503,249
503,250
503,251
503,252
503,253
503,254
503,255
503,256
503,257
503,258
503,259
503,260
503,261
503,262
503,263
503,264
503,265
503,266
503,521
503,522
503,523
503,524
503,525
503,526
503,527
503,528
503,529
503,530
503,531
503,532
503,533
503,534
503,535
503,536
503,537
503,538
503,569
503,570
503,571
503,572
503,573
503,574
503,575
503,576
503,577
503,578
503,579
503,580
503,581
503,582
503,583
503,584
503,585
503,586
503,587
503,588
503,589
503,590
503,591
503,592
503,593
503,594
503,595
503,596
503,597
503,598
503,599
503,600
503,601
503,602
503,603
503,604
503,605
503,606
503,607
503,608
503,609
503,610
503,611
503,612
503,613
503,614
503,615
503,616
503,617
503,618
503,619
503,620
503,621
504,162
504,163
504,164
504,165
504,166
504,167
504,168
504,169
504,170
504,171
504,172
504,173
504,174
504,175
504,176
504,177
504,178
504,179
504,180
504,181
504,182
504,183
504,184
504,185
504,186
504,187
504,188
504,189
504,190
504,191
504,192
504,193
504,194
504,195
504,196
504,197
504,198
504,199
504,200
504,201
504,202
504,203
504,204
504,205
504,206
504,207
504,208
504,209
504,210
504,211
504,212
504,213
504,214
504,215
504,216
504,217
504,218
504,219
504,220
504,221
504,222
504,223
504,224
504,225
504,226
504,227
504,228
504,229
504,230
504,231
504,232
504,233
504,234
504,235
504,236
504,237
504,238
504,239
504,240
504,241
504,242
504,243
504,244
504,245
504,246
504,247
504,248
504,249
504,250
504,251
504,252
504,253
504,254
504,255
504,256
504,257
504,258
504,259
504,260
504,261
504,262
504,263
504,264
504,265
504,266
504,267
504,268
504,269
504,270
504,271
504,272
504,520
504,521
504,522
504,523
504,524
504,525
504,526
504,527
504,528
504,529
504,530
504,531
504,532
504,533
504,534
504,535
504,536
504,537
504,538
504,539
504,540
504,571
504,572
504,573
504,574
504,575
504,576
504,577
504,578
504,579
504,580
504,581
504,582
504,583
504,584
504,585
504,586
504,587
504,588
504,589
504,590
504,591
504,592
504,593
504,594
504,595
504,596
504,597
504,598
504,599
504,600
504,601
504,602
504,603
504,604
504,605
504,606
504,607
504,608
504,609
504,610
504,611
504,612
504,613
504,614
504,615
504,616
504,617
504,618
504,619
504,620
505,162
505,163
505,164
505,165
505,166
505,167
505,168
505,169
505,170
505,171
505,172
505,173
505,174
505,175
505,176
505,177
505,178
505,179
505,180
505,181
505,182
505,183
505,184
505,185
505,186
505,187
505,188
505,189
505,190
505,191
505,192
505,193
505,194
505,195
505,196
505,197
505,198
505,199
505,200
505,201
505,202
505,203
505,204
505,205
505,206
505,207
505,208
505,209
505,210
505,211
505,212
505,213
505,214
505,215
505,216
505,217
505,218
505,219
505,220
505,221
505,222
505,223
505,224
505,225
505,226
505,227
505,228
505,229
505,230
505,231
505,232
505,233
505,234
505,235
505,236
505,237
505,238
505,239
505,240
505,241
505,242
505,243
505,244
505,245
505,246
505,247
505,248
505,249
505,250
505,251
505,252
505,253
505,254
505,255
505,256
505,257
505,258
505,259
505,260
505,261
505,262
505,263
505,264
505,265
505,266
505,267
505,268
505,269
505,270
505,271
505,272
505,273
505,274
505,275
505,276
505,277
505,278
505,519
505,520
505,521
505,522
505,523
505,524
505,525
505,526
505,527
505,528
505,529
505,530
505,531
505,532
505,533
505,534
505,535
505,536
505,537
505,538
505,539
505,540
505,541
505,542
505,575
505,576
505,577
505,578
505,579
505,580
505,581
505,582
505,583
505,584
505,585
505,586
505,587
505,588
505,589
505,590
505,591
505,592
505,593
505,594
505,595
505,596
505,597
505,598
505,599
505,600
505,601
505,602
505,603
505,604
505,605
505,606
505,607
505,608
505,609
505,610
505,611
505,612
505,613
505,614
505,615
505,616
505,617
505,618
505,619
505,620
506,161
506,162
506,163
506,164
506,165
506,166
506,167
506,168
506,169
506,170
506,171
506,172
506,173
506,174
506,175
506,176
506,177
506,178
506,179
506,180
506,181
506,182
506,183
506,184
506,185
506,186
506,187
506,188
506,189
506,190
506,191
506,192
506,193
506,194
506,195
506,196
506,197
506,198
506,199
506,200
506,201
506,202
506,203
506,204
506,205
506,206
506,207
506,208
506,209
506,210
506,211
506,212
506,213
506,214
506,215
506,216
506,217
506,218
506,219
506,220
506,221
506,222
506,223
506,224
506,225
506,226
506,227
506,228
506,229
506,230
506,231
506,232
506,233
506,234
506,235
506,236
506,237
506,238
506,239
506,240
506,241
506,242
506,243
506,244
506,245
506,246
506,247
506,248
506,249
506,250
506,251
506,252
506,253
506,254
506,255
506,256
506,257
506,258
506,259
506,260
506,261
506,262
506,263
506,264
506,265
506,266
506,267
506,268
506,269
506,270
506,271
506,272
506,273
506,274
506,275
506,276
506,277
506,278
506,279
506,280
506,281
506,518
506,519
506,520
506,521
506,522
506,523
506,524
506,525
506,526
506,527
506,528
506,529
506,530
506,531
506,532
506,533
506,534
506,535
506,536
506,537
506,538
506,539
506,540
506,541
506,542
506,543
506,544
506,579
506,580
506,581
506,582
506,583
506,584
506,585
506,586
506,587
506,588
506,589
506,590
506,591
506,592
506,593
506,594
506,595
506,596
506,597
506,598
506,599
506,600
506,601
506,614
506,615
506,616
506,617
506,618
506,619
507,161
507,162
507,163
507,164
507,165
507,166
507,167
507,168
507,169
507,170
507,171
507,172
507,173
507,174
507,175
507,176
507,177
507,178
507,179
507,180
507,181
507,182
507,183
507,184
507,185
507,186
507,187
507,188
507,189
507,190
507,191
507,192
507,193
507,194
507,195
507,196
507,197
507,198
507,199
507,200
507,201
507,202
507,203
507,204
507,205
507,206
507,207
507,208
507,209
507,210
507,211
507,212
507,213
507,214
507,215
507,216
507,217
507,218
507,219
507,220
507,221
507,222
507,223
507,224
507,225
507,226
507,227
507,228
507,229
507,230
507,231
507,232
507,233
507,234
507,235
507,236
507,237
507,238
507,239
507,240
507,241
507,242
507,243
507,244
507,245
507,246
507,247
507,248
507,249
507,250
507,251
507,252
507,253
507,254
507,255
507,256
507,257
507,258
507,259
507,260
507,261
507,262
507,263
507,264
507,265
507,266
507,267
507,268
507,269
507,270
507,271
507,272
507,273
507,274
507,275
507,276
507,277
507,278
507,279
507,280
507,281
507,517
507,518
507,519
507,520
507,521
507,522
507,523
507,524
507,525
507,526
507,527
507,528
507,529
507,530
507,531
507,532
507,533
507,534
507,535
507,536
507,537
507,538
507,539
507,540
507,541
507,542
507,543
507,544
507,545
507,583
507,584
507,585
507,586
507,587
507,588
507,589
508,160
508,161
508,162
508,163
508,164
508,165
508,166
508,167
508,168
508,169
508,170
508,171
508,172
508,173
508,174
508,175
508,176
508,177
508,178
508,179
508,180
508,181
508,182
508,183
508,184
508,185
508,186
508,187
508,188
508,189
508,190
508,191
508,192
508,193
508,194
508,195
508,196
508,197
508,198
508,199
508,200
508,201
508,202
508,203
508,204
508,205
508,206
508,207
508,208
508,209
508,210
508,211
508,212
508,213
508,214
508,215
508,216
508,217
508,218
508,219
508,220
508,221
508,222
508,223
508,224
508,225
508,226
508,227
508,228
508,229
508,230
508,231
508,232
508,233
508,234
508,235
508,236
508,237
508,238
508,239
508,240
508,241
508,242
508,243
508,244
508,245
508,246
508,247
508,248
508,249
508,250
508,251
508,252
508,253
508,254
508,255
508,256
508,257
508,258
508,259
508,260
508,261
508,262
508,263
508,264
508,265
508,266
508,267
508,268
508,269
508,270
508,271
508,272
508,273
508,274
508,275
508,276
508,277
508,278
508,279
508,280
508,516
508,517
508,518
508,519
508,520
508,521
508,522
508,523
508,524
508,525
508,526
508,527
508,528
508,529
508,530
508,531
508,532
508,533
508,534
508,535
508,536
508,537
508,538
508,539
508,540
508,541
508,542
508,543
508,544
508,545
508,546
509,160
509,161
509,162
509,163
509,164
509,165
509,166
509,167
509,168
509,169
509,170
509,171
509,172
509,173
509,174
509,175
509,176
509,177
509,178
509,179
509,180
509,181
509,182
509,183
509,184
509,185
509,186
509,187
509,188
509,189
509,190
509,191
509,192
509,193
509,194
509,195
509,196
509,197
509,198
509,199
509,200
509,201
509,202
509,203
509,204
509,205
509,206
509,207
509,208
509,209
509,210
509,211
509,212
509,213
509,214
509,215
509,216
509,217
509,218
509,219
509,220
509,221
509,222
509,223
509,224
509,225
509,226
509,227
509,228
509,229
509,230
509,231
509,232
509,233
509,234
509,235
509,236
509,237
509,238
509,239
509,240
509,241
509,242
509,243
509,244
509,245
509,246
509,247
509,248
509,249
509,250
509,251
509,252
509,253
509,254
509,255
509,256
509,257
509,258
509,259
509,260
509,261
509,262
509,263
509,264
509,265
509,266
509,267
509,268
509,269
509,270
509,271
509,272
509,273
509,274
509,275
509,276
509,277
509,278
509,279
509,280
509,515
509,516
509,517
509,518
509,519
509,520
509,521
509,522
509,523
509,524
509,525
509,526
509,527
509,528
509,529
509,530
509,531
509,532
509,533
509,534
509,535
509,536
509,537
509,538
509,539
509,540
509,541
509,542
509,543
509,544
509,545
509,546
509,547
510,160
510,161
510,162
510,163
510,164
510,165
510,166
510,167
510,168
510,169
510,170
510,171
510,172
510,173
510,174
510,175
510,176
510,177
510,178
510,179
510,180
510,181
510,182
510,183
510,184
510,185
510,186
510,187
510,188
510,189
510,190
510,191
510,192
510,193
510,194
510,195
510,196
510,197
510,198
510,199
510,200
510,201
510,202
510,203
510,204
510,205
510,206
510,207
510,208
510,209
510,210
510,211
510,212
510,213
510,214
510,215
510,216
510,217
510,218
510,219
510,220
510,221
510,222
510,223
510,224
510,225
510,226
510,227
510,228
510,229
510,230
510,231
510,232
510,233
510,234
510,235
510,236
510,237
510,238
510,239
510,240
510,241
510,242
510,243
510,244
510,245
510,246
510,247
510,248
510,249
510,250
510,251
510,252
510,253
510,254
510,255
510,256
510,257
510,258
510,259
510,260
510,261
510,262
510,263
510,264
510,265
510,266
510,267
510,268
510,269
510,270
510,271
510,272
510,273
510,274
510,275
510,276
510,277
510,278
510,279
510,280
510,514
510,515
510,516
510,517
510,518
510,519
510,520
510,521
510,522
510,523
510,524
510,525
510,526
510,527
510,528
510,529
510,530
510,531
510,532
510,533
510,534
510,535
510,536
510,537
510,538
510,539
510,540
510,541
510,542
510,543
510,544
510,545
510,546
510,547
510,548
510,549
511,159
511,160
511,161
511,162
511,163
511,164
511,165
511,166
511,167
511,168
511,169
511,170
511,171
511,172
511,173
511,174
511,175
511,176
511,177
511,178
511,179
511,180
511,181
511,182
511,183
511,184
511,185
511,186
511,187
511,188
511,189
511,190
511,191
511,192
511,193
511,194
511,195
511,196
511,197
511,198
511,199
511,200
511,201
511,202
511,203
511,204
511,205
511,206
511,207
511,208
511,209
511,210
511,211
511,212
511,213
511,214
511,215
511,216
511,217
511,218
511,219
511,220
511,221
511,222
511,223
511,224
511,225
511,226
511,227
511,228
511,229
511,230
511,231
511,232
511,233
511,234
511,235
511,236
511,237
511,238
511,239
511,240
511,241
511,242
511,243
511,244
511,245
511,246
511,247
511,248
511,249
511,250
511,251
511,252
511,253
511,254
511,255
511,256
511,257
511,258
511,259
511,260
511,261
511,262
511,263
511,264
511,265
511,266
511,267
511,268
511,269
511,270
511,271
511,272
511,273
511,274
511,275
511,276
511,277
511,278
511,279
511,280
511,513
511,514
511,515
511,516
511,517
511,518
511,519
511,520
511,521
511,522
511,523
511,524
511,525
511,526
511,527
511,528
511,529
511,530
511,531
511,532
511,533
511,534
511,535
511,536
511,537
511,538
511,539
511,540
511,541
511,542
511,543
511,544
511,545
511,546
511,547
511,548
511,549
511,550
512,159
512,160
512,161
512,162
512,163
512,164
512,165
512,166
512,167
512,168
512,169
512,170
512,171
512,172
512,173
512,174
512,175
512,176
512,177
512,178
512,179
512,180
512,181
512,182
512,183
512,184
512,185
512,186
512,187
512,188
512,189
512,190
512,191
512,192
512,193
512,194
512,195
512,196
512,197
512,198
512,199
512,200
512,201
512,202
512,203
512,204
512,205
512,206
512,207
512,208
512,209
512,210
512,211
512,212
512,213
512,214
512,215
512,216
512,217
512,218
512,219
512,220
512,221
512,222
512,223
512,224
512,225
512,226
512,227
512,228
512,229
512,230
512,231
512,232
512,233
512,234
512,235
512,236
512,237
512,238
512,239
512,240
512,241
512,242
512,243
512,244
512,245
512,246
512,247
512,248
512,249
512,250
512,251
512,252
512,253
512,254
512,255
512,256
512,257
512,258
512,259
512,260
512,261
512,262
512,263
512,264
512,265
512,266
512,267
512,268
512,269
512,270
512,271
512,272
512,273
512,274
512,275
512,276
512,277
512,278
512,279
512,512
512,513
512,514
512,515
512,516
512,517
512,518
512,519
512,520
512,521
512,522
512,523
512,524
512,525
512,526
512,527
512,528
512,529
512,530
512,531
512,532
512,533
512,534
512,535
512,536
512,537
512,538
512,539
512,540
512,541
512,542
512,543
512,544
512,545
512,546
512,547
512,548
512,549
512,550
512,551
513,158
513,159
513,160
513,161
513,162
513,163
513,164
513,165
513,166
513,167
513,168
513,169
513,170
513,171
513,172
513,173
513,174
513,175
513,176
513,177
513,178
513,179
513,180
513,181
513,182
513,183
513,184
513,185
513,186
513,187
513,188
513,189
513,190
513,191
513,192
513,193
513,194
513,195
513,196
513,197
513,198
513,199
513,200
513,201
513,202
513,203
513,204
513,205
513,206
513,207
513,208
513,209
513,210
513,211
513,212
513,213
513,214
513,215
513,216
513,217
513,218
513,219
513,220
513,221
513,222
513,223
513,224
513,225
513,226
513,227
513,228
513,229
513,230
513,231
513,232
513,233
513,234
513,235
513,236
513,237
513,238
513,239
513,240
513,241
513,242
513,243
513,244
513,245
513,246
513,247
513,248
513,249
513,250
513,251
513,252
513,253
513,254
513,255
513,256
513,257
513,258
513,259
513,260
513,261
513,262
513,263
513,264
513,265
513,266
513,267
513,268
513,269
513,270
513,271
513,272
513,273
513,274
513,275
513,276
513,277
513,278
513,279
513,511
513,512
513,513
513,514
513,515
513,516
513,517
513,518
513,519
513,520
513,521
513,522
513,523
513,524
513,525
513,526
513,527
513,528
513,529
513,530
513,531
513,532
513,533
513,534
513,535
513,536
513,537
513,538
513,539
513,540
513,541
513,542
513,543
513,544
513,545
513,546
513,547
513,548
513,549
513,550
513,551
513,552
514,158
514,159
514,160
514,161
514,162
514,163
514,164
514,165
514,166
514,167
514,168
514,169
514,170
514,171
514,172
514,173
514,174
514,175
514,176
514,177
514,178
514,179
514,180
514,181
514,182
514,183
514,184
514,185
514,186
514,187
514,188
514,189
514,190
514,191
514,192
514,193
514,194
514,195
514,196
514,197
514,198
514,199
514,200
514,201
514,202
514,203
514,204
514,205
514,206
514,207
514,208
514,209
514,210
514,211
514,212
514,213
514,214
514,215
514,216
514,217
514,218
514,219
514,220
514,221
514,222
514,223
514,224
514,225
514,226
514,227
514,228
514,229
514,230
514,231
514,232
514,233
514,234
514,235
514,236
514,237
514,238
514,239
514,240
514,241
514,242
514,243
514,244
514,245
514,246
514,247
514,248
514,249
514,250
514,251
514,252
514,253
514,254
514,255
514,256
514,257
514,258
514,259
514,260
514,261
514,262
514,263
514,264
514,265
514,266
514,267
514,268
514,269
514,270
514,271
514,272
514,273
514,274
514,275
514,276
514,277
514,278
514,279
514,510
514,511
514,512
514,513
514,514
514,515
514,516
514,517
514,518
514,519
514,520
514,521
514,522
514,523
514,524
514,525
514,526
514,527
514,528
514,529
514,530
514,531
514,532
514,533
514,534
514,535
514,536
514,537
514,538
514,539
514,540
514,541
514,542
514,543
514,544
514,545
514,546
514,547
514,548
514,549
514,550
514,551
514,552
514,553
515,157
515,158
515,159
515,160
515,161
515,162
515,163
515,164
515,165
515,166
515,167
515,168
515,169
515,170
515,171
515,172
515,173
515,174
515,175
515,176
515,177
515,178
515,179
515,180
515,181
515,182
515,183
515,184
515,185
515,186
515,187
515,188
515,189
515,190
515,191
515,192
515,193
515,194
515,195
515,196
515,197
515,198
515,199
515,200
515,201
515,202
515,203
515,204
515,205
515,206
515,207
515,208
515,209
515,210
515,211
515,212
515,213
515,214
515,215
515,216
515,217
515,218
515,219
515,220
515,221
515,222
515,223
515,224
515,225
515,226
515,227
515,228
515,229
515,230
515,231
515,232
515,233
515,234
515,235
515,236
515,237
515,238
515,239
515,240
515,241
515,242
515,243
515,244
515,245
515,246
515,247
515,248
515,249
515,250
515,251
515,252
515,253
515,254
515,255
515,256
515,257
515,258
515,259
515,260
515,261
515,262
515,263
515,264
515,265
515,266
515,267
515,268
515,269
515,270
515,271
515,272
515,273
515,274
515,275
515,276
515,277
515,278
515,279
515,510
515,511
515,512
515,513
515,514
515,515
515,516
515,517
515,518
515,519
515,520
515,521
515,522
515,523
515,524
515,525
515,526
515,527
515,528
515,529
515,530
515,531
515,532
515,533
515,534
515,535
515,536
515,537
515,538
515,539
515,540
515,541
515,542
515,543
515,544
515,545
515,546
515,547
515,548
515,549
515,550
515,551
515,552
515,553
515,554
515,555
516,157
516,158
516,159
516,160
516,161
516,162
516,163
516,164
516,165
516,166
516,167
516,168
516,169
516,170
516,171
516,172
516,173
516,174
516,175
516,176
516,177
516,178
516,179
516,180
516,181
516,182
516,183
516,184
516,185
516,186
516,187
516,188
516,189
516,190
516,191
516,192
516,193
516,194
516,195
516,196
516,197
516,198
516,199
516,200
516,201
516,202
516,203
516,204
516,205
516,206
516,207
516,208
516,209
516,210
516,211
516,212
516,213
516,214
516,215
516,216
516,217
516,218
516,219
516,220
516,221
516,222
516,223
516,224
516,225
516,226
516,227
516,228
516,229
516,230
516,231
516,232
516,233
516,234
516,235
516,236
516,237
516,238
516,239
516,240
516,241
516,242
516,243
516,244
516,245
516,246
516,247
516,248
516,249
516,250
516,251
516,252
516,253
516,254
516,255
516,256
516,257
516,258
516,259
516,260
516,261
516,262
516,263
516,264
516,265
516,266
516,267
516,268
516,269
516,270
516,271
516,272
516,273
516,274
516,275
516,276
516,277
516,278
516,509
516,510
516,511
516,512
516,513
516,514
516,515
516,516
516,517
516,518
516,519
516,520
516,521
516,522
516,523
516,524
516,525
516,526
516,527
516,528
516,529
516,530
516,531
516,532
516,533
516,534
516,535
516,536
516,537
516,538
516,539
516,540
516,541
516,542
516,543
516,544
516,545
516,546
516,547
516,548
516,549
516,550
516,551
516,552
516,553
516,554
516,555
516,556
517,157
517,158
517,159
517,160
517,161
517,162
517,163
517,164
517,165
517,166
517,167
517,168
517,169
517,170
517,171
517,172
517,173
517,174
517,175
517,176
517,177
517,178
517,179
517,180
517,181
517,182
517,183
517,184
517,185
517,186
517,187
517,188
517,189
517,190
517,191
517,192
517,193
517,194
517,195
517,196
517,197
517,198
517,199
517,200
517,201
517,202
517,203
517,204
517,205
517,206
517,207
517,208
517,209
517,210
517,211
517,212
517,213
517,214
517,215
517,216
517,217
517,218
517,219
517,220
517,221
517,222
517,223
517,224
517,225
517,226
517,227
517,228
517,229
517,230
517,231
517,232
517,233
517,234
517,235
517,236
517,237
517,238
517,239
517,240
517,241
517,242
517,243
517,244
517,245
517,246
517,247
517,248
517,249
517,250
517,251
517,252
517,253
517,254
517,255
517,256
517,257
517,258
517,259
517,260
517,261
517,262
517,263
517,264
517,265
517,266
517,267
517,268
517,269
517,270
517,271
517,272
517,273
517,274
517,275
517,276
517,277
517,278
517,509
517,510
517,511
517,512
517,513
517,514
517,515
517,516
517,517
517,518
517,519
517,520
517,521
517,522
517,523
517,524
517,525
517,526
517,527
517,528
517,529
517,530
517,531
517,532
517,533
517,534
517,535
517,536
517,537
517,538
517,539
517,540
517,541
517,542
517,543
517,544
517,545
517,546
517,547
517,548
517,549
517,550
517,551
517,552
517,553
517,554
517,555
517,556
517,557
518,156
518,157
518,158
518,159
518,160
518,161
518,162
518,163
518,164
518,165
518,166
518,167
518,168
518,169
518,170
518,171
518,172
518,173
518,174
518,175
518,176
518,177
518,178
518,179
518,180
518,181
518,182
518,183
518,184
518,185
518,186
518,187
518,188
518,189
518,190
518,191
518,192
518,193
518,194
518,195
518,196
518,197
518,198
518,199
518,200
518,201
518,202
518,203
518,204
518,205
518,206
518,207
518,208
518,209
518,210
518,211
518,212
518,213
518,214
518,215
518,216
518,217
518,218
518,219
518,220
518,221
518,222
518,223
518,224
518,225
518,226
518,227
518,228
518,229
518,230
518,231
518,232
518,233
518,234
518,235
518,236
518,237
518,238
518,239
518,240
518,241
518,242
518,243
518,244
518,245
518,246
518,247
518,248
518,249
518,250
518,251
518,252
518,253
518,254
518,255
518,256
518,257
518,258
518,259
518,260
518,261
518,262
518,263
518,264
518,265
518,266
518,267
518,268
518,269
518,270
518,271
518,272
518,273
518,274
518,275
518,276
518,277
518,278
518,508
518,509
518,510
518,511
518,512
518,513
518,514
518,515
518,516
518,517
518,518
518,519
518,520
518,521
518,522
518,523
518,524
518,525
518,526
518,527
518,528
518,529
518,530
518,531
518,532
518,533
518,534
518,535
518,536
518,537
518,538
518,539
518,540
518,541
518,542
518,543
518,544
518,545
518,546
518,547
518,548
518,549
518,550
518,551
518,552
518,553
518,554
518,555
518,556
518,557
518,558
519,156
519,157
519,158
519,159
519,160
519,161
519,162
519,163
519,164
519,165
519,166
519,167
519,168
519,169
519,170
519,171
519,172
519,173
519,174
519,175
519,176
519,177
519,178
519,179
519,180
519,181
519,182
519,183
519,184
519,185
519,186
519,187
519,188
519,189
519,190
519,191
519,192
519,193
519,194
519,195
519,196
519,197
519,198
519,199
519,200
519,201
519,202
519,203
519,204
519,205
519,206
519,207
519,208
519,209
519,210
519,211
519,212
519,213
519,214
519,215
519,216
519,217
519,218
519,219
519,220
519,221
519,222
519,223
519,224
519,225
519,226
519,227
519,228
519,229
519,230
519,231
519,232
519,233
519,234
519,235
519,236
519,237
519,238
519,239
519,240
519,241
519,242
519,243
519,244
519,245
519,246
519,247
519,248
519,249
519,250
519,251
519,252
519,253
519,254
519,255
519,256
519,257
519,258
519,259
519,260
519,261
519,262
519,263
519,264
519,265
519,266
519,267
519,268
519,269
519,270
519,271
519,272
519,273
519,274
519,275
519,276
519,277
519,278
519,508
519,509
519,510
519,511
519,512
519,513
519,514
519,515
519,516
519,517
519,518
519,519
519,520
519,521
519,522
519,523
519,524
519,525
519,526
519,527
519,528
519,529
519,530
519,531
519,532
519,533
519,534
519,535
519,536
519,537
519,538
519,539
519,540
519,541
519,542
519,543
519,544
519,545
519,546
519,547
519,548
519,549
519,550
519,551
519,552
519,553
519,554
519,555
519,556
519,557
519,558
519,559
520,155
520,156
520,157
520,158
520,159
520,160
520,161
520,162
520,163
520,164
520,165
520,166
520,167
520,168
520,169
520,170
520,171
520,172
520,173
520,174
520,175
520,176
520,177
520,178
520,179
520,180
520,181
520,182
520,183
520,184
520,185
520,186
520,187
520,188
520,189
520,190
520,191
520,192
520,193
520,194
520,195
520,196
520,197
520,198
520,199
520,200
520,201
520,202
520,203
520,204
520,205
520,206
520,207
520,208
520,209
520,210
520,211
520,212
520,213
520,214
520,215
520,216
520,217
520,218
520,219
520,220
520,221
520,222
520,223
520,224
520,225
520,226
520,227
520,228
520,229
520,230
520,231
520,232
520,233
520,234
520,235
520,236
520,237
520,238
520,239
520,240
520,241
520,242
520,243
520,244
520,245
520,246
520,247
520,248
520,249
520,250
520,251
520,252
520,253
520,254
520,255
520,256
520,257
520,258
520,259
520,260
520,261
520,262
520,263
520,264
520,265
520,266
520,267
520,268
520,269
520,270
520,271
520,272
520,273
520,274
520,275
520,276
520,277
520,508
520,509
520,510
520,511
520,512
520,513
520,514
520,515
520,516
520,517
520,518
520,519
520,520
520,521
520,522
520,523
520,524
520,525
520,526
520,527
520,528
520,529
520,530
520,531
520,532
520,533
520,534
520,535
520,536
520,537
520,538
520,539
520,540
520,541
520,542
520,543
520,544
520,545
520,546
520,547
520,548
520,549
520,550
520,551
520,552
520,553
520,554
520,555
520,556
520,557
520,558
520,559
520,560
520,561
521,155
521,156
521,157
521,158
521,159
521,160
521,161
521,162
521,163
521,164
521,165
521,166
521,167
521,168
521,169
521,170
521,171
521,172
521,173
521,174
521,175
521,176
521,177
521,178
521,179
521,180
521,181
521,182
521,183
521,184
521,185
521,186
521,187
521,188
521,189
521,190
521,191
521,192
521,193
521,194
521,195
521,196
521,197
521,198
521,199
521,200
521,201
521,202
521,203
521,204
521,205
521,206
521,207
521,208
521,209
521,210
521,211
521,212
521,213
521,214
521,215
521,216
521,217
521,218
521,219
521,220
521,221
521,222
521,223
521,224
521,225
521,226
521,227
521,228
521,229
521,230
521,231
521,232
521,233
521,234
521,235
521,236
521,237
521,238
521,239
521,240
521,241
521,242
521,243
521,244
521,245
521,246
521,247
521,248
521,249
521,250
521,251
521,252
521,253
521,254
521,255
521,256
521,257
521,258
521,259
521,260
521,261
521,262
521,263
521,264
521,265
521,266
521,267
521,268
521,269
521,270
521,271
521,272
521,273
521,274
521,275
521,276
521,277
521,507
521,508
521,509
521,510
521,511
521,512
521,513
521,514
521,515
521,516
521,517
521,518
521,519
521,520
521,521
521,522
521,523
521,524
521,525
521,526
521,527
521,528
521,529
521,530
521,531
521,532
521,533
521,534
521,535
521,536
521,537
521,538
521,539
521,540
521,541
521,542
521,543
521,544
521,545
521,546
521,547
521,548
521,549
521,550
521,551
521,552
521,553
521,554
521,555
521,556
521,557
521,558
521,559
521,560
521,561
521,562
522,155
522,156
522,157
522,158
522,159
522,160
522,161
522,162
522,163
522,164
522,165
522,166
522,167
522,168
522,169
522,170
522,171
522,172
522,173
522,174
522,175
522,176
522,177
522,178
522,179
522,180
522,181
522,182
522,183
522,184
522,185
522,186
522,187
522,188
522,189
522,190
522,191
522,192
522,193
522,194
522,195
522,196
522,197
522,198
522,199
522,200
522,201
522,202
522,203
522,204
522,205
522,206
522,207
522,208
522,209
522,210
522,211
522,212
522,213
522,214
522,215
522,216
522,217
522,218
522,219
522,220
522,221
522,222
522,223
522,224
522,225
522,226
522,227
522,228
522,229
522,230
522,231
522,232
522,233
522,234
522,235
522,236
522,237
522,238
522,239
522,240
522,241
522,242
522,243
522,244
522,245
522,246
522,247
522,248
522,249
522,250
522,251
522,252
522,253
522,254
522,255
522,256
522,257
522,258
522,259
522,260
522,261
522,262
522,263
522,264
522,265
522,266
522,267
522,268
522,269
522,270
522,271
522,272
522,273
522,274
522,275
522,276
522,277
522,507
522,508
522,509
522,510
522,511
522,512
522,513
522,514
522,515
522,516
522,517
522,518
522,519
522,520
522,521
522,522
522,523
522,524
522,525
522,526
522,527
522,528
522,529
522,530
522,531
522,532
522,533
522,534
522,535
522,536
522,537
522,538
522,539
522,540
522,541
522,542
522,543
522,544
522,545
522,546
522,547
522,548
522,549
522,550
522,551
522,552
522,553
522,554
522,555
522,556
522,557
522,558
522,559
522,560
522,561
522,562
522,563
523,154
523,155
523,156
523,157
523,158
523,159
523,160
523,161
523,162
523,163
523,164
523,165
523,166
523,167
523,168
523,169
523,170
523,171
523,172
523,173
523,174
523,175
523,176
523,177
523,178
523,179
523,180
523,181
523,182
523,183
523,184
523,185
523,186
523,187
523,188
523,189
523,190
523,191
523,192
523,193
523,194
523,195
523,196
523,197
523,198
523,199
523,200
523,201
523,202
523,203
523,204
523,205
523,206
523,207
523,208
523,209
523,210
523,211
523,212
523,213
523,214
523,215
523,216
523,217
523,218
523,219
523,220
523,221
523,222
523,223
523,224
523,225
523,226
523,227
523,228
523,229
523,230
523,231
523,232
523,233
523,234
523,235
523,236
523,237
523,238
523,239
523,240
523,241
523,242
523,243
523,244
523,245
523,246
523,247
523,248
523,249
523,250
523,251
523,252
523,253
523,254
523,255
523,256
523,257
523,258
523,259
523,260
523,261
523,262
523,263
523,264
523,265
523,266
523,267
523,268
523,269
523,270
523,271
523,272
523,273
523,274
523,275
523,276
523,277
523,506
523,507
523,508
523,509
523,510
523,511
523,512
523,513
523,514
523,515
523,516
523,517
523,518
523,519
523,520
523,521
523,522
523,523
523,524
523,525
523,526
523,527
523,528
523,529
523,530
523,531
523,532
523,533
523,534
523,535
523,536
523,537
523,538
523,539
523,540
523,541
523,542
523,543
523,544
523,545
523,546
523,547
523,548
523,549
523,550
523,551
523,552
523,553
523,554
523,555
523,556
523,557
523,558
523,559
523,560
523,561
523,562
523,563
523,564
524,154
524,155
524,156
524,157
524,158
524,159
524,160
524,161
524,162
524,163
524,164
524,165
524,166
524,167
524,168
524,169
524,170
524,171
524,172
524,173
524,174
524,175
524,176
524,177
524,178
524,179
524,180
524,181
524,182
524,183
524,184
524,185
524,186
524,187
524,188
524,189
524,190
524,191
524,192
524,193
524,194
524,195
524,196
524,197
524,198
524,199
524,200
524,201
524,202
524,203
524,204
524,205
524,206
524,207
524,208
524,209
524,210
524,211
524,212
524,213
524,214
524,215
524,216
524,217
524,218
524,219
524,220
524,221
524,222
524,223
524,224
524,225
524,226
524,227
524,228
524,229
524,230
524,231
524,232
524,233
524,234
524,235
524,236
524,237
524,238
524,239
524,240
524,241
524,242
524,243
524,244
524,245
524,246
524,247
524,248
524,249
524,250
524,251
524,252
524,253
524,254
524,255
524,256
524,257
524,258
524,259
524,260
524,261
524,262
524,263
524,264
524,265
524,266
524,267
524,268
524,269
524,270
524,271
524,272
524,273
524,274
524,275
524,276
524,506
524,507
524,508
524,509
524,510
524,511
524,512
524,513
524,514
524,515
524,516
524,517
524,518
524,519
524,520
524,521
524,522
524,523
524,524
524,525
524,526
524,527
524,528
524,529
524,530
524,531
524,532
524,533
524,534
524,535
524,536
524,537
524,538
524,539
524,540
524,541
524,542
524,543
524,544
524,545
524,546
524,547
524,548
524,549
524,550
524,551
524,552
524,553
524,554
524,555
524,556
524,557
524,558
524,559
524,560
524,561
524,562
524,563
524,564
525,153
525,154
525,155
525,156
525,157
525,158
525,159
525,160
525,161
525,162
525,163
525,164
525,165
525,166
525,167
525,168
525,169
525,170
525,171
525,172
525,173
525,174
525,175
525,176
525,177
525,178
525,179
525,180
525,181
525,182
525,183
525,184
525,185
525,186
525,187
525,188
525,189
525,190
525,191
525,192
525,193
525,194
525,195
525,196
525,197
525,198
525,199
525,200
525,201
525,202
525,203
525,204
525,205
525,206
525,207
525,208
525,209
525,210
525,211
525,212
525,213
525,214
525,215
525,216
525,217
525,218
525,219
525,220
525,221
525,222
525,223
525,224
525,225
525,226
525,227
525,228
525,229
525,230
525,231
525,232
525,233
525,234
525,235
525,236
525,237
525,238
525,239
525,240
525,241
525,242
525,243
525,244
525,245
525,246
525,247
525,248
525,249
525,250
525,251
525,252
525,253
525,254
525,255
525,256
525,257
525,258
525,259
525,260
525,261
525,262
525,263
525,264
525,265
525,266
525,267
525,268
525,269
525,270
525,271
525,272
525,273
525,274
525,275
525,276
525,506
525,507
525,508
525,509
525,510
525,511
525,512
525,513
525,514
525,515
525,516
525,517
525,518
525,519
525,520
525,521
525,522
525,523
525,524
525,525
525,526
525,527
525,528
525,529
525,530
525,531
525,532
525,533
525,534
525,535
525,536
525,537
525,538
525,539
525,540
525,541
525,542
525,543
525,544
525,545
525,546
525,547
525,548
525,549
525,550
525,551
525,552
525,553
525,554
525,555
525,556
525,557
525,558
525,559
525,560
525,561
525,562
525,563
526,153
526,154
526,155
526,156
526,157
526,158
526,159
526,160
526,161
526,162
526,163
526,164
526,165
526,166
526,167
526,168
526,169
526,170
526,171
526,172
526,173
526,174
526,175
526,176
526,177
526,178
526,179
526,180
526,181
526,182
526,183
526,184
526,185
526,186
526,187
526,188
526,189
526,190
526,191
526,192
526,193
526,194
526,195
526,196
526,197
526,198
526,199
526,200
526,201
526,202
526,203
526,204
526,205
526,206
526,207
526,208
526,209
526,210
526,211
526,212
526,213
526,214
526,215
526,216
526,217
526,218
526,219
526,220
526,221
526,222
526,223
526,224
526,225
526,226
526,227
526,228
526,229
526,230
526,231
526,232
526,233
526,234
526,235
526,236
526,237
526,238
526,239
526,240
526,241
526,242
526,243
526,244
526,245
526,246
526,247
526,248
526,249
526,250
526,251
526,252
526,253
526,254
526,255
526,256
526,257
526,258
526,259
526,260
526,261
526,262
526,263
526,264
526,265
526,266
526,267
526,268
526,269
526,270
526,271
526,272
526,273
526,274
526,275
526,276
526,505
526,506
526,507
526,508
526,509
526,510
526,511
526,512
526,513
526,514
526,515
526,516
526,517
526,518
526,519
526,520
526,521
526,522
526,523
526,524
526,525
526,526
526,527
526,528
526,529
526,530
526,531
526,532
526,533
526,534
526,535
526,536
526,537
526,538
526,539
526,540
526,541
526,542
526,543
526,544
526,545
526,546
526,547
526,548
526,549
526,550
526,551
526,552
526,553
526,554
526,555
526,556
526,557
526,558
526,559
526,560
526,561
526,562
526,563
527,153
527,154
527,155
527,156
527,157
527,158
527,159
527,160
527,161
527,162
527,163
527,164
527,165
527,166
527,167
527,168
527,169
527,170
527,171
527,172
527,173
527,174
527,175
527,176
527,177
527,178
527,179
527,180
527,181
527,182
527,183
527,184
527,185
527,186
527,187
527,188
527,189
527,190
527,191
527,192
527,193
527,194
527,195
527,196
527,197
527,198
527,199
527,200
527,201
527,202
527,203
527,204
527,205
527,206
527,207
527,208
527,209
527,210
527,211
527,212
527,213
527,214
527,215
527,216
527,217
527,218
527,219
527,220
527,221
527,222
527,223
527,224
527,225
527,226
527,227
527,228
527,229
527,230
527,231
527,232
527,233
527,234
527,235
527,236
527,237
527,238
527,239
527,240
527,241
527,242
527,243
527,244
527,245
527,246
527,247
527,248
527,249
527,250
527,251
527,252
527,253
527,254
527,255
527,256
527,257
527,258
527,259
527,260
527,261
527,262
527,263
527,264
527,265
527,266
527,267
527,268
527,269
527,270
527,271
527,272
527,273
527,274
527,275
527,276
527,505
527,506
527,507
527,508
527,509
527,510
527,511
527,512
527,513
527,514
527,515
527,516
527,517
527,518
527,519
527,520
527,521
527,522
527,523
527,524
527,525
527,526
527,527
527,528
527,529
527,530
527,531
527,532
527,533
527,534
527,535
527,536
527,537
527,538
527,539
527,540
527,541
527,542
527,543
527,544
527,545
527,546
527,547
527,548
527,549
527,550
527,551
527,552
527,553
527,554
527,555
527,556
527,557
527,558
527,559
527,560
527,561
527,562
528,152
528,153
528,154
528,155
528,156
528,157
528,158
528,159
528,160
528,161
528,162
528,163
528,164
528,165
528,166
528,167
528,168
528,169
528,170
528,171
528,172
528,173
528,174
528,175
528,176
528,177
528,178
528,179
528,180
528,181
528,182
528,183
528,184
528,185
528,186
528,187
528,188
528,189
528,190
528,191
528,192
528,193
528,194
528,195
528,196
528,197
528,198
528,199
528,200
528,201
528,202
528,203
528,204
528,205
528,206
528,207
528,208
528,209
528,210
528,211
528,212
528,213
528,214
528,215
528,216
528,217
528,218
528,219
528,220
528,221
528,222
528,223
528,224
528,225
528,226
528,227
528,228
528,229
528,230
528,231
528,232
528,233
528,234
528,235
528,236
528,237
528,238
528,239
528,240
528,241
528,242
528,243
528,244
528,245
528,246
528,247
528,248
528,249
528,250
528,251
528,252
528,253
528,254
528,255
528,256
528,257
528,258
528,259
528,260
528,261
528,262
528,263
528,264
528,265
528,266
528,267
528,268
528,269
528,270
528,271
528,272
528,273
528,274
528,275
528,504
528,505
528,506
528,507
528,508
528,509
528,510
528,511
528,512
528,513
528,514
528,515
528,516
528,517
528,518
528,519
528,520
528,521
528,522
528,523
528,524
528,525
528,526
528,527
528,528
528,529
528,530
528,531
528,532
528,533
528,534
528,535
528,536
528,537
528,538
528,539
528,540
528,541
528,542
528,543
528,544
528,545
528,546
528,547
528,548
528,549
528,550
528,551
528,552
528,553
528,554
528,555
528,556
528,557
528,558
528,559
528,560
528,561
528,562
529,152
529,153
529,154
529,155
529,156
529,157
529,158
529,159
529,160
529,161
529,162
529,163
529,164
529,165
529,166
529,167
529,168
529,169
529,170
529,171
529,172
529,173
529,174
529,175
529,176
529,177
529,178
529,179
529,180
529,181
529,182
529,183
529,184
529,185
529,186
529,187
529,188
529,189
529,190
529,191
529,192
529,193
529,194
529,195
529,196
529,197
529,198
529,199
529,200
529,201
529,202
529,203
529,204
529,205
529,206
529,207
529,208
529,209
529,210
529,211
529,212
529,213
529,214
529,215
529,216
529,217
529,218
529,219
529,220
529,221
529,222
529,223
529,224
529,225
529,226
529,227
529,228
529,229
529,230
529,231
529,232
529,233
529,234
529,235
529,236
529,237
529,238
529,239
529,240
529,241
529,242
529,243
529,244
529,245
529,246
529,247
529,248
529,249
529,250
529,251
529,252
529,253
529,254
529,255
529,256
529,257
529,258
529,259
529,260
529,261
529,262
529,263
529,264
529,265
529,266
529,267
529,268
529,269
529,270
529,271
529,272
529,273
529,274
529,275
529,504
529,505
529,506
529,507
529,508
529,509
529,510
529,511
529,512
529,513
529,514
529,515
529,516
529,517
529,518
529,519
529,520
529,521
529,522
529,523
529,524
529,525
529,526
529,527
529,528
529,529
529,530
529,531
529,532
529,533
529,534
529,535
529,536
529,537
529,538
529,539
529,540
529,541
529,542
529,543
529,544
529,545
529,546
529,547
529,548
529,549
529,550
529,551
529,552
529,553
529,554
529,555
529,556
529,557
529,558
529,559
529,560
529,561
530,151
530,152
530,153
530,154
530,155
530,156
530,157
530,158
530,159
530,160
530,161
530,162
530,163
530,164
530,165
530,166
530,167
530,168
530,169
530,170
530,171
530,172
530,173
530,174
530,175
530,176
530,177
530,178
530,179
530,180
530,181
530,182
530,183
530,184
530,185
530,186
530,187
530,188
530,189
530,190
530,191
530,192
530,193
530,194
530,195
530,196
530,197
530,198
530,199
530,200
530,201
530,202
530,203
530,204
530,205
530,206
530,207
530,208
530,209
530,210
530,211
530,212
530,213
530,214
530,215
530,216
530,217
530,218
530,219
530,220
530,221
530,222
530,223
530,224
530,225
530,226
530,227
530,228
530,229
530,230
530,231
530,232
530,233
530,234
530,235
530,236
530,237
530,238
530,239
530,240
530,241
530,242
530,243
530,244
530,245
530,246
530,247
530,248
530,249
530,250
530,251
530,252
530,253
530,254
530,255
530,256
530,257
530,258
530,259
530,260
530,261
530,262
530,263
530,264
530,265
530,266
530,267
530,268
530,269
530,270
530,271
530,272
530,273
530,274
530,275
530,503
530,504
530,505
530,506
530,507
530,508
530,509
530,510
530,511
530,512
530,513
530,514
530,515
530,516
530,517
530,518
530,519
530,520
530,521
530,522
530,523
530,524
530,525
530,526
530,527
530,528
530,529
530,530
530,531
530,532
530,533
530,534
530,535
530,536
530,537
530,538
530,539
530,540
530,541
530,542
530,543
530,544
530,545
530,546
530,547
530,548
530,549
530,550
530,551
530,552
530,553
530,554
530,555
530,556
530,557
530,558
530,559
530,560
530,561
531,151
531,152
531,153
531,154
531,155
531,156
531,157
531,158
531,159
531,160
531,161
531,162
531,163
531,164
531,165
531,166
531,167
531,168
531,169
531,170
531,171
531,172
531,173
531,174
531,175
531,176
531,177
531,178
531,179
531,180
531,181
531,182
531,183
531,184
531,185
531,186
531,187
531,188
531,189
531,190
531,191
531,192
531,193
531,194
531,195
531,196
531,197
531,198
531,199
531,200
531,201
531,202
531,203
531,204
531,205
531,206
531,207
531,208
531,209
531,210
531,211
531,212
531,213
531,214
531,215
531,216
531,217
531,218
531,219
531,220
531,221
531,222
531,223
531,224
531,225
531,226
531,227
531,228
531,229
531,230
531,231
531,232
531,233
531,234
531,235
531,236
531,237
531,238
531,239
531,240
531,241
531,242
531,243
531,244
531,245
531,246
531,247
531,248
531,249
531,250
531,251
531,252
531,253
531,254
531,255
531,256
531,257
531,258
531,259
531,260
531,261
531,262
531,263
531,264
531,265
531,266
531,267
531,268
531,269
531,270
531,271
531,272
531,273
531,274
531,275
531,503
531,504
531,505
531,506
531,507
531,508
531,509
531,510
531,511
531,512
531,513
531,514
531,515
531,516
531,517
531,518
531,519
531,520
531,521
531,522
531,523
531,524
531,525
531,526
531,527
531,528
531,529
531,530
531,531
531,532
531,533
531,534
531,535
531,536
531,537
531,538
531,539
531,540
531,541
531,542
531,543
531,544
531,545
531,546
531,547
531,548
531,549
531,550
531,551
531,552
531,553
531,554
531,555
531,556
531,557
531,558
531,559
531,560
531,561
532,150
532,151
532,152
532,153
532,154
532,155
532,156
532,157
532,158
532,159
532,160
532,161
532,162
532,163
532,164
532,165
532,166
532,167
532,168
532,169
532,170
532,171
532,172
532,173
532,174
532,175
532,176
532,177
532,178
532,179
532,180
532,181
532,182
532,183
532,184
532,185
532,186
532,187
532,188
532,189
532,190
532,191
532,192
532,193
532,194
532,195
532,196
532,197
532,198
532,199
532,200
532,201
532,202
532,203
532,204
532,205
532,206
532,207
532,208
532,209
532,210
532,211
532,212
532,213
532,214
532,215
532,216
532,217
532,218
532,219
532,220
532,221
532,222
532,223
532,224
532,225
532,226
532,227
532,228
532,229
532,230
532,231
532,232
532,233
532,234
532,235
532,236
532,237
532,238
532,239
532,240
532,241
532,242
532,243
532,244
532,245
532,246
532,247
532,248
532,249
532,250
532,251
532,252
532,253
532,254
532,255
532,256
532,257
532,258
532,259
532,260
532,261
532,262
532,263
532,264
532,265
532,266
532,267
532,268
532,269
532,270
532,271
532,272
532,273
532,274
532,503
532,504
532,505
532,506
532,507
532,508
532,509
532,510
532,511
532,512
532,513
532,514
532,515
532,516
532,517
532,518
532,519
532,520
532,521
532,522
532,523
532,524
532,525
532,526
532,527
532,528
532,529
532,530
532,531
532,532
532,533
532,534
532,535
532,536
532,537
532,538
532,539
532,540
532,541
532,542
532,543
532,544
532,545
532,546
532,547
532,548
532,549
532,550
532,551
532,552
532,553
532,554
532,555
532,556
532,557
532,558
532,559
532,560
533,150
533,151
533,152
533,153
533,154
533,155
533,156
533,157
533,158
533,159
533,160
533,161
533,162
533,163
533,164
533,165
533,166
533,167
533,168
533,169
533,170
533,171
533,172
533,173
533,174
533,175
533,176
533,177
533,178
533,179
533,180
533,181
533,182
533,183
533,184
533,185
533,186
533,187
533,188
533,189
533,190
533,191
533,192
533,193
533,194
533,195
533,196
533,197
533,198
533,199
533,200
533,201
533,202
533,203
533,204
533,205
533,206
533,207
533,208
533,209
533,210
533,211
533,212
533,213
533,214
533,215
533,216
533,217
533,218
533,219
533,220
533,221
533,222
533,223
533,224
533,225
533,226
533,227
533,228
533,229
533,230
533,231
533,232
533,233
533,234
533,235
533,236
533,237
533,238
533,239
533,240
533,241
533,242
533,243
533,244
533,245
533,246
533,247
533,248
533,249
533,250
533,251
533,252
533,253
533,254
533,255
533,256
533,257
533,258
533,259
533,260
533,261
533,262
533,263
533,264
533,265
533,266
533,267
533,268
533,269
533,270
533,271
533,272
533,273
533,274
533,502
533,503
533,504
533,505
533,506
533,507
533,508
533,509
533,510
533,511
533,512
533,513
533,514
533,515
533,516
533,517
533,518
533,519
533,520
533,521
533,522
533,523
533,524
533,525
533,526
533,527
533,528
533,529
533,530
533,531
533,532
533,533
533,534
533,535
533,536
533,537
533,538
533,539
533,540
533,541
533,542
533,543
533,544
533,545
533,546
533,547
533,548
533,549
533,550
533,551
533,552
533,553
533,554
533,555
533,556
533,557
533,558
533,559
533,560
534,150
534,151
534,152
534,153
534,154
534,155
534,156
534,157
534,158
534,159
534,160
534,161
534,162
534,163
534,164
534,165
534,166
534,167
534,168
534,169
534,170
534,171
534,172
534,173
534,174
534,175
534,176
534,177
534,178
534,179
534,180
534,181
534,182
534,183
534,184
534,185
534,186
534,187
534,188
534,189
534,190
534,191
534,192
534,193
534,194
534,195
534,196
534,197
534,198
534,199
534,200
534,201
534,202
534,203
534,204
534,205
534,206
534,207
534,208
534,209
534,210
534,211
534,212
534,213
534,214
534,215
534,216
534,217
534,218
534,219
534,220
534,221
534,222
534,223
534,224
534,225
534,226
534,227
534,228
534,229
534,230
534,231
534,232
534,233
534,234
534,235
534,236
534,237
534,238
534,239
534,240
534,241
534,242
534,243
534,244
534,245
534,246
534,247
534,248
534,249
534,250
534,251
534,252
534,253
534,254
534,255
534,256
534,257
534,258
534,259
534,260
534,261
534,262
534,263
534,264
534,265
534,266
534,267
534,268
534,269
534,270
534,271
534,272
534,273
534,274
534,502
534,503
534,504
534,505
534,506
534,507
534,508
534,509
534,510
534,511
534,512
534,513
534,514
534,515
534,516
534,517
534,518
534,519
534,520
534,521
534,522
534,523
534,524
534,525
534,526
534,527
534,528
534,529
534,530
534,531
534,532
534,533
534,534
534,535
534,536
534,537
534,538
534,539
534,540
534,541
534,542
534,543
534,544
534,545
534,546
534,547
534,548
534,549
534,550
534,551
534,552
534,553
534,554
534,555
534,556
534,557
534,558
534,559
535,149
535,150
535,151
535,152
535,153
535,154
535,155
535,156
535,157
535,158
535,159
535,160
535,161
535,162
535,163
535,164
535,165
535,166
535,167
535,168
535,169
535,170
535,171
535,172
535,173
535,174
535,175
535,176
535,177
535,178
535,179
535,180
535,181
535,182
535,183
535,184
535,185
535,186
535,187
535,188
535,189
535,190
535,191
535,192
535,193
535,194
535,195
535,196
535,197
535,198
535,199
535,200
535,201
535,202
535,203
535,204
535,205
535,206
535,207
535,208
535,209
535,210
535,211
535,212
535,213
535,214
535,215
535,216
535,217
535,218
535,219
535,220
535,221
535,222
535,223
535,224
535,225
535,226
535,227
535,228
535,229
535,230
535,231
535,232
535,233
535,234
535,235
535,236
535,237
535,238
535,239
535,240
535,241
535,242
535,243
535,244
535,245
535,246
535,247
535,248
535,249
535,250
535,251
535,252
535,253
535,254
535,255
535,256
535,257
535,258
535,259
535,260
535,261
535,262
535,263
535,264
535,265
535,266
535,267
535,268
535,269
535,270
535,271
535,272
535,273
535,274
535,501
535,502
535,503
535,504
535,505
535,506
535,507
535,508
535,509
535,510
535,511
535,512
535,513
535,514
535,515
535,516
535,517
535,518
535,519
535,520
535,521
535,522
535,523
535,524
535,525
535,526
535,527
535,528
535,529
535,530
535,531
535,532
535,533
535,534
535,535
535,536
535,537
535,538
535,539
535,540
535,541
535,542
535,543
535,544
535,545
535,546
535,547
535,548
535,549
535,550
535,551
535,552
535,553
535,554
535,555
535,556
535,557
535,558
535,559
536,149
536,150
536,151
536,152
536,153
536,154
536,155
536,156
536,157
536,158
536,159
536,160
536,161
536,162
536,163
536,164
536,165
536,166
536,167
536,168
536,169
536,170
536,171
536,172
536,173
536,174
536,175
536,176
536,177
536,178
536,179
536,180
536,181
536,182
536,183
536,184
536,185
536,186
536,187
536,188
536,189
536,190
536,191
536,192
536,193
536,194
536,195
536,196
536,197
536,198
536,199
536,200
536,201
536,202
536,203
536,204
536,205
536,206
536,207
536,208
536,209
536,210
536,211
536,212
536,213
536,214
536,215
536,216
536,217
536,218
536,219
536,220
536,221
536,222
536,223
536,224
536,225
536,226
536,227
536,228
536,229
536,230
536,231
536,232
536,233
536,234
536,235
536,236
536,237
536,238
536,239
536,240
536,241
536,242
536,243
536,244
536,245
536,246
536,247
536,248
536,249
536,250
536,251
536,252
536,253
536,254
536,255
536,256
536,257
536,258
536,259
536,260
536,261
536,262
536,263
536,264
536,265
536,266
536,267
536,268
536,269
536,270
536,271
536,272
536,273
536,501
536,502
536,503
536,504
536,505
536,506
536,507
536,508
536,509
536,510
536,511
536,512
536,513
536,514
536,515
536,516
536,517
536,518
536,519
536,520
536,521
536,522
536,523
536,524
536,525
536,526
536,527
536,528
536,529
536,530
536,531
536,532
536,533
536,534
536,535
536,536
536,537
536,538
536,539
536,540
536,541
536,542
536,543
536,544
536,545
536,546
536,547
536,548
536,549
536,550
536,551
536,552
536,553
536,554
536,555
536,556
536,557
536,558
537,148
537,149
537,150
537,151
537,152
537,153
537,154
537,155
537,156
537,157
537,158
537,159
537,160
537,161
537,162
537,163
537,164
537,165
537,166
537,167
537,168
537,169
537,170
537,171
537,172
537,173
537,174
537,175
537,176
537,177
537,178
537,179
537,180
537,181
537,182
537,183
537,184
537,185
537,186
537,187
537,188
537,189
537,190
537,191
537,192
537,193
537,194
537,195
537,196
537,197
537,198
537,199
537,200
537,201
537,202
537,203
537,204
537,205
537,206
537,207
537,208
537,209
537,210
537,211
537,212
537,213
537,214
537,215
537,216
537,217
537,218
537,219
537,220
537,221
537,222
537,223
537,224
537,225
537,226
537,227
537,228
537,229
537,230
537,231
537,232
537,233
537,234
537,235
537,236
537,237
537,238
537,239
537,240
537,241
537,242
537,243
537,244
537,245
537,246
537,247
537,248
537,249
537,250
537,251
537,252
537,253
537,254
537,255
537,256
537,257
537,258
537,259
537,260
537,261
537,262
537,263
537,264
537,265
537,266
537,267
537,268
537,269
537,270
537,271
537,272
537,273
537,502
537,503
537,504
537,505
537,506
537,507
537,508
537,509
537,510
537,511
537,512
537,513
537,514
537,515
537,516
537,517
537,518
537,519
537,520
537,521
537,522
537,523
537,524
537,525
537,526
537,527
537,528
537,529
537,530
537,531
537,532
537,533
537,534
537,535
537,536
537,537
537,538
537,539
537,540
537,541
537,542
537,543
537,544
537,545
537,546
537,547
537,548
537,549
537,550
537,551
537,552
537,553
537,554
537,555
537,556
537,557
537,558
538,148
538,149
538,150
538,151
538,152
538,153
538,154
538,155
538,156
538,157
538,158
538,159
538,160
538,161
538,162
538,163
538,164
538,165
538,166
538,167
538,168
538,169
538,170
538,171
538,172
538,173
538,174
538,175
538,176
538,177
538,178
538,179
538,180
538,181
538,182
538,183
538,184
538,185
538,186
538,187
538,188
538,189
538,190
538,191
538,192
538,193
538,194
538,195
538,196
538,197
538,198
538,199
538,200
538,201
538,202
538,203
538,204
538,205
538,206
538,207
538,208
538,209
538,210
538,211
538,212
538,213
538,214
538,215
538,216
538,217
538,218
538,219
538,220
538,221
538,222
538,223
538,224
538,225
538,226
538,227
538,228
538,229
538,230
538,231
538,232
538,233
538,234
538,235
538,236
538,237
538,238
538,239
538,240
538,241
538,242
538,243
538,244
538,245
538,246
538,247
538,248
538,249
538,250
538,251
538,252
538,253
538,254
538,255
538,256
538,257
538,258
538,259
538,260
538,261
538,262
538,263
538,264
538,265
538,266
538,267
538,268
538,269
538,270
538,271
538,272
538,273
538,503
538,504
538,505
538,506
538,507
538,508
538,509
538,510
538,511
538,512
538,513
538,514
538,515
538,516
538,517
538,518
538,519
538,520
538,521
538,522
538,523
538,524
538,525
538,526
538,527
538,528
538,529
538,530
538,531
538,532
538,533
538,534
538,535
538,536
538,537
538,538
538,539
538,540
538,541
538,542
538,543
538,544
538,545
538,546
538,547
538,548
538,549
538,550
538,551
538,552
538,553
538,554
538,555
538,556
538,557
538,558
539,148
539,149
539,150
539,151
539,152
539,153
539,154
539,155
539,156
539,157
539,158
539,159
539,160
539,161
539,162
539,163
539,164
539,165
539,166
539,167
539,168
539,169
539,170
539,171
539,172
539,173
539,174
539,175
539,176
539,177
539,178
539,179
539,180
539,181
539,182
539,183
539,184
539,185
539,186
539,187
539,188
539,189
539,190
539,191
539,192
539,193
539,194
539,195
539,196
539,197
539,198
539,199
539,200
539,201
539,202
539,203
539,204
539,205
539,206
539,207
539,208
539,209
539,210
539,211
539,212
539,213
539,214
539,215
539,216
539,217
539,218
539,219
539,220
539,221
539,222
539,223
539,224
539,225
539,226
539,227
539,228
539,229
539,230
539,231
539,232
539,233
539,234
539,235
539,236
539,237
539,238
539,239
539,240
539,241
539,242
539,243
539,244
539,245
539,246
539,247
539,248
539,249
539,250
539,251
539,252
539,253
539,254
539,255
539,256
539,257
539,258
539,259
539,260
539,261
539,262
539,263
539,264
539,265
539,266
539,267
539,268
539,269
539,270
539,271
539,272
539,505
539,506
539,507
539,508
539,509
539,510
539,511
539,512
539,513
539,514
539,515
539,516
539,517
539,518
539,519
539,520
539,521
539,522
539,523
539,524
539,525
539,526
539,527
539,528
539,529
539,530
539,531
539,532
539,533
539,534
539,535
539,536
539,537
539,538
539,539
539,540
539,541
539,542
539,543
539,544
539,545
539,546
539,547
539,548
539,549
539,550
539,551
539,552
539,553
539,554
539,555
539,556
539,557
540,147
540,148
540,149
540,150
540,151
540,152
540,153
540,154
540,155
540,156
540,157
540,158
540,159
540,160
540,161
540,162
540,163
540,164
540,165
540,166
540,167
540,168
540,169
540,170
540,171
540,172
540,173
540,174
540,175
540,176
540,177
540,178
540,179
540,180
540,181
540,182
540,183
540,184
540,185
540,186
540,187
540,188
540,189
540,190
540,191
540,192
540,193
540,194
540,195
540,196
540,197
540,198
540,199
540,200
540,201
540,202
540,203
540,204
540,205
540,206
540,207
540,208
540,209
540,210
540,211
540,212
540,213
540,214
540,215
540,216
540,217
540,218
540,219
540,220
540,221
540,222
540,223
540,224
540,225
540,226
540,227
540,228
540,229
540,230
540,231
540,232
540,233
540,234
540,235
540,236
540,237
540,238
540,239
540,240
540,241
540,242
540,243
540,244
540,245
540,246
540,247
540,248
540,249
540,250
540,251
540,252
540,253
540,254
540,255
540,256
540,257
540,258
540,259
540,260
540,261
540,262
540,263
540,264
540,265
540,266
540,267
540,268
540,269
540,270
540,271
540,272
540,506
540,507
540,508
540,509
540,510
540,511
540,512
540,513
540,514
540,515
540,516
540,517
540,518
540,519
540,520
540,521
540,522
540,523
540,524
540,525
540,526
540,527
540,528
540,529
540,530
540,531
540,532
540,533
540,534
540,535
540,536
540,537
540,538
540,539
540,540
540,541
540,542
540,543
540,544
540,545
540,546
540,547
540,548
540,549
540,550
540,551
540,552
540,553
540,554
540,555
540,556
540,557
541,147
541,148
541,149
541,150
541,151
541,152
541,153
541,154
541,155
541,156
541,157
541,158
541,159
541,160
541,161
541,162
541,163
541,164
541,165
541,166
541,167
541,168
541,169
541,170
541,171
541,172
541,173
541,174
541,175
541,176
541,177
541,178
541,179
541,180
541,181
541,182
541,183
541,184
541,185
541,186
541,187
541,188
541,189
541,190
541,191
541,192
541,193
541,194
541,195
541,196
541,197
541,198
541,199
541,200
541,201
541,202
541,203
541,204
541,205
541,206
541,207
541,208
541,209
541,210
541,211
541,212
541,213
541,214
541,215
541,216
541,217
541,218
541,219
541,220
541,221
541,222
541,223
541,224
541,225
541,226
541,227
541,228
541,229
541,230
541,231
541,232
541,233
541,234
541,235
541,236
541,237
541,238
541,239
541,240
541,241
541,242
541,243
541,244
541,245
541,246
541,247
541,248
541,249
541,250
541,251
541,252
541,253
541,254
541,255
541,256
541,257
541,258
541,259
541,260
541,261
541,262
541,263
541,264
541,265
541,266
541,267
541,268
541,269
541,270
541,271
541,507
541,508
541,509
541,510
541,511
541,512
541,513
541,514
541,515
541,516
541,517
541,518
541,519
541,520
541,521
541,522
541,523
541,524
541,525
541,526
541,527
541,528
541,529
541,530
541,531
541,532
541,533
541,534
541,535
541,536
541,537
541,538
541,539
541,540
541,541
541,542
541,543
541,544
541,545
541,546
541,547
541,548
541,549
541,550
541,551
541,552
541,553
541,554
541,555
541,556
542,146
542,147
542,148
542,149
542,150
542,151
542,152
542,153
542,154
542,155
542,156
542,157
542,158
542,159
542,160
542,161
542,162
542,163
542,164
542,165
542,166
542,167
542,168
542,169
542,170
542,171
542,172
542,173
542,174
542,175
542,176
542,177
542,178
542,179
542,180
542,181
542,182
542,183
542,184
542,185
542,186
542,187
542,188
542,189
542,190
542,191
542,192
542,193
542,194
542,195
542,196
542,197
542,198
542,199
542,200
542,201
542,202
542,203
542,204
542,205
542,206
542,207
542,208
542,209
542,210
542,211
542,212
542,213
542,214
542,215
542,216
542,217
542,218
542,219
542,220
542,221
542,222
542,223
542,224
542,225
542,226
542,227
542,228
542,229
542,230
542,231
542,232
542,233
542,234
542,235
542,236
542,237
542,238
542,239
542,240
542,241
542,242
542,243
542,244
542,245
542,246
542,247
542,248
542,249
542,250
542,251
542,252
542,253
542,254
542,255
542,256
542,257
542,258
542,259
542,260
542,261
542,262
542,263
542,264
542,265
542,266
542,267
542,268
542,269
542,270
542,508
542,509
542,510
542,511
542,512
542,513
542,514
542,515
542,516
542,517
542,518
542,519
542,520
542,521
542,522
542,523
542,524
542,525
542,526
542,527
542,528
542,529
542,530
542,531
542,532
542,533
542,534
542,535
542,536
542,537
542,538
542,539
542,540
542,541
542,542
542,543
542,544
542,545
542,546
542,547
542,548
542,549
542,550
542,551
542,552
542,553
542,554
542,555
542,556
543,146
543,147
543,148
543,149
543,150
543,151
543,152
543,153
543,154
543,155
543,156
543,157
543,158
543,159
543,160
543,161
543,162
543,163
543,164
543,165
543,166
543,167
543,168
543,169
543,170
543,171
543,172
543,173
543,174
543,175
543,176
543,177
543,178
543,179
543,180
543,181
543,182
543,183
543,184
543,185
543,186
543,187
543,188
543,189
543,190
543,191
543,192
543,193
543,194
543,195
543,196
543,197
543,198
543,199
543,200
543,201
543,202
543,203
543,204
543,205
543,206
543,207
543,208
543,209
543,210
543,211
543,212
543,213
543,214
543,215
543,216
543,217
543,218
543,219
543,220
543,221
543,222
543,223
543,224
543,225
543,226
543,227
543,228
543,229
543,230
543,231
543,232
543,233
543,234
543,235
543,236
543,237
543,238
543,239
543,240
543,241
543,242
543,243
543,244
543,245
543,246
543,247
543,248
543,249
543,250
543,251
543,252
543,253
543,254
543,255
543,256
543,257
543,258
543,259
543,260
543,261
543,262
543,263
543,264
543,265
543,266
543,267
543,268
543,269
543,270
543,509
543,510
543,511
543,512
543,513
543,514
543,515
543,516
543,517
543,518
543,519
543,520
543,521
543,522
543,523
543,524
543,525
543,526
543,527
543,528
543,529
543,530
543,531
543,532
543,533
543,534
543,535
543,536
543,537
543,538
543,539
543,540
543,541
543,542
543,543
543,544
543,545
543,546
543,547
543,548
543,549
543,550
543,551
543,552
543,553
543,554
543,555
544,146
544,147
544,148
544,149
544,150
544,151
544,152
544,153
544,154
544,155
544,156
544,157
544,158
544,159
544,160
544,161
544,162
544,163
544,164
544,165
544,166
544,167
544,168
544,169
544,170
544,171
544,172
544,173
544,174
544,175
544,176
544,177
544,178
544,179
544,180
544,181
544,182
544,183
544,184
544,185
544,186
544,187
544,188
544,189
544,190
544,191
544,192
544,193
544,194
544,195
544,196
544,197
544,198
544,199
544,200
544,201
544,202
544,203
544,204
544,205
544,206
544,207
544,208
544,209
544,210
544,211
544,212
544,213
544,214
544,215
544,216
544,217
544,218
544,219
544,220
544,221
544,222
544,223
544,224
544,225
544,226
544,227
544,228
544,229
544,230
544,231
544,232
544,233
544,234
544,235
544,236
544,237
544,238
544,239
544,240
544,241
544,242
544,243
544,244
544,245
544,246
544,247
544,248
544,249
544,250
544,251
544,252
544,253
544,254
544,255
544,256
544,257
544,258
544,259
544,260
544,261
544,262
544,263
544,264
544,265
544,266
544,267
544,268
544,269
544,511
544,512
544,513
544,514
544,515
544,516
544,517
544,518
544,519
544,520
544,521
544,522
544,523
544,524
544,525
544,526
544,527
544,528
544,529
544,530
544,531
544,532
544,533
544,534
544,535
544,536
544,537
544,538
544,539
544,540
544,541
544,542
544,543
544,544
544,545
544,546
544,547
544,548
544,549
544,550
544,551
544,552
544,553
544,554
544,555
545,145
545,146
545,147
545,148
545,149
545,150
545,151
545,152
545,153
545,154
545,155
545,156
545,157
545,158
545,159
545,160
545,161
545,162
545,163
545,164
545,165
545,166
545,167
545,168
545,169
545,170
545,171
545,172
545,173
545,174
545,175
545,176
545,177
545,178
545,179
545,180
545,181
545,182
545,183
545,184
545,185
545,186
545,187
545,188
545,189
545,190
545,191
545,192
545,193
545,194
545,195
545,196
545,197
545,198
545,199
545,200
545,201
545,202
545,203
545,204
545,205
545,206
545,207
545,208
545,209
545,210
545,211
545,212
545,213
545,214
545,215
545,216
545,217
545,218
545,219
545,220
545,221
545,222
545,223
545,224
545,225
545,226
545,227
545,228
545,229
545,230
545,231
545,232
545,233
545,234
545,235
545,236
545,237
545,238
545,239
545,240
545,241
545,242
545,243
545,244
545,245
545,246
545,247
545,248
545,249
545,250
545,251
545,252
545,253
545,254
545,255
545,256
545,257
545,258
545,259
545,260
545,261
545,262
545,263
545,264
545,265
545,266
545,267
545,268
545,512
545,513
545,514
545,515
545,516
545,517
545,518
545,519
545,520
545,521
545,522
545,523
545,524
545,525
545,526
545,527
545,528
545,529
545,530
545,531
545,532
545,533
545,534
545,535
545,536
545,537
545,538
545,539
545,540
545,541
545,542
545,543
545,544
545,545
545,546
545,547
545,548
545,549
545,550
545,551
545,552
545,553
545,554
546,145
546,146
546,147
546,148
546,149
546,150
546,151
546,152
546,153
546,154
546,155
546,156
546,157
546,158
546,159
546,160
546,161
546,162
546,163
546,164
546,165
546,166
546,167
546,168
546,169
546,170
546,171
546,172
546,173
546,174
546,175
546,176
546,177
546,178
546,179
546,180
546,181
546,182
546,183
546,184
546,185
546,186
546,187
546,188
546,189
546,190
546,191
546,192
546,193
546,194
546,195
546,196
546,197
546,198
546,199
546,200
546,201
546,202
546,203
546,204
546,205
546,206
546,207
546,208
546,209
546,210
546,211
546,212
546,213
546,214
546,215
546,216
546,217
546,218
546,219
546,220
546,221
546,222
546,223
546,224
546,225
546,226
546,227
546,228
546,229
546,230
546,231
546,232
546,233
546,234
546,235
546,236
546,237
546,238
546,239
546,240
546,241
546,242
546,243
546,244
546,245
546,246
546,247
546,248
546,249
546,250
546,251
546,252
546,253
546,254
546,255
546,256
546,257
546,258
546,259
546,260
546,261
546,262
546,263
546,264
546,265
546,266
546,267
546,268
546,513
546,514
546,515
546,516
546,517
546,518
546,519
546,520
546,521
546,522
546,523
546,524
546,525
546,526
546,527
546,528
546,529
546,530
546,531
546,532
546,533
546,534
546,535
546,536
546,537
546,538
546,539
546,540
546,541
546,542
546,543
546,544
546,545
546,546
546,547
546,548
546,549
546,550
546,551
546,552
546,553
547,144
547,145
547,146
547,147
547,148
547,149
547,150
547,151
547,152
547,153
547,154
547,155
547,156
547,157
547,158
547,159
547,160
547,161
547,162
547,163
547,164
547,165
547,166
547,167
547,168
547,169
547,170
547,171
547,172
547,173
547,174
547,175
547,176
547,177
547,178
547,179
547,180
547,181
547,182
547,183
547,184
547,185
547,186
547,187
547,188
547,189
547,190
547,191
547,192
547,193
547,194
547,195
547,196
547,197
547,198
547,199
547,200
547,201
547,202
547,203
547,204
547,205
547,206
547,207
547,208
547,209
547,210
547,211
547,212
547,213
547,214
547,215
547,216
547,217
547,218
547,219
547,220
547,221
547,222
547,223
547,224
547,225
547,226
547,227
547,228
547,229
547,230
547,231
547,232
547,233
547,234
547,235
547,236
547,237
547,238
547,239
547,240
547,241
547,242
547,243
547,244
547,245
547,246
547,247
547,248
547,249
547,250
547,251
547,252
547,253
547,254
547,255
547,256
547,257
547,258
547,259
547,260
547,261
547,262
547,263
547,264
547,265
547,266
547,267
547,514
547,515
547,516
547,517
547,518
547,519
547,520
547,521
547,522
547,523
547,524
547,525
547,526
547,527
547,528
547,529
547,530
547,531
547,532
547,533
547,534
547,535
547,536
547,537
547,538
547,539
547,540
547,541
547,542
547,543
547,544
547,545
547,546
547,547
547,548
547,549
547,550
547,551
547,552
548,144
548,145
548,146
548,147
548,148
548,149
548,150
548,151
548,152
548,153
548,154
548,155
548,156
548,157
548,158
548,159
548,160
548,161
548,162
548,163
548,164
548,165
548,166
548,167
548,168
548,169
548,170
548,171
548,172
548,173
548,174
548,175
548,176
548,177
548,178
548,179
548,180
548,181
548,182
548,183
548,184
548,185
548,186
548,187
548,188
548,189
548,190
548,191
548,192
548,193
548,194
548,195
548,196
548,197
548,198
548,199
548,200
548,201
548,202
548,203
548,204
548,205
548,206
548,207
548,208
548,209
548,210
548,211
548,212
548,213
548,214
548,215
548,216
548,217
548,218
548,219
548,220
548,221
548,222
548,223
548,224
548,225
548,226
548,227
548,228
548,229
548,230
548,231
548,232
548,233
548,234
548,235
548,236
548,237
548,238
548,239
548,240
548,241
548,242
548,243
548,244
548,245
548,246
548,247
548,248
548,249
548,250
548,251
548,252
548,253
548,254
548,255
548,256
548,257
548,258
548,259
548,260
548,261
548,262
548,263
548,264
548,265
548,266
548,267
548,515
548,516
548,517
548,518
548,519
548,520
548,521
548,522
548,523
548,524
548,525
548,526
548,527
548,528
548,529
548,530
548,531
548,532
548,533
548,534
548,535
548,536
548,537
548,538
548,539
548,540
548,541
548,542
548,543
548,544
548,545
548,546
548,547
548,548
548,549
548,550
548,551
549,143
549,144
549,145
549,146
549,147
549,148
549,149
549,150
549,151
549,152
549,153
549,154
549,155
549,156
549,157
549,158
549,159
549,160
549,161
549,162
549,163
549,164
549,165
549,166
549,167
549,168
549,169
549,170
549,171
549,172
549,173
549,174
549,175
549,176
549,177
549,178
549,179
549,180
549,181
549,182
549,183
549,184
549,185
549,186
549,187
549,188
549,189
549,190
549,191
549,192
549,193
549,194
549,195
549,196
549,197
549,198
549,199
549,200
549,201
549,202
549,203
549,204
549,205
549,206
549,207
549,208
549,209
549,210
549,211
549,212
549,213
549,214
549,215
549,216
549,217
549,218
549,219
549,220
549,221
549,222
549,223
549,224
549,225
549,226
549,227
549,228
549,229
549,230
549,231
549,232
549,233
549,234
549,235
549,236
549,237
549,238
549,239
549,240
549,241
549,242
549,243
549,244
549,245
549,246
549,247
549,248
549,249
549,250
549,251
549,252
549,253
549,254
549,255
549,256
549,257
549,258
549,259
549,260
549,261
549,262
549,263
549,264
549,265
549,266
549,517
549,518
549,519
549,520
549,521
549,522
549,523
549,524
549,525
549,526
549,527
549,528
549,529
549,530
549,531
549,532
549,533
549,534
549,535
549,536
549,537
549,538
549,539
549,540
549,541
549,542
549,543
549,544
549,545
549,546
549,547
549,548
549,549
549,550
550,143
550,144
550,145
550,146
550,147
550,148
550,149
550,150
550,151
550,152
550,153
550,154
550,155
550,156
550,157
550,158
550,159
550,160
550,161
550,162
550,163
550,164
550,165
550,166
550,167
550,168
550,169
550,170
550,171
550,172
550,173
550,174
550,175
550,176
550,177
550,178
550,179
550,180
550,181
550,182
550,183
550,184
550,185
550,186
550,187
550,188
550,189
550,190
550,191
550,192
550,193
550,194
550,195
550,196
550,197
550,198
550,199
550,200
550,201
550,202
550,203
550,204
550,205
550,206
550,207
550,208
550,209
550,210
550,211
550,212
550,213
550,214
550,215
550,216
550,217
550,218
550,219
550,220
550,221
550,222
550,223
550,224
550,225
550,226
550,227
550,228
550,229
550,230
550,231
550,232
550,233
550,234
550,235
550,236
550,237
550,238
550,239
550,240
550,241
550,242
550,243
550,244
550,245
550,246
550,247
550,248
550,249
550,250
550,251
550,252
550,253
550,254
550,255
550,256
550,257
550,258
550,259
550,260
550,261
550,262
550,263
550,264
550,265
550,518
550,519
550,520
550,521
550,522
550,523
550,524
550,525
550,526
550,527
550,528
550,529
550,530
550,531
550,532
550,533
550,534
550,535
550,536
550,537
550,538
550,539
550,540
550,541
550,542
550,543
550,544
550,545
550,546
550,547
550,548
550,549
551,143
551,144
551,145
551,146
551,147
551,148
551,149
551,150
551,151
551,152
551,153
551,154
551,155
551,156
551,157
551,158
551,159
551,160
551,161
551,162
551,163
551,164
551,165
551,166
551,167
551,168
551,169
551,170
551,171
551,172
551,173
551,174
551,175
551,176
551,177
551,178
551,179
551,180
551,181
551,182
551,183
551,184
551,185
551,186
551,187
551,188
551,189
551,190
551,191
551,192
551,193
551,194
551,195
551,196
551,197
551,198
551,199
551,200
551,201
551,202
551,203
551,204
551,205
551,206
551,207
551,208
551,209
551,210
551,211
551,212
551,213
551,214
551,215
551,216
551,217
551,218
551,219
551,220
551,221
551,222
551,223
551,224
551,225
551,226
551,227
551,228
551,229
551,230
551,231
551,232
551,233
551,234
551,235
551,236
551,237
551,238
551,239
551,240
551,241
551,242
551,243
551,244
551,245
551,246
551,247
551,248
551,249
551,250
551,251
551,252
551,253
551,254
551,255
551,256
551,257
551,258
551,259
551,260
551,261
551,262
551,263
551,264
551,265
551,520
551,521
551,522
551,523
551,524
551,525
551,526
551,527
551,528
551,529
551,530
551,531
551,532
551,533
551,534
551,535
551,536
551,537
551,538
551,539
551,540
551,541
551,542
551,543
551,544
551,545
551,546
551,547
551,548
552,142
552,143
552,144
552,145
552,146
552,147
552,148
552,149
552,150
552,151
552,152
552,153
552,154
552,155
552,156
552,157
552,158
552,159
552,160
552,161
552,162
552,163
552,164
552,165
552,166
552,167
552,168
552,169
552,170
552,171
552,172
552,173
552,174
552,175
552,176
552,177
552,178
552,179
552,180
552,181
552,182
552,183
552,184
552,185
552,186
552,187
552,188
552,189
552,190
552,191
552,192
552,193
552,194
552,195
552,196
552,197
552,198
552,199
552,200
552,201
552,202
552,203
552,204
552,205
552,206
552,207
552,208
552,209
552,210
552,211
552,212
552,213
552,214
552,215
552,216
552,217
552,218
552,219
552,220
552,221
552,222
552,223
552,224
552,225
552,226
552,227
552,228
552,229
552,230
552,231
552,232
552,233
552,234
552,235
552,236
552,237
552,238
552,239
552,240
552,241
552,242
552,243
552,244
552,245
552,246
552,247
552,248
552,249
552,250
552,251
552,252
552,253
552,254
552,255
552,256
552,257
552,258
552,259
552,260
552,261
552,262
552,263
552,264
552,522
552,523
552,524
552,525
552,526
552,527
552,528
552,529
552,530
552,531
552,532
552,533
552,534
552,535
552,536
552,537
552,538
552,539
552,540
552,541
552,542
552,543
552,544
552,545
552,546
552,547
553,142
553,143
553,144
553,145
553,146
553,147
553,148
553,149
553,150
553,151
553,152
553,153
553,154
553,155
553,156
553,157
553,158
553,159
553,160
553,161
553,162
553,163
553,164
553,165
553,166
553,167
553,168
553,169
553,170
553,171
553,172
553,173
553,174
553,175
553,176
553,177
553,178
553,179
553,180
553,181
553,182
553,183
553,184
553,185
553,186
553,187
553,188
553,189
553,190
553,191
553,192
553,193
553,194
553,195
553,196
553,197
553,198
553,199
553,200
553,201
553,202
553,203
553,204
553,205
553,206
553,207
553,208
553,209
553,210
553,211
553,212
553,213
553,214
553,215
553,216
553,217
553,218
553,219
553,220
553,221
553,222
553,223
553,224
553,225
553,226
553,227
553,228
553,229
553,230
553,231
553,232
553,233
553,234
553,235
553,236
553,237
553,238
553,239
553,240
553,241
553,242
553,243
553,244
553,245
553,246
553,247
553,248
553,249
553,250
553,251
553,252
553,253
553,254
553,255
553,256
553,257
553,258
553,259
553,260
553,261
553,262
553,263
553,524
553,525
553,526
553,527
553,528
553,529
553,530
553,531
553,532
553,533
553,534
553,535
553,536
553,537
553,538
553,539
553,540
553,541
553,542
553,543
553,544
553,545
554,141
554,142
554,143
554,144
554,145
554,146
554,147
554,148
554,149
554,150
554,151
554,152
554,153
554,154
554,155
554,156
554,157
554,158
554,159
554,160
554,161
554,162
554,163
554,164
554,165
554,166
554,167
554,168
554,169
554,170
554,171
554,172
554,173
554,174
554,175
554,176
554,177
554,178
554,179
554,180
554,181
554,182
554,183
554,184
554,185
554,186
554,187
554,188
554,189
554,190
554,191
554,192
554,193
554,194
554,195
554,196
554,197
554,198
554,199
554,200
554,201
554,202
554,203
554,204
554,205
554,206
554,207
554,208
554,209
554,210
554,211
554,212
554,213
554,214
554,215
554,216
554,217
554,218
554,219
554,220
554,221
554,222
554,223
554,224
554,225
554,226
554,227
554,228
554,229
554,230
554,231
554,232
554,233
554,234
554,235
554,236
554,237
554,238
554,239
554,240
554,241
554,242
554,243
554,244
554,245
554,246
554,247
554,248
554,249
554,250
554,251
554,252
554,253
554,254
554,255
554,256
554,257
554,258
554,259
554,260
554,261
554,262
554,263
554,526
554,527
554,528
554,529
554,530
554,531
554,532
554,533
554,534
554,535
554,536
554,537
554,538
554,539
554,540
554,541
554,542
554,543
554,544
555,141
555,142
555,143
555,144
555,145
555,146
555,147
555,148
555,149
555,150
555,151
555,152
555,153
555,154
555,155
555,156
555,157
555,158
555,159
555,160
555,161
555,162
555,163
555,164
555,165
555,166
555,167
555,168
555,169
555,170
555,171
555,172
555,173
555,174
555,175
555,176
555,177
555,178
555,179
555,180
555,181
555,182
555,183
555,184
555,185
555,186
555,187
555,188
555,189
555,190
555,191
555,192
555,193
555,194
555,195
555,196
555,197
555,198
555,199
555,200
555,201
555,202
555,203
555,204
555,205
555,206
555,207
555,208
555,209
555,210
555,211
555,212
555,213
555,214
555,215
555,216
555,217
555,218
555,219
555,220
555,221
555,222
555,223
555,224
555,225
555,226
555,227
555,228
555,229
555,230
555,231
555,232
555,233
555,234
555,235
555,236
555,237
555,238
555,239
555,240
555,241
555,242
555,243
555,244
555,245
555,246
555,247
555,248
555,249
555,250
555,251
555,252
555,253
555,254
555,255
555,256
555,257
555,258
555,259
555,260
555,261
555,262
555,528
555,529
555,530
555,531
555,532
555,533
555,534
555,535
555,536
555,537
555,538
555,539
555,540
555,541
555,542
555,543
556,141
556,142
556,143
556,144
556,145
556,146
556,147
556,148
556,149
556,150
556,151
556,152
556,153
556,154
556,155
556,156
556,157
556,158
556,159
556,160
556,161
556,162
556,163
556,164
556,165
556,166
556,167
556,168
556,169
556,170
556,171
556,172
556,173
556,174
556,175
556,176
556,177
556,178
556,179
556,180
556,181
556,182
556,183
556,184
556,185
556,186
556,187
556,188
556,189
556,190
556,191
556,192
556,193
556,194
556,195
556,196
556,197
556,198
556,199
556,200
556,201
556,202
556,203
556,204
556,205
556,206
556,207
556,208
556,209
556,210
556,211
556,212
556,213
556,214
556,215
556,216
556,217
556,218
556,219
556,220
556,221
556,222
556,223
556,224
556,225
556,226
556,227
556,228
556,229
556,230
556,231
556,232
556,233
556,234
556,235
556,236
556,237
556,238
556,239
556,240
556,241
556,242
556,243
556,244
556,245
556,246
556,247
556,248
556,249
556,250
556,251
556,252
556,253
556,254
556,255
556,256
556,257
556,258
556,259
556,260
556,261
556,530
556,531
556,532
556,533
556,534
556,535
556,536
556,537
556,538
556,539
556,540
556,541
556,542
557,140
557,141
557,142
557,143
557,144
557,145
557,146
557,147
557,148
557,149
557,150
557,151
557,152
557,153
557,154
557,155
557,156
557,157
557,158
557,159
557,160
557,161
557,162
557,163
557,164
557,165
557,166
557,167
557,168
557,169
557,170
557,171
557,172
557,173
557,174
557,175
557,176
557,177
557,178
557,179
557,180
557,181
557,182
557,183
557,184
557,185
557,186
557,187
557,188
557,189
557,190
557,191
557,192
557,193
557,194
557,195
557,196
557,197
557,198
557,199
557,200
557,201
557,202
557,203
557,204
557,205
557,206
557,207
557,208
557,209
557,210
557,211
557,212
557,213
557,214
557,215
557,216
557,217
557,218
557,219
557,220
557,231
557,232
557,233
557,234
557,235
557,236
557,237
557,238
557,239
557,240
557,241
557,242
557,243
557,244
557,245
557,246
557,247
557,248
557,249
557,250
557,251
557,252
557,253
557,254
557,255
557,256
557,257
557,258
557,259
557,260
557,261
557,532
557,533
557,534
557,535
557,536
557,537
557,538
557,539
557,540
557,541
558,140
558,141
558,142
558,143
558,144
558,145
558,146
558,147
558,148
558,149
558,150
558,151
558,152
558,153
558,154
558,155
558,156
558,157
558,158
558,159
558,160
558,161
558,162
558,163
558,164
558,165
558,166
558,167
558,168
558,169
558,170
558,171
558,172
558,173
558,174
558,175
558,176
558,177
558,178
558,179
558,180
558,181
558,182
558,183
558,184
558,185
558,186
558,187
558,188
558,189
558,190
558,191
558,192
558,193
558,194
558,195
558,196
558,197
558,198
558,199
558,200
558,201
558,202
558,203
558,204
558,205
558,206
558,207
558,208
558,209
558,210
558,211
558,212
558,213
558,214
558,215
558,216
558,217
558,240
558,241
558,242
558,243
558,244
558,245
558,246
558,247
558,248
558,249
558,250
558,251
558,252
558,253
558,254
558,255
558,256
558,257
558,258
558,259
558,260
558,534
558,535
558,536
558,537
558,538
558,539
558,540
559,98
559,99
559,139
559,140
559,141
559,142
559,143
559,144
559,145
559,146
559,147
559,148
559,149
559,150
559,151
559,152
559,153
559,154
559,155
559,156
559,157
559,158
559,159
559,160
559,161
559,162
559,163
559,164
559,165
559,166
559,167
559,168
559,169
559,170
559,171
559,172
559,173
559,174
559,175
559,176
559,177
559,178
559,179
559,180
559,181
559,182
559,183
559,184
559,185
559,186
559,187
559,188
559,189
559,190
559,191
559,192
559,193
559,194
559,195
559,196
559,197
559,198
559,199
559,200
559,201
559,202
559,203
559,204
559,205
559,206
559,207
559,208
559,209
559,210
559,211
559,212
559,213
559,214
559,242
559,243
559,244
559,245
559,246
559,247
559,248
559,249
559,250
559,251
559,252
559,253
559,254
559,255
559,256
559,257
559,258
559,259
559,536
559,537
559,538
559,539
560,98
560,99
560,100
560,101
560,139
560,140
560,141
560,142
560,143
560,144
560,145
560,146
560,147
560,148
560,149
560,150
560,151
560,152
560,153
560,154
560,155
560,156
560,157
560,158
560,159
560,160
560,161
560,162
560,163
560,164
560,165
560,166
560,167
560,168
560,169
560,170
560,171
560,172
560,173
560,174
560,175
560,176
560,177
560,178
560,179
560,180
560,181
560,182
560,183
560,184
560,185
560,186
560,187
560,188
560,189
560,190
560,191
560,192
560,193
560,194
560,195
560,196
560,197
560,198
560,199
560,200
560,201
560,202
560,203
560,204
560,205
560,206
560,207
560,208
560,209
560,210
560,211
560,244
560,245
560,246
560,247
560,248
560,249
560,250
560,251
560,252
560,253
560,254
560,255
560,256
560,257
560,258
560,259
560,427
560,428
560,429
560,430
560,538
561,97
561,98
561,99
561,100
561,101
561,102
561,103
561,104
561,139
561,140
561,141
561,142
561,143
561,144
561,145
561,146
561,147
561,148
561,149
561,150
561,151
561,152
561,153
561,154
561,155
561,156
561,157
561,158
561,159
561,160
561,161
561,162
561,163
561,164
561,165
561,166
561,167
561,168
561,169
561,170
561,171
561,172
561,173
561,174
561,175
561,176
561,177
561,178
561,179
561,180
561,181
561,182
561,183
561,184
561,185
561,186
561,187
561,188
561,189
561,190
561,191
561,192
561,193
561,194
561,195
561,196
561,197
561,198
561,199
561,200
561,201
561,202
561,203
561,204
561,205
561,206
561,207
561,208
561,246
561,247
561,248
561,249
561,250
561,251
561,252
561,253
561,254
561,255
561,256
561,257
561,258
561,424
561,425
561,426
561,427
561,428
561,429
561,430
561,431
561,432
561,433
561,434
561,435
562,97
562,98
562,99
562,100
562,101
562,102
562,103
562,104
562,105
562,106
562,138
562,139
562,140
562,141
562,142
562,143
562,144
562,145
562,146
562,147
562,148
562,149
562,150
562,151
562,152
562,153
562,154
562,155
562,156
562,157
562,158
562,159
562,160
562,161
562,162
562,163
562,164
562,165
562,166
562,167
562,168
562,169
562,170
562,171
562,172
562,173
562,174
562,175
562,176
562,177
562,178
562,179
562,180
562,181
562,182
562,183
562,184
562,185
562,186
562,187
562,188
562,189
562,190
562,191
562,192
562,193
562,194
562,195
562,196
562,197
562,198
562,199
562,200
562,201
562,202
562,203
562,204
562,205
562,248
562,249
562,250
562,251
562,252
562,253
562,254
562,255
562,256
562,257
562,258
562,422
562,423
562,424
562,425
562,426
562,427
562,428
562,429
562,430
562,431
562,432
562,433
562,434
562,435
562,436
562,437
562,438
563,96
563,97
563,98
563,99
563,100
563,101
563,102
563,103
563,104
563,105
563,106
563,107
563,108
563,138
563,139
563,140
563,141
563,142
563,143
563,144
563,145
563,146
563,147
563,148
563,149
563,150
563,151
563,152
563,153
563,154
563,155
563,156
563,157
563,158
563,159
563,160
563,161
563,162
563,163
563,164
563,165
563,166
563,167
563,168
563,169
563,170
563,171
563,172
563,173
563,174
563,175
563,176
563,177
563,178
563,179
563,180
563,181
563,182
563,183
563,184
563,185
563,186
563,187
563,188
563,189
563,190
563,191
563,192
563,193
563,194
563,195
563,196
563,197
563,198
563,199
563,200
563,201
563,202
563,203
563,249
563,250
563,251
563,252
563,253
563,254
563,255
563,256
563,257
563,420
563,421
563,422
563,423
563,424
563,425
563,426
563,427
563,428
563,429
563,430
563,431
563,432
563,433
563,434
563,435
563,436
563,437
563,438
563,439
564,96
564,97
564,98
564,99
564,100
564,101
564,102
564,103
564,104
564,105
564,106
564,107
564,108
564,109
564,110
564,111
564,137
564,138
564,139
564,140
564,141
564,142
564,143
564,144
564,145
564,146
564,147
564,148
564,149
564,150
564,151
564,152
564,153
564,154
564,155
564,156
564,157
564,158
564,159
564,160
564,161
564,162
564,163
564,164
564,165
564,166
564,167
564,168
564,169
564,170
564,171
564,172
564,173
564,174
564,175
564,176
564,177
564,178
564,179
564,180
564,181
564,182
564,183
564,184
564,185
564,186
564,187
564,188
564,189
564,190
564,191
564,192
564,193
564,194
564,195
564,196
564,197
564,198
564,199
564,200
564,201
564,202
564,251
564,252
564,253
564,254
564,255
564,256
564,419
564,420
564,421
564,422
564,423
564,424
564,425
564,426
564,427
564,428
564,429
564,430
564,431
564,432
564,433
564,434
564,435
564,436
564,437
564,438
564,439
564,440
565,96
565,97
565,98
565,99
565,100
565,101
565,102
565,103
565,104
565,105
565,106
565,107
565,108
565,109
565,110
565,111
565,112
565,113
565,137
565,138
565,139
565,140
565,141
565,142
565,143
565,144
565,145
565,146
565,147
565,148
565,149
565,150
565,151
565,152
565,153
565,154
565,155
565,156
565,157
565,158
565,159
565,160
565,161
565,162
565,163
565,164
565,165
565,166
565,167
565,168
565,169
565,170
565,171
565,172
565,173
565,174
565,175
565,176
565,177
565,178
565,179
565,180
565,181
565,182
565,183
565,184
565,185
565,186
565,187
565,188
565,189
565,190
565,191
565,192
565,193
565,194
565,195
565,196
565,197
565,198
565,199
565,200
565,201
565,253
565,254
565,255
565,256
565,419
565,420
565,421
565,422
565,423
565,424
565,425
565,426
565,427
565,428
565,429
565,430
565,431
565,432
565,433
565,434
565,435
565,436
565,437
565,438
565,439
565,440
565,441
566,95
566,96
566,97
566,98
566,99
566,100
566,101
566,102
566,103
566,104
566,105
566,106
566,107
566,108
566,109
566,110
566,111
566,112
566,113
566,114
566,115
566,116
566,137
566,138
566,139
566,140
566,141
566,142
566,143
566,144
566,145
566,146
566,147
566,148
566,149
566,150
566,151
566,152
566,153
566,154
566,155
566,156
566,157
566,158
566,159
566,160
566,161
566,162
566,163
566,164
566,165
566,166
566,167
566,168
566,169
566,170
566,171
566,172
566,173
566,174
566,175
566,176
566,177
566,178
566,179
566,180
566,181
566,182
566,183
566,184
566,185
566,186
566,187
566,188
566,189
566,190
566,191
566,192
566,193
566,194
566,195
566,196
566,197
566,198
566,199
566,255
566,418
566,419
566,420
566,421
566,422
566,423
566,424
566,425
566,426
566,427
566,428
566,429
566,430
566,431
566,432
566,433
566,434
566,435
566,436
566,437
566,438
566,439
566,440
566,441
566,442
567,95
567,96
567,97
567,98
567,99
567,100
567,101
567,102
567,103
567,104
567,105
567,106
567,107
567,108
567,109
567,110
567,111
567,112
567,113
567,114
567,115
567,116
567,117
567,118
567,136
567,137
567,138
567,139
567,140
567,141
567,142
567,143
567,144
567,145
567,146
567,147
567,148
567,149
567,150
567,151
567,152
567,153
567,154
567,155
567,156
567,157
567,158
567,159
567,160
567,161
567,162
567,163
567,164
567,165
567,166
567,167
567,168
567,169
567,170
567,171
567,172
567,173
567,174
567,175
567,176
567,177
567,178
567,179
567,180
567,181
567,182
567,183
567,184
567,185
567,186
567,187
567,188
567,189
567,190
567,191
567,192
567,193
567,194
567,195
567,196
567,197
567,198
567,417
567,418
567,419
567,420
567,421
567,422
567,423
567,424
567,425
567,426
567,427
567,428
567,429
567,430
567,431
567,432
567,433
567,434
567,435
567,436
567,437
567,438
567,439
567,440
567,441
567,442
567,443
568,94
568,95
568,96
568,97
568,98
568,99
568,100
568,101
568,102
568,103
568,104
568,105
568,106
568,107
568,108
568,109
568,110
568,111
568,112
568,113
568,114
568,115
568,116
568,117
568,118
568,119
568,120
568,136
568,137
568,138
568,139
568,140
568,141
568,142
568,143
568,144
568,145
568,146
568,147
568,148
568,149
568,150
568,151
568,152
568,153
568,154
568,155
568,156
568,157
568,158
568,159
568,160
568,161
568,162
568,163
568,164
568,165
568,166
568,167
568,168
568,169
568,170
568,171
568,172
568,173
568,174
568,175
568,176
568,177
568,178
568,179
568,180
568,181
568,182
568,183
568,184
568,185
568,186
568,187
568,188
568,189
568,190
568,191
568,192
568,193
568,194
568,195
568,196
568,197
568,417
568,418
568,419
568,420
568,421
568,422
568,423
568,424
568,425
568,426
568,427
568,428
568,429
568,430
568,431
568,432
568,433
568,434
568,435
568,436
568,437
568,438
568,439
568,440
568,441
568,442
568,443
568,444
569,94
569,95
569,96
569,97
569,98
569,99
569,100
569,101
569,102
569,103
569,104
569,105
569,106
569,107
569,108
569,109
569,110
569,111
569,112
569,113
569,114
569,115
569,116
569,117
569,118
569,119
569,120
569,135
569,136
569,137
569,138
569,139
569,140
569,141
569,142
569,143
569,144
569,145
569,146
569,147
569,148
569,149
569,150
569,151
569,152
569,153
569,154
569,155
569,156
569,157
569,158
569,159
569,160
569,161
569,162
569,163
569,164
569,165
569,166
569,167
569,168
569,169
569,170
569,171
569,172
569,173
569,174
569,175
569,176
569,177
569,178
569,179
569,180
569,181
569,182
569,183
569,184
569,185
569,186
569,187
569,188
569,189
569,190
569,191
569,192
569,193
569,194
569,195
569,196
569,416
569,417
569,418
569,419
569,420
569,421
569,422
569,423
569,424
569,425
569,426
569,427
569,428
569,429
569,430
569,431
569,432
569,433
569,434
569,435
569,436
569,437
569,438
569,439
569,440
569,441
569,442
569,443
569,444
569,445
570,93
570,94
570,95
570,96
570,97
570,98
570,99
570,100
570,101
570,102
570,103
570,104
570,105
570,106
570,107
570,108
570,109
570,110
570,111
570,112
570,113
570,114
570,115
570,116
570,117
570,118
570,119
570,135
570,136
570,137
570,138
570,139
570,140
570,141
570,142
570,143
570,144
570,145
570,146
570,147
570,148
570,149
570,150
570,151
570,152
570,153
570,154
570,155
570,156
570,157
570,158
570,159
570,160
570,161
570,162
570,163
570,164
570,165
570,166
570,167
570,168
570,169
570,170
570,171
570,172
570,173
570,174
570,175
570,176
570,177
570,178
570,179
570,180
570,181
570,182
570,183
570,184
570,185
570,186
570,187
570,188
570,189
570,190
570,191
570,192
570,193
570,194
570,195
570,415
570,416
570,417
570,418
570,419
570,420
570,421
570,422
570,423
570,424
570,425
570,426
570,427
570,428
570,429
570,430
570,431
570,432
570,433
570,434
570,435
570,436
570,437
570,438
570,439
570,440
570,441
570,442
570,443
570,444
570,445
571,93
571,94
571,95
571,96
571,97
571,98
571,99
571,100
571,101
571,102
571,103
571,104
571,105
571,106
571,107
571,108
571,109
571,110
571,111
571,112
571,113
571,114
571,115
571,116
571,117
571,118
571,119
571,134
571,135
571,136
571,137
571,138
571,139
571,140
571,141
571,142
571,143
571,144
571,145
571,146
571,147
571,148
571,149
571,150
571,151
571,152
571,153
571,154
571,155
571,156
571,157
571,158
571,159
571,160
571,161
571,162
571,163
571,164
571,165
571,166
571,167
571,168
571,169
571,170
571,171
571,172
571,173
571,174
571,175
571,176
571,177
571,178
571,179
571,180
571,181
571,182
571,183
571,184
571,185
571,186
571,187
571,188
571,189
571,190
571,191
571,192
571,193
571,194
571,414
571,415
571,416
571,417
571,418
571,419
571,420
571,421
571,422
571,423
571,424
571,425
571,426
571,427
571,428
571,429
571,430
571,431
571,432
571,433
571,434
571,435
571,436
571,437
571,438
571,439
571,440
571,441
571,442
571,443
571,444
571,445
571,446
572,93
572,94
572,95
572,96
572,97
572,98
572,99
572,100
572,101
572,102
572,103
572,104
572,105
572,106
572,107
572,108
572,109
572,110
572,111
572,112
572,113
572,114
572,115
572,116
572,117
572,118
572,134
572,135
572,136
572,137
572,138
572,139
572,140
572,141
572,142
572,143
572,144
572,145
572,146
572,147
572,148
572,149
572,150
572,151
572,152
572,153
572,154
572,155
572,156
572,157
572,158
572,159
572,160
572,161
572,162
572,163
572,164
572,165
572,166
572,167
572,168
572,169
572,170
572,171
572,172
572,173
572,174
572,175
572,176
572,177
572,178
572,179
572,180
572,181
572,182
572,183
572,184
572,185
572,186
572,187
572,188
572,189
572,190
572,191
572,192
572,413
572,414
572,415
572,416
572,417
572,418
572,419
572,420
572,421
572,422
572,423
572,424
572,425
572,426
572,427
572,428
572,429
572,430
572,431
572,432
572,433
572,434
572,435
572,436
572,437
572,438
572,439
572,440
572,441
572,442
572,443
572,444
572,445
572,446
572,511
573,92
573,93
573,94
573,95
573,96
573,97
573,98
573,99
573,100
573,101
573,102
573,103
573,104
573,105
573,106
573,107
573,108
573,109
573,110
573,111
573,112
573,113
573,114
573,115
573,116
573,117
573,118
573,134
573,135
573,136
573,137
573,138
573,139
573,140
573,141
573,142
573,143
573,144
573,145
573,146
573,147
573,148
573,149
573,150
573,151
573,152
573,153
573,154
573,155
573,156
573,157
573,158
573,159
573,160
573,161
573,162
573,163
573,164
573,165
573,166
573,167
573,168
573,169
573,170
573,171
573,172
573,173
573,174
573,175
573,176
573,177
573,178
573,179
573,180
573,181
573,182
573,183
573,184
573,185
573,186
573,187
573,188
573,189
573,190
573,191
573,412
573,413
573,414
573,415
573,416
573,417
573,418
573,419
573,420
573,421
573,422
573,423
573,424
573,425
573,426
573,427
573,428
573,429
573,430
573,431
573,432
573,433
573,434
573,435
573,436
573,437
573,438
573,439
573,440
573,441
573,442
573,443
573,444
573,445
573,446
573,447
573,509
573,510
573,511
573,512
574,92
574,93
574,94
574,95
574,96
574,97
574,98
574,99
574,100
574,101
574,102
574,103
574,104
574,105
574,106
574,107
574,108
574,109
574,110
574,111
574,112
574,113
574,114
574,115
574,116
574,117
574,118
574,133
574,134
574,135
574,136
574,137
574,138
574,139
574,140
574,141
574,142
574,143
574,144
574,145
574,146
574,147
574,148
574,149
574,150
574,151
574,152
574,153
574,154
574,155
574,156
574,157
574,158
574,159
574,160
574,161
574,162
574,163
574,164
574,165
574,166
574,167
574,168
574,169
574,170
574,171
574,172
574,173
574,174
574,175
574,176
574,177
574,178
574,179
574,180
574,181
574,182
574,183
574,184
574,185
574,186
574,187
574,188
574,189
574,190
574,412
574,413
574,414
574,415
574,416
574,417
574,418
574,419
574,420
574,421
574,422
574,423
574,424
574,425
574,426
574,427
574,428
574,429
574,430
574,431
574,432
574,433
574,434
574,435
574,436
574,437
574,438
574,439
574,440
574,441
574,442
574,443
574,444
574,445
574,446
574,447
574,507
574,508
574,509
574,510
574,511
574,512
574,513
575,91
575,92
575,93
575,94
575,95
575,96
575,97
575,98
575,99
575,100
575,101
575,102
575,103
575,104
575,105
575,106
575,107
575,108
575,109
575,110
575,111
575,112
575,113
575,114
575,115
575,116
575,117
575,133
575,134
575,135
575,136
575,137
575,138
575,139
575,140
575,141
575,142
575,143
575,144
575,145
575,146
575,147
575,148
575,149
575,150
575,151
575,152
575,153
575,154
575,155
575,156
575,157
575,158
575,159
575,160
575,161
575,162
575,163
575,164
575,165
575,166
575,167
575,168
575,169
575,170
575,171
575,172
575,173
575,174
575,175
575,176
575,177
575,178
575,179
575,180
575,181
575,182
575,183
575,184
575,185
575,186
575,187
575,188
575,189
575,190
575,412
575,413
575,414
575,415
575,416
575,417
575,418
575,419
575,420
575,421
575,422
575,423
575,424
575,425
575,426
575,427
575,428
575,429
575,430
575,431
575,432
575,433
575,434
575,435
575,436
575,437
575,438
575,439
575,440
575,441
575,442
575,443
575,444
575,445
575,446
575,447
575,506
575,507
575,508
575,509
575,510
575,511
575,512
575,513
575,514
576,91
576,92
576,93
576,94
576,95
576,96
576,97
576,98
576,99
576,100
576,101
576,102
576,103
576,104
576,105
576,106
576,107
576,108
576,109
576,110
576,111
576,112
576,113
576,114
576,115
576,116
576,117
576,132
576,133
576,134
576,135
576,136
576,137
576,138
576,139
576,140
576,141
576,142
576,143
576,144
576,145
576,146
576,147
576,148
576,149
576,150
576,151
576,152
576,153
576,154
576,155
576,156
576,157
576,158
576,159
576,160
576,161
576,162
576,163
576,164
576,165
576,166
576,167
576,168
576,169
576,170
576,171
576,172
576,173
576,174
576,175
576,176
576,177
576,178
576,179
576,180
576,181
576,182
576,183
576,184
576,185
576,186
576,187
576,188
576,189
576,411
576,412
576,413
576,414
576,415
576,416
576,417
576,418
576,419
576,420
576,421
576,422
576,423
576,424
576,425
576,426
576,427
576,428
576,429
576,430
576,431
576,432
576,433
576,434
576,435
576,436
576,437
576,438
576,439
576,440
576,441
576,442
576,443
576,444
576,445
576,446
576,447
576,448
576,504
576,505
576,506
576,507
576,508
576,509
576,510
576,511
576,512
576,513
576,514
576,515
577,91
577,92
577,93
577,94
577,95
577,96
577,97
577,98
577,99
577,100
577,101
577,102
577,103
577,104
577,105
577,106
577,107
577,108
577,109
577,110
577,111
577,112
577,113
577,114
577,115
577,116
577,132
577,133
577,134
577,135
577,136
577,137
577,138
577,139
577,140
577,141
577,142
577,143
577,144
577,145
577,146
577,147
577,148
577,149
577,150
577,151
577,152
577,153
577,154
577,155
577,156
577,157
577,158
577,159
577,160
577,161
577,162
577,163
577,164
577,165
577,166
577,167
577,168
577,169
577,170
577,171
577,172
577,173
577,174
577,175
577,176
577,177
577,178
577,179
577,180
577,181
577,182
577,183
577,184
577,185
577,186
577,187
577,188
577,189
577,411
577,412
577,413
577,414
577,415
577,416
577,417
577,418
577,419
577,420
577,421
577,422
577,423
577,424
577,425
577,426
577,427
577,428
577,429
577,430
577,431
577,432
577,433
577,434
577,435
577,436
577,437
577,438
577,439
577,440
577,441
577,442
577,443
577,444
577,445
577,446
577,447
577,448
577,503
577,504
577,505
577,506
577,507
577,508
577,509
577,510
577,511
577,512
577,513
577,514
577,515
577,516
577,517
578,90
578,91
578,92
578,93
578,94
578,95
578,96
578,97
578,98
578,99
578,100
578,101
578,102
578,103
578,104
578,105
578,106
578,107
578,108
578,109
578,110
578,111
578,112
578,113
578,114
578,115
578,116
578,132
578,133
578,134
578,135
578,136
578,137
578,138
578,139
578,140
578,141
578,142
578,143
578,144
578,145
578,146
578,147
578,148
578,149
578,150
578,151
578,152
578,153
578,154
578,155
578,156
578,157
578,158
578,159
578,160
578,161
578,162
578,163
578,164
578,165
578,166
578,167
578,168
578,169
578,170
578,171
578,172
578,173
578,174
578,175
578,176
578,177
578,178
578,179
578,180
578,181
578,182
578,183
578,184
578,185
578,186
578,187
578,188
578,411
578,412
578,413
578,414
578,415
578,416
578,417
578,418
578,419
578,420
578,421
578,422
578,423
578,424
578,425
578,426
578,427
578,428
578,429
578,430
578,431
578,432
578,433
578,434
578,435
578,436
578,437
578,438
578,439
578,440
578,441
578,442
578,443
578,444
578,445
578,446
578,447
578,448
578,449
578,501
578,502
578,503
578,504
578,505
578,506
578,507
578,508
578,509
578,510
578,511
578,512
578,513
578,514
578,515
578,516
578,517
578,518
579,90
579,91
579,92
579,93
579,94
579,95
579,96
579,97
579,98
579,99
579,100
579,101
579,102
579,103
579,104
579,105
579,106
579,107
579,108
579,109
579,110
579,111
579,112
579,113
579,114
579,115
579,131
579,132
579,133
579,134
579,135
579,136
579,137
579,138
579,139
579,140
579,141
579,142
579,143
579,144
579,145
579,146
579,147
579,148
579,149
579,150
579,151
579,152
579,153
579,154
579,155
579,156
579,157
579,158
579,159
579,160
579,161
579,162
579,163
579,164
579,165
579,166
579,167
579,168
579,169
579,170
579,171
579,172
579,173
579,174
579,175
579,176
579,177
579,178
579,179
579,180
579,181
579,182
579,183
579,184
579,185
579,186
579,187
579,188
579,411
579,412
579,413
579,414
579,415
579,416
579,417
579,418
579,419
579,420
579,421
579,422
579,423
579,424
579,425
579,426
579,427
579,428
579,429
579,430
579,431
579,432
579,433
579,434
579,435
579,436
579,437
579,438
579,439
579,440
579,441
579,442
579,443
579,444
579,445
579,446
579,447
579,448
579,449
579,499
579,500
579,501
579,502
579,503
579,504
579,505
579,506
579,507
579,508
579,509
579,510
579,511
579,512
579,513
579,514
579,515
579,516
579,517
579,518
579,519
580,89
580,90
580,91
580,92
580,93
580,94
580,95
580,96
580,97
580,98
580,99
580,100
580,101
580,102
580,103
580,104
580,105
580,106
580,107
580,108
580,109
580,110
580,111
580,112
580,113
580,114
580,115
580,131
580,132
580,133
580,134
580,135
580,136
580,137
580,138
580,139
580,140
580,141
580,142
580,143
580,144
580,145
580,146
580,147
580,148
580,149
580,150
580,151
580,152
580,153
580,154
580,155
580,156
580,157
580,158
580,159
580,160
580,161
580,162
580,163
580,164
580,165
580,166
580,167
580,168
580,169
580,170
580,171
580,172
580,173
580,174
580,175
580,176
580,177
580,178
580,179
580,180
580,181
580,182
580,183
580,184
580,185
580,186
580,187
580,411
580,412
580,413
580,414
580,415
580,416
580,417
580,418
580,419
580,420
580,421
580,422
580,423
580,424
580,425
580,426
580,427
580,428
580,429
580,430
580,431
580,432
580,433
580,434
580,435
580,436
580,437
580,438
580,439
580,440
580,441
580,442
580,443
580,444
580,445
580,446
580,447
580,448
580,449
580,498
580,499
580,500
580,501
580,502
580,503
580,504
580,505
580,506
580,507
580,508
580,509
580,510
580,511
580,512
580,513
580,514
580,515
580,516
580,517
580,518
580,519
580,520
581,89
581,90
581,91
581,92
581,93
581,94
581,95
581,96
581,97
581,98
581,99
581,100
581,101
581,102
581,103
581,104
581,105
581,106
581,107
581,108
581,109
581,110
581,111
581,112
581,113
581,114
581,115
581,130
581,131
581,132
581,133
581,134
581,135
581,136
581,137
581,138
581,139
581,140
581,141
581,142
581,143
581,144
581,145
581,146
581,147
581,148
581,149
581,150
581,151
581,152
581,153
581,154
581,155
581,156
581,157
581,158
581,159
581,160
581,161
581,162
581,163
581,164
581,165
581,166
581,167
581,168
581,169
581,170
581,171
581,172
581,173
581,174
581,175
581,176
581,177
581,178
581,179
581,180
581,181
581,182
581,183
581,184
581,185
581,186
581,187
581,410
581,411
581,412
581,413
581,414
581,415
581,416
581,417
581,418
581,419
581,420
581,421
581,422
581,423
581,424
581,425
581,426
581,427
581,428
581,429
581,430
581,431
581,432
581,433
581,434
581,435
581,436
581,437
581,438
581,439
581,440
581,441
581,442
581,443
581,444
581,445
581,446
581,447
581,448
581,449
581,496
581,497
581,498
581,499
581,500
581,501
581,502
581,503
581,504
581,505
581,506
581,507
581,508
581,509
581,510
581,511
581,512
581,513
581,514
581,515
581,516
581,517
581,518
581,519
581,520
581,521
582,89
582,90
582,91
582,92
582,93
582,94
582,95
582,96
582,97
582,98
582,99
582,100
582,101
582,102
582,103
582,104
582,105
582,106
582,107
582,108
582,109
582,110
582,111
582,112
582,113
582,114
582,130
582,131
582,132
582,133
582,134
582,135
582,136
582,137
582,138
582,139
582,140
582,141
582,142
582,143
582,144
582,145
582,146
582,147
582,148
582,149
582,150
582,151
582,152
582,153
582,154
582,155
582,156
582,157
582,158
582,159
582,160
582,161
582,162
582,163
582,164
582,165
582,166
582,167
582,168
582,169
582,170
582,171
582,172
582,173
582,174
582,175
582,176
582,177
582,178
582,179
582,180
582,181
582,182
582,183
582,184
582,185
582,186
582,410
582,411
582,412
582,413
582,414
582,415
582,416
582,417
582,418
582,419
582,420
582,421
582,422
582,423
582,424
582,425
582,426
582,427
582,428
582,429
582,430
582,431
582,432
582,433
582,434
582,435
582,436
582,437
582,438
582,439
582,440
582,441
582,442
582,443
582,444
582,445
582,446
582,447
582,448
582,449
582,495
582,496
582,497
582,498
582,499
582,500
582,501
582,502
582,503
582,504
582,505
582,506
582,507
582,508
582,509
582,510
582,511
582,512
582,513
582,514
582,515
582,516
582,517
582,518
582,519
582,520
582,521
582,522
583,88
583,89
583,90
583,91
583,92
583,93
583,94
583,95
583,96
583,97
583,98
583,99
583,100
583,101
583,102
583,103
583,104
583,105
583,106
583,107
583,108
583,109
583,110
583,111
583,112
583,113
583,114
583,130
583,131
583,132
583,133
583,134
583,135
583,136
583,137
583,138
583,139
583,140
583,141
583,142
583,143
583,144
583,145
583,146
583,147
583,148
583,149
583,150
583,151
583,152
583,153
583,154
583,155
583,156
583,157
583,158
583,159
583,160
583,161
583,162
583,163
583,164
583,165
583,166
583,167
583,168
583,169
583,170
583,171
583,172
583,173
583,174
583,175
583,176
583,177
583,178
583,179
583,180
583,181
583,182
583,183
583,184
583,185
583,186
583,410
583,411
583,412
583,413
583,414
583,415
583,416
583,417
583,418
583,419
583,420
583,421
583,422
583,423
583,424
583,425
583,426
583,427
583,428
583,429
583,430
583,431
583,432
583,433
583,434
583,435
583,436
583,437
583,438
583,439
583,440
583,441
583,442
583,443
583,444
583,445
583,446
583,447
583,448
583,449
583,493
583,494
583,495
583,496
583,497
583,498
583,499
583,500
583,501
583,502
583,503
583,504
583,505
583,506
583,507
583,508
583,509
583,510
583,511
583,512
583,513
583,514
583,515
583,516
583,517
583,518
583,519
583,520
583,521
583,522
583,523
584,88
584,89
584,90
584,91
584,92
584,93
584,94
584,95
584,96
584,97
584,98
584,99
584,100
584,101
584,102
584,103
584,104
584,105
584,106
584,107
584,108
584,109
584,110
584,111
584,112
584,113
584,129
584,130
584,131
584,132
584,133
584,134
584,135
584,136
584,137
584,138
584,139
584,140
584,141
584,142
584,143
584,144
584,145
584,146
584,147
584,148
584,149
584,150
584,151
584,152
584,153
584,154
584,155
584,156
584,157
584,158
584,159
584,160
584,161
584,162
584,163
584,164
584,165
584,166
584,167
584,168
584,169
584,170
584,171
584,172
584,173
584,174
584,175
584,176
584,177
584,178
584,179
584,180
584,181
584,182
584,183
584,184
584,185
584,410
584,411
584,412
584,413
584,414
584,415
584,416
584,417
584,418
584,419
584,420
584,421
584,422
584,423
584,424
584,425
584,426
584,427
584,428
584,429
584,430
584,431
584,432
584,433
584,434
584,435
584,436
584,437
584,438
584,439
584,440
584,441
584,442
584,443
584,444
584,445
584,446
584,447
584,448
584,449
584,491
584,492
584,493
584,494
584,495
584,496
584,497
584,498
584,499
584,500
584,501
584,502
584,503
584,504
584,505
584,506
584,507
584,508
584,509
584,510
584,511
584,512
584,513
584,514
584,515
584,516
584,517
584,518
584,519
584,520
584,521
584,522
584,523
584,524
585,87
585,88
585,89
585,90
585,91
585,92
585,93
585,94
585,95
585,96
585,97
585,98
585,99
585,100
585,101
585,102
585,103
585,104
585,105
585,106
585,107
585,108
585,109
585,110
585,111
585,112
585,113
585,129
585,130
585,131
585,132
585,133
585,134
585,135
585,136
585,137
585,138
585,139
585,140
585,141
585,142
585,143
585,144
585,145
585,146
585,147
585,148
585,149
585,150
585,151
585,152
585,153
585,154
585,155
585,156
585,157
585,158
585,159
585,160
585,161
585,162
585,163
585,164
585,165
585,166
585,167
585,168
585,169
585,170
585,171
585,172
585,173
585,174
585,175
585,176
585,177
585,178
585,179
585,180
585,181
585,182
585,183
585,184
585,185
585,409
585,410
585,411
585,412
585,413
585,414
585,415
585,416
585,417
585,418
585,419
585,420
585,421
585,422
585,423
585,424
585,425
585,426
585,427
585,428
585,429
585,430
585,431
585,432
585,433
585,434
585,435
585,436
585,437
585,438
585,439
585,440
585,441
585,442
585,443
585,444
585,445
585,446
585,447
585,448
585,449
585,490
585,491
585,492
585,493
585,494
585,495
585,496
585,497
585,498
585,499
585,500
585,501
585,502
585,503
585,504
585,505
585,506
585,507
585,508
585,509
585,510
585,511
585,512
585,513
585,514
585,515
585,516
585,517
585,518
585,519
585,520
585,521
585,522
585,523
585,524
585,525
586,87
586,88
586,89
586,90
586,91
586,92
586,93
586,94
586,95
586,96
586,97
586,98
586,99
586,100
586,101
586,102
586,103
586,104
586,105
586,106
586,107
586,108
586,109
586,110
586,111
586,112
586,113
586,128
586,129
586,130
586,131
586,132
586,133
586,134
586,135
586,136
586,137
586,138
586,139
586,140
586,141
586,142
586,143
586,144
586,145
586,146
586,147
586,148
586,149
586,150
586,151
586,152
586,153
586,154
586,155
586,156
586,157
586,158
586,159
586,160
586,161
586,162
586,163
586,164
586,165
586,166
586,167
586,168
586,169
586,170
586,171
586,172
586,173
586,174
586,175
586,176
586,177
586,178
586,179
586,180
586,181
586,182
586,183
586,184
586,409
586,410
586,411
586,412
586,413
586,414
586,415
586,416
586,417
586,418
586,419
586,420
586,421
586,422
586,423
586,424
586,425
586,426
586,427
586,428
586,429
586,430
586,431
586,432
586,433
586,434
586,435
586,436
586,437
586,438
586,439
586,440
586,441
586,442
586,443
586,444
586,445
586,446
586,447
586,448
586,449
586,489
586,490
586,491
586,492
586,493
586,494
586,495
586,496
586,497
586,498
586,499
586,500
586,501
586,502
586,503
586,504
586,505
586,506
586,507
586,508
586,509
586,510
586,511
586,512
586,513
586,514
586,515
586,516
586,517
586,518
586,519
586,520
586,521
586,522
586,523
586,524
586,525
586,526
586,527
587,86
587,87
587,88
587,89
587,90
587,91
587,92
587,93
587,94
587,95
587,96
587,97
587,98
587,99
587,100
587,101
587,102
587,103
587,104
587,105
587,106
587,107
587,108
587,109
587,110
587,111
587,112
587,128
587,129
587,130
587,131
587,132
587,133
587,134
587,135
587,136
587,137
587,138
587,139
587,140
587,141
587,142
587,143
587,144
587,145
587,146
587,147
587,148
587,149
587,150
587,151
587,152
587,153
587,154
587,155
587,156
587,157
587,158
587,159
587,160
587,161
587,162
587,163
587,164
587,165
587,166
587,167
587,168
587,169
587,170
587,171
587,172
587,173
587,174
587,175
587,176
587,177
587,178
587,179
587,180
587,181
587,182
587,183
587,184
587,408
587,409
587,410
587,411
587,412
587,413
587,414
587,415
587,416
587,417
587,418
587,419
587,420
587,421
587,422
587,423
587,424
587,425
587,426
587,427
587,428
587,429
587,430
587,431
587,432
587,433
587,434
587,435
587,436
587,437
587,438
587,439
587,440
587,441
587,442
587,443
587,444
587,445
587,446
587,447
587,448
587,449
587,488
587,489
587,490
587,491
587,492
587,493
587,494
587,495
587,496
587,497
587,498
587,499
587,500
587,501
587,502
587,503
587,504
587,505
587,506
587,507
587,508
587,509
587,510
587,511
587,512
587,513
587,514
587,515
587,516
587,517
587,518
587,519
587,520
587,521
587,522
587,523
587,524
587,525
587,526
587,527
587,528
588,86
588,87
588,88
588,89
588,90
588,91
588,92
588,93
588,94
588,95
588,96
588,97
588,98
588,99
588,100
588,101
588,102
588,103
588,104
588,105
588,106
588,107
588,108
588,109
588,110
588,111
588,112
588,127
588,128
588,129
588,130
588,131
588,132
588,133
588,134
588,135
588,136
588,137
588,138
588,139
588,140
588,141
588,142
588,143
588,144
588,145
588,146
588,147
588,148
588,149
588,150
588,151
588,152
588,153
588,154
588,155
588,156
588,157
588,158
588,159
588,160
588,161
588,162
588,163
588,164
588,165
588,166
588,167
588,168
588,169
588,170
588,171
588,172
588,173
588,174
588,175
588,176
588,177
588,178
588,179
588,180
588,181
588,182
588,183
588,408
588,409
588,410
588,411
588,412
588,413
588,414
588,415
588,416
588,417
588,418
588,419
588,420
588,421
588,422
588,423
588,424
588,425
588,426
588,427
588,428
588,429
588,430
588,431
588,432
588,433
588,434
588,435
588,436
588,437
588,438
588,439
588,440
588,441
588,442
588,443
588,444
588,445
588,446
588,447
588,448
588,449
588,488
588,489
588,490
588,491
588,492
588,493
588,494
588,495
588,496
588,497
588,498
588,499
588,500
588,501
588,502
588,503
588,504
588,505
588,506
588,507
588,508
588,509
588,510
588,511
588,512
588,513
588,514
588,515
588,516
588,517
588,518
588,519
588,520
588,521
588,522
588,523
588,524
588,525
588,526
588,527
588,528
588,529
589,86
589,87
589,88
589,89
589,90
589,91
589,92
589,93
589,94
589,95
589,96
589,97
589,98
589,99
589,100
589,101
589,102
589,103
589,104
589,105
589,106
589,107
589,108
589,109
589,110
589,111
589,127
589,128
589,129
589,130
589,131
589,132
589,133
589,134
589,135
589,136
589,137
589,138
589,139
589,140
589,141
589,142
589,143
589,144
589,145
589,146
589,147
589,148
589,149
589,150
589,151
589,152
589,153
589,154
589,155
589,156
589,157
589,158
589,159
589,160
589,161
589,162
589,163
589,164
589,165
589,166
589,167
589,168
589,169
589,170
589,171
589,172
589,173
589,174
589,175
589,176
589,177
589,178
589,179
589,180
589,181
589,182
589,183
589,407
589,408
589,409
589,410
589,411
589,412
589,413
589,414
589,415
589,416
589,417
589,418
589,419
589,420
589,421
589,422
589,423
589,424
589,425
589,426
589,427
589,428
589,429
589,430
589,431
589,432
589,433
589,434
589,435
589,436
589,437
589,438
589,439
589,440
589,441
589,442
589,443
589,444
589,445
589,446
589,447
589,448
589,449
589,487
589,488
589,489
589,490
589,491
589,492
589,493
589,494
589,495
589,496
589,497
589,498
589,499
589,500
589,501
589,502
589,503
589,504
589,505
589,506
589,507
589,508
589,509
589,510
589,511
589,512
589,513
589,514
589,515
589,516
589,517
589,518
589,519
589,520
589,521
589,522
589,523
589,524
589,525
589,526
589,527
589,528
589,529
589,530
590,85
590,86
590,87
590,88
590,89
590,90
590,91
590,92
590,93
590,94
590,95
590,96
590,97
590,98
590,99
590,100
590,101
590,102
590,103
590,104
590,105
590,106
590,107
590,108
590,109
590,110
590,111
590,127
590,128
590,129
590,130
590,131
590,132
590,133
590,134
590,135
590,136
590,137
590,138
590,139
590,140
590,141
590,142
590,143
590,144
590,145
590,146
590,147
590,148
590,149
590,150
590,151
590,152
590,153
590,154
590,155
590,156
590,157
590,158
590,159
590,160
590,161
590,162
590,163
590,164
590,165
590,166
590,167
590,168
590,169
590,170
590,171
590,172
590,173
590,174
590,175
590,176
590,177
590,178
590,179
590,180
590,181
590,182
590,407
590,408
590,409
590,410
590,411
590,412
590,413
590,414
590,415
590,416
590,417
590,418
590,419
590,420
590,421
590,422
590,423
590,424
590,425
590,426
590,427
590,428
590,429
590,430
590,431
590,432
590,433
590,434
590,435
590,436
590,437
590,438
590,439
590,440
590,441
590,442
590,443
590,444
590,445
590,446
590,447
590,448
590,449
590,486
590,487
590,488
590,489
590,490
590,491
590,492
590,493
590,494
590,495
590,496
590,497
590,498
590,499
590,500
590,501
590,502
590,503
590,504
590,505
590,506
590,507
590,508
590,509
590,510
590,511
590,512
590,513
590,514
590,515
590,516
590,517
590,518
590,519
590,520
590,521
590,522
590,523
590,524
590,525
590,526
590,527
590,528
590,529
590,530
590,531
591,85
591,86
591,87
591,88
591,89
591,90
591,91
591,92
591,93
591,94
591,95
591,96
591,97
591,98
591,99
591,100
591,101
591,102
591,103
591,104
591,105
591,106
591,107
591,108
591,109
591,110
591,111
591,126
591,127
591,128
591,129
591,130
591,131
591,132
591,133
591,134
591,135
591,136
591,137
591,138
591,139
591,140
591,141
591,142
591,143
591,144
591,145
591,146
591,147
591,148
591,149
591,150
591,151
591,152
591,153
591,154
591,155
591,156
591,157
591,158
591,159
591,160
591,161
591,162
591,163
591,164
591,165
591,166
591,167
591,168
591,169
591,170
591,171
591,172
591,173
591,174
591,175
591,176
591,177
591,178
591,179
591,180
591,181
591,182
591,406
591,407
591,408
591,409
591,410
591,411
591,412
591,413
591,414
591,415
591,416
591,417
591,418
591,419
591,420
591,421
591,422
591,423
591,424
591,425
591,426
591,427
591,428
591,429
591,430
591,431
591,432
591,433
591,434
591,435
591,436
591,437
591,438
591,439
591,440
591,441
591,442
591,443
591,444
591,445
591,446
591,447
591,448
591,449
591,485
591,486
591,487
591,488
591,489
591,490
591,491
591,492
591,493
591,494
591,495
591,496
591,497
591,498
591,499
591,500
591,501
591,502
591,503
591,504
591,505
591,506
591,507
591,508
591,509
591,510
591,511
591,512
591,513
591,514
591,515
591,516
591,517
591,518
591,519
591,520
591,521
591,522
591,523
591,524
591,525
591,526
591,527
591,528
591,529
591,530
591,531
591,532
592,84
592,85
592,86
592,87
592,88
592,89
592,90
592,91
592,92
592,93
592,94
592,95
592,96
592,97
592,98
592,99
592,100
592,101
592,102
592,103
592,104
592,105
592,106
592,107
592,108
592,109
592,110
592,126
592,127
592,128
592,129
592,130
592,131
592,132
592,133
592,134
592,135
592,136
592,137
592,138
592,139
592,140
592,141
592,142
592,143
592,144
592,145
592,146
592,147
592,148
592,149
592,150
592,151
592,152
592,153
592,154
592,155
592,156
592,157
592,158
592,159
592,160
592,161
592,162
592,163
592,164
592,165
592,166
592,167
592,168
592,169
592,170
592,171
592,172
592,173
592,174
592,175
592,176
592,177
592,178
592,179
592,180
592,181
592,182
592,405
592,406
592,407
592,408
592,409
592,410
592,411
592,412
592,413
592,414
592,415
592,416
592,417
592,418
592,419
592,420
592,421
592,422
592,423
592,424
592,425
592,426
592,427
592,428
592,429
592,430
592,431
592,432
592,433
592,434
592,435
592,436
592,437
592,438
592,439
592,440
592,441
592,442
592,443
592,444
592,445
592,446
592,447
592,448
592,449
592,484
592,485
592,486
592,487
592,488
592,489
592,490
592,491
592,492
592,493
592,494
592,495
592,496
592,497
592,498
592,499
592,500
592,501
592,502
592,503
592,504
592,505
592,506
592,507
592,508
592,509
592,510
592,511
592,512
592,513
592,514
592,515
592,516
592,517
592,518
592,519
592,520
592,521
592,522
592,523
592,524
592,525
592,526
592,527
592,528
592,529
592,530
592,531
592,532
593,84
593,85
593,86
593,87
593,88
593,89
593,90
593,91
593,92
593,93
593,94
593,95
593,96
593,97
593,98
593,99
593,100
593,101
593,102
593,103
593,104
593,105
593,106
593,107
593,108
593,109
593,110
593,125
593,126
593,127
593,128
593,129
593,130
593,131
593,132
593,133
593,134
593,135
593,136
593,137
593,138
593,139
593,140
593,141
593,142
593,143
593,144
593,145
593,146
593,147
593,148
593,149
593,150
593,151
593,152
593,153
593,154
593,155
593,156
593,157
593,158
593,159
593,160
593,161
593,162
593,163
593,164
593,165
593,166
593,167
593,168
593,169
593,170
593,171
593,172
593,173
593,174
593,175
593,176
593,177
593,178
593,179
593,180
593,181
593,182
593,405
593,406
593,407
593,408
593,409
593,410
593,411
593,412
593,413
593,414
593,415
593,416
593,417
593,418
593,419
593,420
593,421
593,422
593,423
593,424
593,425
593,426
593,427
593,428
593,429
593,430
593,431
593,432
593,433
593,434
593,435
593,436
593,437
593,438
593,439
593,440
593,441
593,442
593,443
593,444
593,445
593,446
593,447
593,448
593,449
593,450
593,484
593,485
593,486
593,487
593,488
593,489
593,490
593,491
593,492
593,493
593,494
593,495
593,496
593,497
593,498
593,499
593,500
593,501
593,502
593,503
593,504
593,505
593,506
593,507
593,508
593,509
593,510
593,511
593,512
593,513
593,514
593,515
593,516
593,517
593,518
593,519
593,520
593,521
593,522
593,523
593,524
593,525
593,526
593,527
593,528
593,529
593,530
593,531
593,532
593,533
594,84
594,85
594,86
594,87
594,88
594,89
594,90
594,91
594,92
594,93
594,94
594,95
594,96
594,97
594,98
594,99
594,100
594,101
594,102
594,103
594,104
594,105
594,106
594,107
594,108
594,109
594,125
594,126
594,127
594,128
594,129
594,130
594,131
594,132
594,133
594,134
594,135
594,136
594,137
594,138
594,139
594,140
594,141
594,142
594,143
594,144
594,145
594,146
594,147
594,148
594,149
594,150
594,151
594,152
594,153
594,154
594,155
594,156
594,157
594,158
594,159
594,160
594,161
594,162
594,163
594,164
594,165
594,166
594,167
594,168
594,169
594,170
594,171
594,172
594,173
594,174
594,175
594,176
594,177
594,178
594,179
594,180
594,181
594,182
594,404
594,405
594,406
594,407
594,408
594,409
594,410
594,411
594,412
594,413
594,414
594,415
594,416
594,417
594,418
594,419
594,420
594,421
594,422
594,423
594,424
594,425
594,426
594,427
594,428
594,429
594,430
594,431
594,432
594,433
594,434
594,435
594,436
594,437
594,438
594,439
594,440
594,441
594,442
594,443
594,444
594,445
594,446
594,447
594,448
594,449
594,450
594,483
594,484
594,485
594,486
594,487
594,488
594,489
594,490
594,491
594,492
594,493
594,494
594,495
594,496
594,497
594,498
594,499
594,500
594,501
594,502
594,503
594,504
594,505
594,506
594,507
594,508
594,509
594,510
594,511
594,512
594,513
594,514
594,515
594,516
594,517
594,518
594,519
594,520
594,521
594,522
594,523
594,524
594,525
594,526
594,527
594,528
594,529
594,530
594,531
594,532
594,533
594,534
595,83
595,84
595,85
595,86
595,87
595,88
595,89
595,90
595,91
595,92
595,93
595,94
595,95
595,96
595,97
595,98
595,99
595,100
595,101
595,102
595,103
595,104
595,105
595,106
595,107
595,108
595,109
595,125
595,126
595,127
595,128
595,129
595,130
595,131
595,132
595,133
595,134
595,135
595,136
595,137
595,138
595,139
595,140
595,141
595,142
595,143
595,144
595,145
595,146
595,147
595,148
595,149
595,150
595,151
595,152
595,153
595,154
595,155
595,156
595,157
595,158
595,159
595,160
595,161
595,162
595,163
595,164
595,165
595,166
595,167
595,168
595,169
595,170
595,171
595,172
595,173
595,174
595,175
595,176
595,177
595,178
595,179
595,180
595,181
595,182
595,403
595,404
595,405
595,406
595,407
595,408
595,409
595,410
595,411
595,412
595,413
595,414
595,415
595,416
595,417
595,418
595,419
595,420
595,421
595,422
595,423
595,424
595,425
595,426
595,427
595,428
595,429
595,430
595,431
595,432
595,433
595,434
595,435
595,436
595,437
595,438
595,439
595,440
595,441
595,442
595,443
595,444
595,445
595,446
595,447
595,448
595,449
595,450
595,482
595,483
595,484
595,485
595,486
595,487
595,488
595,489
595,490
595,491
595,492
595,493
595,494
595,495
595,496
595,497
595,498
595,499
595,500
595,501
595,502
595,503
595,504
595,505
595,506
595,507
595,508
595,509
595,510
595,511
595,512
595,513
595,514
595,515
595,516
595,517
595,518
595,519
595,520
595,521
595,522
595,523
595,524
595,525
595,526
595,527
595,528
595,529
595,530
595,531
595,532
595,533
595,534
596,83
596,84
596,85
596,86
596,87
596,88
596,89
596,90
596,91
596,92
596,93
596,94
596,95
596,96
596,97
596,98
596,99
596,100
596,101
596,102
596,103
596,104
596,105
596,106
596,107
596,108
596,124
596,125
596,126
596,127
596,128
596,129
596,130
596,131
596,132
596,133
596,134
596,135
596,136
596,137
596,138
596,139
596,140
596,141
596,142
596,143
596,144
596,145
596,146
596,147
596,148
596,149
596,150
596,151
596,152
596,153
596,154
596,155
596,156
596,157
596,158
596,159
596,160
596,161
596,162
596,163
596,164
596,165
596,166
596,167
596,168
596,169
596,170
596,171
596,172
596,173
596,174
596,175
596,176
596,177
596,178
596,179
596,180
596,181
596,182
596,402
596,403
596,404
596,405
596,406
596,407
596,408
596,409
596,410
596,411
596,412
596,413
596,414
596,415
596,416
596,417
596,418
596,419
596,420
596,421
596,422
596,423
596,424
596,425
596,426
596,427
596,428
596,429
596,430
596,431
596,432
596,433
596,434
596,435
596,436
596,437
596,438
596,439
596,440
596,441
596,442
596,443
596,444
596,445
596,446
596,447
596,448
596,449
596,450
596,481
596,482
596,483
596,484
596,485
596,486
596,487
596,488
596,489
596,490
596,491
596,492
596,493
596,494
596,495
596,496
596,497
596,498
596,499
596,500
596,501
596,502
596,503
596,504
596,505
596,506
596,507
596,508
596,509
596,510
596,511
596,512
596,513
596,514
596,515
596,516
596,517
596,518
596,519
596,520
596,521
596,522
596,523
596,524
596,525
596,526
596,527
596,528
596,529
596,530
596,531
596,532
596,533
596,534
596,535
597,82
597,83
597,84
597,85
597,86
597,87
597,88
597,89
597,90
597,91
597,92
597,93
597,94
597,95
597,96
597,97
597,98
597,99
597,100
597,101
597,102
597,103
597,104
597,105
597,106
597,107
597,108
597,124
597,125
597,126
597,127
597,128
597,129
597,130
597,131
597,132
597,133
597,134
597,135
597,136
597,137
597,138
597,139
597,140
597,141
597,142
597,143
597,144
597,145
597,146
597,147
597,148
597,149
597,150
597,151
597,152
597,153
597,154
597,155
597,156
597,157
597,158
597,159
597,160
597,161
597,162
597,163
597,164
597,165
597,166
597,167
597,168
597,169
597,170
597,171
597,172
597,173
597,174
597,175
597,176
597,177
597,178
597,179
597,180
597,181
597,182
597,402
597,403
597,404
597,405
597,406
597,407
597,408
597,409
597,410
597,411
597,412
597,413
597,414
597,415
597,416
597,417
597,418
597,419
597,420
597,421
597,422
597,423
597,424
597,425
597,426
597,427
597,428
597,429
597,430
597,431
597,432
597,433
597,434
597,435
597,436
597,437
597,438
597,439
597,440
597,441
597,442
597,443
597,444
597,445
597,446
597,447
597,448
597,449
597,450
597,481
597,482
597,483
597,484
597,485
597,486
597,487
597,488
597,489
597,490
597,491
597,492
597,493
597,494
597,495
597,496
597,497
597,498
597,499
597,500
597,501
597,502
597,503
597,504
597,505
597,506
597,507
597,508
597,509
597,510
597,511
597,512
597,513
597,514
597,515
597,516
597,517
597,518
597,519
597,520
597,521
597,522
597,523
597,524
597,525
597,526
597,527
597,528
597,529
597,530
597,531
597,532
597,533
597,534
597,535
597,536
598,82
598,83
598,84
598,85
598,86
598,87
598,88
598,89
598,90
598,91
598,92
598,93
598,94
598,95
598,96
598,97
598,98
598,99
598,100
598,101
598,102
598,103
598,104
598,105
598,106
598,107
598,108
598,123
598,124
598,125
598,126
598,127
598,128
598,129
598,130
598,131
598,132
598,133
598,134
598,135
598,136
598,137
598,138
598,139
598,140
598,141
598,142
598,143
598,144
598,145
598,146
598,147
598,148
598,149
598,150
598,151
598,152
598,153
598,154
598,155
598,156
598,157
598,158
598,159
598,160
598,161
598,162
598,163
598,164
598,165
598,166
598,167
598,168
598,169
598,170
598,171
598,172
598,173
598,174
598,175
598,176
598,177
598,178
598,179
598,180
598,181
598,182
598,401
598,402
598,403
598,404
598,405
598,406
598,407
598,408
598,409
598,410
598,411
598,412
598,413
598,414
598,415
598,416
598,417
598,418
598,419
598,420
598,421
598,422
598,423
598,424
598,425
598,426
598,427
598,428
598,429
598,430
598,431
598,432
598,433
598,434
598,435
598,436
598,437
598,438
598,439
598,440
598,441
598,442
598,443
598,444
598,445
598,446
598,447
598,448
598,449
598,450
598,480
598,481
598,482
598,483
598,484
598,485
598,486
598,487
598,488
598,489
598,490
598,491
598,492
598,493
598,494
598,495
598,496
598,497
598,498
598,499
598,500
598,501
598,502
598,503
598,504
598,505
598,506
598,507
598,508
598,509
598,510
598,511
598,512
598,513
598,514
598,515
598,516
598,517
598,518
598,519
598,520
598,521
598,522
598,523
598,524
598,525
598,526
598,527
598,528
598,529
598,530
598,531
598,532
598,533
598,534
598,535
598,536
599,82
599,83
599,84
599,85
599,86
599,87
599,88
599,89
599,90
599,91
599,92
599,93
599,94
599,95
599,96
599,97
599,98
599,99
599,100
599,101
599,102
599,103
599,104
599,105
599,106
599,107
599,123
599,124
599,125
599,126
599,127
599,128
599,129
599,130
599,131
599,132
599,133
599,134
599,135
599,136
599,137
599,138
599,139
599,140
599,141
599,142
599,143
599,144
599,145
599,146
599,147
599,148
599,149
599,150
599,151
599,152
599,153
599,154
599,155
599,156
599,157
599,158
599,159
599,160
599,161
599,162
599,163
599,164
599,165
599,166
599,167
599,168
599,169
599,170
599,171
599,172
599,173
599,174
599,175
599,176
599,177
599,178
599,179
599,180
599,181
599,182
599,400
599,401
599,402
599,403
599,404
599,405
599,406
599,407
599,408
599,409
599,410
599,411
599,412
599,413
599,414
599,415
599,416
599,417
599,418
599,419
599,420
599,421
599,422
599,423
599,424
599,425
599,426
599,427
599,428
599,429
599,430
599,431
599,432
599,433
599,434
599,435
599,436
599,437
599,438
599,439
599,440
599,441
599,442
599,443
599,444
599,445
599,446
599,447
599,448
599,449
599,450
599,479
599,480
599,481
599,482
599,483
599,484
599,485
599,486
599,487
599,488
599,489
599,490
599,491
599,492
599,493
599,494
599,495
599,496
599,497
599,498
599,499
599,500
599,501
599,502
599,503
599,504
599,505
599,506
599,507
599,508
599,509
599,510
599,511
599,512
599,513
599,514
599,515
599,516
599,517
599,518
599,519
599,520
599,521
599,522
599,523
599,524
599,525
599,526
599,527
599,528
599,529
599,530
599,531
599,532
599,533
599,534
599,535
599,536
599,537
600,81
600,82
600,83
600,84
600,85
600,86
600,87
600,88
600,89
600,90
600,91
600,92
600,93
600,94
600,95
600,96
600,97
600,98
600,99
600,100
600,101
600,102
600,103
600,104
600,105
600,106
600,107
600,123
600,124
600,125
600,126
600,127
600,128
600,129
600,130
600,131
600,132
600,133
600,134
600,135
600,136
600,137
600,138
600,139
600,140
600,141
600,142
600,143
600,144
600,145
600,146
600,147
600,148
600,149
600,150
600,151
600,152
600,153
600,154
600,155
600,156
600,157
600,158
600,159
600,160
600,161
600,162
600,163
600,164
600,165
600,166
600,167
600,168
600,169
600,170
600,171
600,172
600,173
600,174
600,175
600,176
600,177
600,178
600,179
600,180
600,181
600,182
600,399
600,400
600,401
600,402
600,403
600,404
600,405
600,406
600,407
600,408
600,409
600,410
600,411
600,412
600,413
600,414
600,415
600,416
600,417
600,418
600,419
600,420
600,421
600,422
600,423
600,424
600,425
600,426
600,427
600,428
600,429
600,430
600,431
600,432
600,433
600,434
600,435
600,436
600,437
600,438
600,439
600,440
600,441
600,442
600,443
600,444
600,445
600,446
600,447
600,448
600,449
600,450
600,478
600,479
600,480
600,481
600,482
600,483
600,484
600,485
600,486
600,487
600,488
600,489
600,490
600,491
600,492
600,493
600,494
600,495
600,496
600,497
600,498
600,499
600,500
600,501
600,502
600,503
600,504
600,505
600,506
600,507
600,508
600,509
600,510
600,511
600,512
600,513
600,514
600,515
600,516
600,517
600,518
600,519
600,520
600,521
600,522
600,523
600,524
600,525
600,526
600,527
600,528
600,529
600,530
600,531
600,532
600,533
600,534
600,535
600,536
600,537
600,538
601,81
601,82
601,83
601,84
601,85
601,86
601,87
601,88
601,89
601,90
601,91
601,92
601,93
601,94
601,95
601,96
601,97
601,98
601,99
601,100
601,101
601,102
601,103
601,104
601,105
601,106
601,122
601,123
601,124
601,125
601,126
601,127
601,128
601,129
601,130
601,131
601,132
601,133
601,134
601,135
601,136
601,137
601,138
601,139
601,140
601,141
601,142
601,143
601,144
601,145
601,146
601,147
601,148
601,149
601,150
601,151
601,152
601,153
601,154
601,155
601,156
601,157
601,158
601,159
601,160
601,161
601,162
601,163
601,164
601,165
601,166
601,167
601,168
601,169
601,170
601,171
601,172
601,173
601,174
601,175
601,176
601,177
601,178
601,179
601,180
601,181
601,182
601,399
601,400
601,401
601,402
601,403
601,404
601,405
601,406
601,407
601,408
601,409
601,410
601,411
601,412
601,413
601,414
601,415
601,416
601,417
601,418
601,419
601,420
601,421
601,422
601,423
601,424
601,425
601,426
601,427
601,428
601,429
601,430
601,431
601,432
601,433
601,434
601,435
601,436
601,437
601,438
601,439
601,440
601,441
601,442
601,443
601,444
601,445
601,446
601,447
601,448
601,449
601,450
601,477
601,478
601,479
601,480
601,481
601,482
601,483
601,484
601,485
601,486
601,487
601,488
601,489
601,490
601,491
601,492
601,493
601,494
601,495
601,496
601,497
601,498
601,499
601,500
601,501
601,502
601,503
601,504
601,505
601,506
601,507
601,508
601,509
601,510
601,511
601,512
601,513
601,514
601,515
601,516
601,517
601,518
601,519
601,520
601,521
601,522
601,523
601,524
601,525
601,526
601,527
601,528
601,529
601,530
601,531
601,532
601,533
601,534
601,535
601,536
601,537
601,538
601,539
602,80
602,81
602,82
602,83
602,84
602,85
602,86
602,87
602,88
602,89
602,90
602,91
602,92
602,93
602,94
602,95
602,96
602,97
602,98
602,99
602,100
602,101
602,102
602,103
602,104
602,105
602,106
602,122
602,123
602,124
602,125
602,126
602,127
602,128
602,129
602,130
602,131
602,132
602,133
602,134
602,135
602,136
602,137
602,138
602,139
602,140
602,141
602,142
602,143
602,144
602,145
602,146
602,147
602,148
602,149
602,150
602,151
602,152
602,153
602,154
602,155
602,156
602,157
602,158
602,159
602,160
602,161
602,162
602,163
602,164
602,165
602,166
602,167
602,168
602,169
602,170
602,171
602,172
602,173
602,174
602,175
602,176
602,177
602,178
602,179
602,180
602,181
602,182
602,398
602,399
602,400
602,401
602,402
602,403
602,404
602,405
602,406
602,407
602,408
602,409
602,410
602,411
602,412
602,413
602,414
602,415
602,416
602,417
602,418
602,419
602,420
602,421
602,422
602,423
602,424
602,425
602,426
602,427
602,428
602,429
602,430
602,431
602,432
602,433
602,434
602,435
602,436
602,437
602,438
602,439
602,440
602,441
602,442
602,443
602,444
602,445
602,446
602,447
602,448
602,449
602,450
602,477
602,478
602,479
602,480
602,481
602,482
602,483
602,484
602,485
602,486
602,487
602,488
602,489
602,490
602,491
602,492
602,493
602,494
602,495
602,496
602,497
602,498
602,499
602,500
602,501
602,502
602,503
602,504
602,505
602,506
602,507
602,508
602,509
602,510
602,511
602,512
602,513
602,514
602,515
602,516
602,517
602,518
602,519
602,520
602,521
602,522
602,523
602,524
602,525
602,526
602,527
602,528
602,529
602,530
602,531
602,532
602,533
602,534
602,535
602,536
602,537
602,538
602,539
603,80
603,81
603,82
603,83
603,84
603,85
603,86
603,87
603,88
603,89
603,90
603,91
603,92
603,93
603,94
603,95
603,96
603,97
603,98
603,99
603,100
603,101
603,102
603,103
603,104
603,105
603,106
603,121
603,122
603,123
603,124
603,125
603,126
603,127
603,128
603,129
603,130
603,131
603,132
603,133
603,134
603,135
603,136
603,137
603,138
603,139
603,140
603,141
603,142
603,143
603,144
603,145
603,146
603,147
603,148
603,149
603,150
603,151
603,152
603,153
603,154
603,155
603,156
603,157
603,158
603,159
603,160
603,161
603,162
603,163
603,164
603,165
603,166
603,167
603,168
603,169
603,170
603,171
603,172
603,173
603,174
603,175
603,176
603,177
603,178
603,179
603,180
603,181
603,397
603,398
603,399
603,400
603,401
603,402
603,403
603,404
603,405
603,406
603,407
603,408
603,409
603,410
603,411
603,412
603,413
603,414
603,415
603,416
603,417
603,418
603,419
603,420
603,421
603,422
603,423
603,424
603,425
603,426
603,427
603,428
603,429
603,430
603,431
603,432
603,433
603,434
603,435
603,436
603,437
603,438
603,439
603,440
603,441
603,442
603,443
603,444
603,445
603,446
603,447
603,448
603,449
603,450
603,476
603,477
603,478
603,479
603,480
603,481
603,482
603,483
603,484
603,485
603,486
603,487
603,488
603,489
603,490
603,491
603,492
603,493
603,494
603,495
603,496
603,497
603,498
603,499
603,500
603,501
603,502
603,503
603,504
603,505
603,506
603,507
603,508
603,509
603,510
603,511
603,512
603,513
603,514
603,515
603,516
603,517
603,518
603,519
603,520
603,521
603,522
603,523
603,524
603,525
603,526
603,527
603,528
603,529
603,530
603,531
603,532
603,533
603,534
603,535
603,536
603,537
603,538
603,539
603,540
604,79
604,80
604,81
604,82
604,83
604,84
604,85
604,86
604,87
604,88
604,89
604,90
604,91
604,92
604,93
604,94
604,95
604,96
604,97
604,98
604,99
604,100
604,101
604,102
604,103
604,104
604,105
604,121
604,122
604,123
604,124
604,125
604,126
604,127
604,128
604,129
604,130
604,131
604,132
604,133
604,134
604,135
604,136
604,137
604,138
604,139
604,140
604,141
604,142
604,143
604,144
604,145
604,146
604,147
604,148
604,149
604,150
604,151
604,152
604,153
604,154
604,155
604,156
604,157
604,158
604,159
604,160
604,161
604,162
604,163
604,164
604,165
604,166
604,167
604,168
604,169
604,170
604,171
604,172
604,173
604,174
604,175
604,176
604,177
604,178
604,179
604,180
604,181
604,395
604,396
604,397
604,398
604,399
604,400
604,401
604,402
604,403
604,404
604,405
604,406
604,407
604,408
604,409
604,410
604,411
604,412
604,413
604,414
604,415
604,416
604,417
604,418
604,419
604,420
604,421
604,422
604,423
604,424
604,425
604,426
604,427
604,428
604,429
604,430
604,431
604,432
604,433
604,434
604,435
604,436
604,437
604,438
604,439
604,440
604,441
604,442
604,443
604,444
604,445
604,446
604,447
604,448
604,449
604,450
604,475
604,476
604,477
604,478
604,479
604,480
604,481
604,482
604,483
604,484
604,485
604,486
604,487
604,488
604,489
604,490
604,491
604,492
604,493
604,494
604,495
604,496
604,497
604,498
604,499
604,500
604,501
604,502
604,503
604,504
604,505
604,506
604,507
604,508
604,509
604,510
604,511
604,512
604,513
604,514
604,515
604,516
604,517
604,518
604,519
604,520
604,521
604,522
604,523
604,524
604,525
604,526
604,527
604,528
604,529
604,530
604,531
604,532
604,533
604,534
604,535
604,536
604,537
604,538
604,539
604,540
604,541
605,79
605,80
605,81
605,82
605,83
605,84
605,85
605,86
605,87
605,88
605,89
605,90
605,91
605,92
605,93
605,94
605,95
605,96
605,97
605,98
605,99
605,100
605,101
605,102
605,103
605,104
605,105
605,120
605,121
605,122
605,123
605,124
605,125
605,126
605,127
605,128
605,129
605,130
605,131
605,132
605,133
605,134
605,135
605,136
605,137
605,138
605,139
605,140
605,141
605,142
605,143
605,144
605,145
605,146
605,147
605,148
605,149
605,150
605,151
605,152
605,153
605,154
605,155
605,156
605,157
605,158
605,159
605,160
605,161
605,162
605,163
605,164
605,165
605,166
605,167
605,168
605,169
605,170
605,171
605,172
605,173
605,174
605,175
605,176
605,177
605,178
605,179
605,180
605,181
605,394
605,395
605,396
605,397
605,398
605,399
605,400
605,401
605,402
605,403
605,404
605,405
605,406
605,407
605,408
605,409
605,410
605,411
605,412
605,413
605,414
605,415
605,416
605,417
605,418
605,419
605,420
605,421
605,422
605,423
605,424
605,425
605,426
605,427
605,428
605,429
605,430
605,431
605,432
605,433
605,434
605,435
605,436
605,437
605,438
605,439
605,440
605,441
605,442
605,443
605,444
605,445
605,446
605,447
605,448
605,449
605,450
605,476
605,477
605,478
605,479
605,480
605,481
605,482
605,483
605,484
605,485
605,486
605,487
605,488
605,489
605,490
605,491
605,492
605,493
605,494
605,495
605,496
605,497
605,498
605,499
605,500
605,501
605,502
605,503
605,504
605,505
605,506
605,507
605,508
605,509
605,510
605,511
605,512
605,513
605,514
605,515
605,516
605,517
605,518
605,519
605,520
605,521
605,522
605,523
605,524
605,525
605,526
605,527
605,528
605,529
605,530
605,531
605,532
605,533
605,534
605,535
605,536
605,537
605,538
605,539
605,540
605,541
606,79
606,80
606,81
606,82
606,83
606,84
606,85
606,86
606,87
606,88
606,89
606,90
606,91
606,92
606,93
606,94
606,95
606,96
606,97
606,98
606,99
606,100
606,101
606,102
606,103
606,104
606,120
606,121
606,122
606,123
606,124
606,125
606,126
606,127
606,128
606,129
606,130
606,131
606,132
606,133
606,134
606,135
606,136
606,137
606,138
606,139
606,140
606,141
606,142
606,143
606,144
606,145
606,146
606,147
606,148
606,149
606,150
606,151
606,152
606,153
606,154
606,155
606,156
606,157
606,158
606,159
606,160
606,161
606,162
606,163
606,164
606,165
606,166
606,167
606,168
606,169
606,170
606,171
606,172
606,173
606,174
606,175
606,176
606,177
606,178
606,179
606,180
606,181
606,393
606,394
606,395
606,396
606,397
606,398
606,399
606,400
606,401
606,402
606,403
606,404
606,405
606,406
606,407
606,408
606,409
606,410
606,411
606,412
606,413
606,414
606,415
606,416
606,417
606,418
606,419
606,420
606,421
606,422
606,423
606,424
606,425
606,426
606,427
606,428
606,429
606,430
606,431
606,432
606,433
606,434
606,435
606,436
606,437
606,438
606,439
606,440
606,441
606,442
606,443
606,444
606,445
606,446
606,447
606,448
606,449
606,450
606,476
606,477
606,478
606,479
606,480
606,481
606,482
606,483
606,484
606,485
606,486
606,487
606,488
606,489
606,490
606,491
606,492
606,493
606,494
606,495
606,496
606,497
606,498
606,499
606,500
606,501
606,502
606,503
606,504
606,505
606,506
606,507
606,508
606,509
606,510
606,511
606,512
606,513
606,514
606,515
606,516
606,517
606,518
606,519
606,520
606,521
606,522
606,523
606,524
606,525
606,526
606,527
606,528
606,529
606,530
606,531
606,532
606,533
606,534
606,535
606,536
606,537
606,538
606,539
606,540
606,541
606,542
607,78
607,79
607,80
607,81
607,82
607,83
607,84
607,85
607,86
607,87
607,88
607,89
607,90
607,91
607,92
607,93
607,94
607,95
607,96
607,97
607,98
607,99
607,100
607,101
607,102
607,103
607,104
607,120
607,121
607,122
607,123
607,124
607,125
607,126
607,127
607,128
607,129
607,130
607,131
607,132
607,133
607,134
607,135
607,136
607,137
607,138
607,139
607,140
607,141
607,142
607,143
607,144
607,145
607,146
607,147
607,148
607,149
607,150
607,151
607,152
607,153
607,154
607,155
607,156
607,157
607,158
607,159
607,160
607,161
607,162
607,163
607,164
607,165
607,166
607,167
607,168
607,169
607,170
607,171
607,172
607,173
607,174
607,175
607,176
607,177
607,178
607,179
607,180
607,181
607,393
607,394
607,395
607,396
607,397
607,398
607,399
607,400
607,401
607,402
607,403
607,404
607,405
607,406
607,407
607,408
607,409
607,410
607,411
607,412
607,413
607,414
607,415
607,416
607,417
607,418
607,419
607,420
607,421
607,422
607,423
607,424
607,425
607,426
607,427
607,428
607,429
607,430
607,431
607,432
607,433
607,434
607,435
607,436
607,437
607,438
607,439
607,440
607,441
607,442
607,443
607,444
607,445
607,446
607,447
607,448
607,449
607,450
607,477
607,478
607,479
607,480
607,481
607,482
607,483
607,484
607,485
607,486
607,487
607,488
607,489
607,490
607,491
607,492
607,493
607,494
607,495
607,496
607,497
607,498
607,499
607,500
607,501
607,502
607,503
607,504
607,505
607,506
607,507
607,508
607,509
607,510
607,511
607,512
607,513
607,514
607,515
607,516
607,517
607,518
607,519
607,520
607,521
607,522
607,523
607,524
607,525
607,526
607,527
607,528
607,529
607,530
607,531
607,532
607,533
607,534
607,535
607,536
607,537
607,538
607,539
607,540
607,541
607,542
607,543
608,78
608,79
608,80
608,81
608,82
608,83
608,84
608,85
608,86
608,87
608,88
608,89
608,90
608,91
608,92
608,93
608,94
608,95
608,96
608,97
608,98
608,99
608,100
608,101
608,102
608,103
608,104
608,119
608,120
608,121
608,122
608,123
608,124
608,125
608,126
608,127
608,128
608,129
608,130
608,131
608,132
608,133
608,134
608,135
608,136
608,137
608,138
608,139
608,140
608,141
608,142
608,143
608,144
608,145
608,146
608,147
608,148
608,149
608,150
608,151
608,152
608,153
608,154
608,155
608,156
608,157
608,158
608,159
608,160
608,161
608,162
608,163
608,164
608,165
608,166
608,167
608,168
608,169
608,170
608,171
608,172
608,173
608,174
608,175
608,176
608,177
608,178
608,179
608,180
608,181
608,393
608,394
608,395
608,396
608,397
608,398
608,399
608,400
608,401
608,402
608,403
608,404
608,405
608,406
608,407
608,408
608,409
608,410
608,411
608,412
608,413
608,414
608,415
608,416
608,417
608,418
608,419
608,420
608,421
608,422
608,423
608,424
608,425
608,426
608,427
608,428
608,429
608,430
608,431
608,432
608,433
608,434
608,435
608,436
608,437
608,438
608,439
608,440
608,441
608,442
608,443
608,444
608,445
608,446
608,447
608,448
608,449
608,450
608,478
608,479
608,480
608,481
608,482
608,483
608,484
608,485
608,486
608,487
608,488
608,489
608,490
608,491
608,492
608,493
608,494
608,495
608,496
608,497
608,498
608,499
608,500
608,501
608,502
608,503
608,504
608,505
608,506
608,507
608,508
608,509
608,510
608,511
608,512
608,513
608,514
608,515
608,516
608,517
608,518
608,519
608,520
608,521
608,522
608,523
608,524
608,525
608,526
608,527
608,528
608,529
608,530
608,531
608,532
608,533
608,534
608,535
608,536
608,537
608,538
608,539
608,540
608,541
608,542
608,543
609,77
609,78
609,79
609,80
609,81
609,82
609,83
609,84
609,85
609,86
609,87
609,88
609,89
609,90
609,91
609,92
609,93
609,94
609,95
609,96
609,97
609,98
609,99
609,100
609,101
609,102
609,103
609,119
609,120
609,121
609,122
609,123
609,124
609,125
609,126
609,127
609,128
609,129
609,130
609,131
609,132
609,133
609,134
609,135
609,136
609,137
609,138
609,139
609,140
609,141
609,142
609,143
609,144
609,145
609,146
609,147
609,148
609,149
609,150
609,151
609,152
609,153
609,154
609,155
609,156
609,157
609,158
609,159
609,160
609,161
609,162
609,163
609,164
609,165
609,166
609,167
609,168
609,169
609,170
609,171
609,172
609,173
609,174
609,175
609,176
609,177
609,178
609,179
609,180
609,181
609,394
609,395
609,396
609,397
609,398
609,399
609,400
609,401
609,402
609,403
609,404
609,405
609,406
609,407
609,408
609,409
609,410
609,411
609,412
609,413
609,414
609,415
609,416
609,417
609,418
609,419
609,420
609,421
609,422
609,423
609,424
609,425
609,426
609,427
609,428
609,429
609,430
609,431
609,432
609,433
609,434
609,435
609,436
609,437
609,438
609,439
609,440
609,441
609,442
609,443
609,444
609,445
609,446
609,447
609,448
609,449
609,450
609,478
609,479
609,480
609,481
609,482
609,483
609,484
609,485
609,486
609,487
609,488
609,489
609,490
609,491
609,492
609,493
609,494
609,495
609,496
609,497
609,498
609,499
609,500
609,501
609,502
609,503
609,504
609,505
609,506
609,507
609,508
609,509
609,510
609,511
609,512
609,513
609,514
609,515
609,516
609,517
609,518
609,519
609,520
609,521
609,522
609,523
609,524
609,525
609,526
609,527
609,528
609,529
609,530
609,531
609,532
609,533
609,534
609,535
609,536
609,537
609,538
609,539
609,540
609,541
609,542
609,543
609,544
610,77
610,78
610,79
610,80
610,81
610,82
610,83
610,84
610,85
610,86
610,87
610,88
610,89
610,90
610,91
610,92
610,93
610,94
610,95
610,96
610,97
610,98
610,99
610,100
610,101
610,102
610,103
610,118
610,119
610,120
610,121
610,122
610,123
610,124
610,125
610,126
610,127
610,128
610,129
610,130
610,131
610,132
610,133
610,134
610,135
610,136
610,137
610,138
610,139
610,140
610,141
610,142
610,143
610,144
610,145
610,146
610,147
610,148
610,149
610,150
610,151
610,152
610,153
610,154
610,155
610,156
610,157
610,158
610,159
610,160
610,161
610,162
610,163
610,164
610,165
610,166
610,167
610,168
610,169
610,170
610,171
610,172
610,173
610,174
610,175
610,176
610,177
610,178
610,179
610,180
610,181
610,394
610,395
610,396
610,397
610,398
610,399
610,400
610,401
610,402
610,403
610,404
610,405
610,406
610,407
610,408
610,409
610,410
610,411
610,412
610,413
610,414
610,415
610,416
610,417
610,418
610,419
610,420
610,421
610,422
610,423
610,424
610,425
610,426
610,427
610,428
610,429
610,430
610,431
610,432
610,433
610,434
610,435
610,436
610,437
610,438
610,439
610,440
610,441
610,442
610,443
610,444
610,445
610,446
610,447
610,448
610,449
610,450
610,451
610,479
610,480
610,481
610,482
610,483
610,484
610,485
610,486
610,487
610,488
610,489
610,490
610,491
610,492
610,493
610,494
610,495
610,496
610,497
610,498
610,499
610,500
610,501
610,502
610,503
610,504
610,505
610,506
610,507
610,508
610,509
610,510
610,511
610,512
610,513
610,514
610,515
610,516
610,517
610,518
610,519
610,520
610,521
610,522
610,523
610,524
610,525
610,526
610,527
610,528
610,529
610,530
610,531
610,532
610,533
610,534
610,535
610,536
610,537
610,538
610,539
610,540
610,541
610,542
610,543
610,544
610,545
611,79
611,80
611,81
611,82
611,83
611,84
611,85
611,86
611,87
611,88
611,89
611,90
611,91
611,92
611,93
611,94
611,95
611,96
611,97
611,98
611,99
611,100
611,101
611,102
611,118
611,119
611,120
611,121
611,122
611,123
611,124
611,125
611,126
611,127
611,128
611,129
611,130
611,131
611,132
611,133
611,134
611,135
611,136
611,137
611,138
611,139
611,140
611,141
611,142
611,143
611,144
611,145
611,146
611,147
611,148
611,149
611,150
611,151
611,152
611,153
611,154
611,155
611,156
611,157
611,158
611,159
611,160
611,161
611,162
611,163
611,164
611,165
611,166
611,167
611,168
611,169
611,170
611,171
611,172
611,173
611,174
611,175
611,176
611,177
611,178
611,179
611,180
611,181
611,394
611,395
611,396
611,397
611,398
611,399
611,400
611,401
611,402
611,403
611,404
611,405
611,406
611,407
611,408
611,409
611,410
611,411
611,412
611,413
611,414
611,415
611,416
611,417
611,418
611,419
611,420
611,421
611,422
611,423
611,424
611,425
611,426
611,427
611,428
611,429
611,430
611,431
611,432
611,433
611,434
611,435
611,436
611,437
611,438
611,439
611,440
611,441
611,442
611,443
611,444
611,445
611,446
611,447
611,448
611,449
611,450
611,451
611,480
611,481
611,482
611,483
611,484
611,485
611,486
611,487
611,488
611,489
611,490
611,491
611,492
611,493
611,494
611,495
611,496
611,497
611,498
611,499
611,500
611,501
611,502
611,503
611,504
611,505
611,506
611,507
611,508
611,509
611,510
611,511
611,512
611,513
611,514
611,515
611,516
611,517
611,518
611,519
611,520
611,521
611,522
611,523
611,524
611,525
611,526
611,527
611,528
611,529
611,530
611,531
611,532
611,533
611,534
611,535
611,536
611,537
611,538
611,539
611,540
611,541
611,542
611,543
611,544
611,545
612,81
612,82
612,83
612,84
612,85
612,86
612,87
612,88
612,89
612,90
612,91
612,92
612,93
612,94
612,95
612,96
612,97
612,98
612,99
612,100
612,101
612,102
612,118
612,119
612,120
612,121
612,122
612,123
612,124
612,125
612,126
612,127
612,128
612,129
612,130
612,131
612,132
612,133
612,134
612,135
612,136
612,137
612,138
612,139
612,140
612,141
612,142
612,143
612,144
612,145
612,146
612,147
612,148
612,149
612,150
612,151
612,152
612,153
612,154
612,155
612,156
612,157
612,158
612,159
612,160
612,161
612,162
612,163
612,164
612,165
612,166
612,167
612,168
612,169
612,170
612,171
612,172
612,173
612,174
612,175
612,176
612,177
612,178
612,179
612,180
612,181
612,394
612,395
612,396
612,397
612,398
612,399
612,400
612,401
612,402
612,403
612,404
612,405
612,406
612,407
612,408
612,409
612,410
612,411
612,412
612,413
612,414
612,415
612,416
612,417
612,418
612,419
612,420
612,421
612,422
612,423
612,424
612,425
612,426
612,427
612,428
612,429
612,430
612,431
612,432
612,433
612,434
612,435
612,436
612,437
612,438
612,439
612,440
612,441
612,442
612,443
612,444
612,445
612,446
612,447
612,448
612,449
612,450
612,451
612,480
612,481
612,482
612,483
612,484
612,485
612,486
612,487
612,488
612,489
612,490
612,491
612,492
612,493
612,494
612,495
612,496
612,497
612,498
612,499
612,500
612,501
612,502
612,503
612,504
612,505
612,506
612,507
612,508
612,509
612,510
612,511
612,512
612,513
612,514
612,515
612,516
612,517
612,518
612,519
612,520
612,521
612,522
612,523
612,524
612,525
612,526
612,527
612,528
612,529
612,530
612,531
612,532
612,533
612,534
612,535
612,536
612,537
612,538
612,539
612,540
612,541
612,542
612,543
612,544
612,545
612,546
613,84
613,85
613,86
613,87
613,88
613,89
613,90
613,91
613,92
613,93
613,94
613,95
613,96
613,97
613,98
613,99
613,100
613,101
613,117
613,118
613,119
613,120
613,121
613,122
613,123
613,124
613,125
613,126
613,127
613,128
613,129
613,130
613,131
613,132
613,133
613,134
613,135
613,136
613,137
613,138
613,139
613,140
613,141
613,142
613,143
613,144
613,145
613,146
613,147
613,148
613,149
613,150
613,151
613,152
613,153
613,154
613,155
613,156
613,157
613,158
613,159
613,160
613,161
613,162
613,163
613,164
613,165
613,166
613,167
613,168
613,169
613,170
613,171
613,172
613,173
613,174
613,175
613,176
613,177
613,178
613,179
613,180
613,181
613,395
613,396
613,397
613,398
613,399
613,400
613,401
613,402
613,403
613,404
613,405
613,406
613,407
613,408
613,409
613,410
613,411
613,412
613,413
613,414
613,415
613,416
613,417
613,418
613,419
613,420
613,421
613,422
613,423
613,424
613,425
613,426
613,427
613,428
613,429
613,430
613,431
613,432
613,433
613,434
613,435
613,436
613,437
613,438
613,439
613,440
613,441
613,442
613,443
613,444
613,445
613,446
613,447
613,448
613,449
613,450
613,451
613,481
613,482
613,483
613,484
613,485
613,486
613,487
613,488
613,489
613,490
613,491
613,492
613,493
613,494
613,495
613,496
613,497
613,498
613,499
613,500
613,501
613,502
613,503
613,504
613,505
613,506
613,507
613,508
613,509
613,510
613,511
613,512
613,513
613,514
613,515
613,516
613,517
613,518
613,519
613,520
613,521
613,522
613,523
613,524
613,525
613,526
613,527
613,528
613,529
613,530
613,531
613,532
613,533
613,534
613,535
613,536
613,537
613,538
613,539
613,540
613,541
613,542
613,543
613,544
613,545
614,86
614,87
614,88
614,89
614,90
614,91
614,92
614,93
614,94
614,95
614,96
614,97
614,98
614,99
614,100
614,101
614,117
614,118
614,119
614,120
614,121
614,122
614,123
614,124
614,125
614,126
614,127
614,128
614,129
614,130
614,131
614,132
614,133
614,134
614,135
614,136
614,137
614,138
614,139
614,140
614,141
614,142
614,143
614,144
614,145
614,146
614,147
614,148
614,149
614,150
614,151
614,152
614,153
614,154
614,155
614,156
614,157
614,158
614,159
614,160
614,161
614,162
614,163
614,164
614,165
614,166
614,167
614,168
614,169
614,170
614,171
614,172
614,173
614,174
614,175
614,176
614,177
614,178
614,179
614,180
614,181
614,395
614,396
614,397
614,398
614,399
614,400
614,401
614,402
614,403
614,404
614,405
614,406
614,407
614,408
614,409
614,410
614,411
614,412
614,413
614,414
614,415
614,416
614,417
614,418
614,419
614,420
614,421
614,422
614,423
614,424
614,425
614,426
614,427
614,428
614,429
614,430
614,431
614,432
614,433
614,434
614,435
614,436
614,437
614,438
614,439
614,440
614,441
614,442
614,443
614,444
614,445
614,446
614,447
614,448
614,449
614,450
614,451
614,452
614,482
614,483
614,484
614,485
614,486
614,487
614,488
614,489
614,490
614,491
614,492
614,493
614,494
614,495
614,496
614,497
614,498
614,499
614,500
614,501
614,502
614,503
614,504
614,505
614,506
614,507
614,508
614,509
614,510
614,511
614,512
614,513
614,514
614,515
614,516
614,517
614,518
614,519
614,520
614,521
614,522
614,523
614,524
614,525
614,526
614,527
614,528
614,529
614,530
614,531
614,532
614,533
614,534
614,535
614,536
614,537
614,538
614,539
614,540
614,541
614,542
614,543
614,544
615,89
615,90
615,91
615,92
615,93
615,94
615,95
615,96
615,97
615,98
615,99
615,100
615,101
615,116
615,117
615,118
615,119
615,120
615,121
615,122
615,123
615,124
615,125
615,126
615,127
615,128
615,129
615,130
615,131
615,132
615,133
615,134
615,135
615,136
615,137
615,138
615,139
615,140
615,141
615,142
615,143
615,144
615,145
615,146
615,147
615,148
615,149
615,150
615,151
615,152
615,153
615,154
615,155
615,156
615,157
615,158
615,159
615,160
615,161
615,162
615,163
615,164
615,165
615,166
615,167
615,168
615,169
615,170
615,171
615,172
615,173
615,174
615,175
615,176
615,177
615,178
615,179
615,180
615,181
615,395
615,396
615,397
615,398
615,399
615,400
615,401
615,402
615,403
615,404
615,405
615,406
615,407
615,408
615,409
615,410
615,411
615,412
615,413
615,414
615,415
615,416
615,417
615,418
615,419
615,420
615,421
615,422
615,423
615,424
615,425
615,426
615,427
615,428
615,429
615,430
615,431
615,432
615,433
615,434
615,435
615,436
615,437
615,438
615,439
615,440
615,441
615,442
615,443
615,444
615,445
615,446
615,447
615,448
615,449
615,450
615,451
615,452
615,482
615,483
615,484
615,485
615,486
615,487
615,488
615,489
615,490
615,491
615,492
615,493
615,494
615,495
615,496
615,497
615,498
615,499
615,500
615,501
615,502
615,503
615,504
615,505
615,506
615,507
615,508
615,509
615,510
615,511
615,512
615,513
615,514
615,515
615,516
615,517
615,518
615,519
615,520
615,521
615,522
615,523
615,524
615,525
615,526
615,527
615,528
615,529
615,530
615,531
615,532
615,533
615,534
615,535
615,536
615,537
615,538
615,539
615,540
615,541
615,542
615,543
616,91
616,92
616,93
616,94
616,95
616,96
616,97
616,98
616,99
616,100
616,116
616,117
616,118
616,119
616,120
616,121
616,122
616,123
616,124
616,125
616,126
616,127
616,128
616,129
616,130
616,131
616,132
616,133
616,134
616,135
616,136
616,137
616,138
616,139
616,140
616,141
616,142
616,143
616,144
616,145
616,146
616,147
616,148
616,149
616,150
616,151
616,152
616,153
616,154
616,155
616,156
616,157
616,158
616,159
616,160
616,161
616,162
616,163
616,164
616,165
616,166
616,167
616,168
616,169
616,170
616,171
616,172
616,173
616,174
616,175
616,176
616,177
616,178
616,179
616,180
616,181
616,182
616,395
616,396
616,397
616,398
616,399
616,400
616,401
616,402
616,403
616,404
616,405
616,406
616,407
616,408
616,409
616,410
616,411
616,412
616,413
616,414
616,415
616,416
616,417
616,418
616,419
616,420
616,421
616,422
616,423
616,424
616,425
616,426
616,427
616,428
616,429
616,430
616,431
616,432
616,433
616,434
616,435
616,436
616,437
616,438
616,439
616,440
616,441
616,442
616,443
616,444
616,445
616,446
616,447
616,448
616,449
616,450
616,451
616,452
616,483
616,484
616,485
616,486
616,487
616,488
616,489
616,490
616,491
616,492
616,493
616,494
616,495
616,496
616,497
616,498
616,499
616,500
616,501
616,502
616,503
616,504
616,505
616,506
616,507
616,508
616,509
616,510
616,511
616,512
616,513
616,514
616,515
616,516
616,517
616,518
616,519
616,520
616,521
616,522
616,523
616,524
616,525
616,526
616,527
616,528
616,529
616,530
616,531
616,532
616,533
616,534
616,535
616,536
616,537
616,538
616,539
616,540
616,541
616,542
617,93
617,94
617,95
617,96
617,97
617,98
617,99
617,100
617,116
617,117
617,118
617,119
617,120
617,121
617,122
617,123
617,124
617,125
617,126
617,127
617,128
617,129
617,130
617,131
617,132
617,133
617,134
617,135
617,136
617,137
617,138
617,139
617,140
617,141
617,142
617,143
617,144
617,145
617,146
617,147
617,148
617,149
617,150
617,151
617,152
617,153
617,154
617,155
617,156
617,157
617,158
617,159
617,160
617,161
617,162
617,163
617,164
617,165
617,166
617,167
617,168
617,169
617,170
617,171
617,172
617,173
617,174
617,175
617,176
617,177
617,178
617,179
617,180
617,181
617,182
617,396
617,397
617,398
617,399
617,400
617,401
617,402
617,403
617,404
617,405
617,406
617,407
617,408
617,409
617,410
617,411
617,412
617,413
617,414
617,415
617,416
617,417
617,418
617,419
617,420
617,421
617,422
617,423
617,424
617,425
617,426
617,427
617,428
617,429
617,430
617,431
617,432
617,433
617,434
617,435
617,436
617,437
617,438
617,439
617,440
617,441
617,442
617,443
617,444
617,445
617,446
617,447
617,448
617,449
617,450
617,451
617,484
617,485
617,486
617,487
617,488
617,489
617,490
617,491
617,492
617,493
617,494
617,495
617,496
617,497
617,498
617,499
617,500
617,501
617,502
617,503
617,504
617,505
617,506
617,507
617,508
617,509
617,510
617,511
617,512
617,513
617,514
617,515
617,516
617,517
617,518
617,519
617,520
617,521
617,522
617,523
617,524
617,525
617,526
617,527
617,528
617,529
617,530
617,531
617,532
617,533
617,534
617,535
617,536
617,537
617,538
617,539
617,540
617,541
617,542
618,96
618,97
618,98
618,99
618,115
618,116
618,117
618,118
618,119
618,120
618,121
618,122
618,123
618,124
618,125
618,126
618,127
618,128
618,129
618,130
618,131
618,132
618,133
618,134
618,135
618,136
618,137
618,138
618,139
618,140
618,141
618,142
618,143
618,144
618,145
618,146
618,147
618,148
618,149
618,150
618,151
618,152
618,153
618,154
618,155
618,156
618,157
618,158
618,159
618,160
618,161
618,162
618,163
618,164
618,165
618,166
618,167
618,168
618,169
618,170
618,171
618,172
618,173
618,174
618,175
618,176
618,177
618,178
618,179
618,180
618,181
618,182
618,183
618,396
618,397
618,398
618,399
618,400
618,401
618,402
618,403
618,404
618,405
618,406
618,407
618,408
618,409
618,410
618,411
618,412
618,413
618,414
618,415
618,416
618,417
618,418
618,419
618,420
618,421
618,422
618,423
618,424
618,425
618,426
618,427
618,428
618,429
618,430
618,431
618,432
618,433
618,434
618,435
618,436
618,437
618,438
618,439
618,440
618,441
618,442
618,443
618,444
618,445
618,446
618,447
618,448
618,449
618,450
618,485
618,486
618,487
618,488
618,489
618,490
618,491
618,492
618,493
618,494
618,495
618,496
618,497
618,498
618,499
618,500
618,501
618,502
618,503
618,504
618,505
618,506
618,507
618,508
618,509
618,510
618,511
618,512
618,513
618,514
618,515
618,516
618,517
618,518
618,519
618,520
618,521
618,522
618,523
618,524
618,525
618,526
618,527
618,528
618,529
618,530
618,531
618,532
618,533
618,534
618,535
618,536
618,537
618,538
618,539
618,540
618,541
619,98
619,99
619,115
619,116
619,117
619,118
619,119
619,120
619,121
619,122
619,123
619,124
619,125
619,126
619,127
619,128
619,129
619,130
619,131
619,132
619,133
619,134
619,135
619,136
619,137
619,138
619,139
619,140
619,141
619,142
619,143
619,144
619,145
619,146
619,147
619,148
619,149
619,150
619,151
619,152
619,153
619,154
619,155
619,156
619,157
619,158
619,159
619,160
619,161
619,162
619,163
619,164
619,165
619,166
619,167
619,168
619,169
619,170
619,171
619,172
619,173
619,174
619,175
619,176
619,177
619,178
619,179
619,180
619,181
619,182
619,183
619,396
619,397
619,398
619,399
619,400
619,401
619,402
619,403
619,404
619,405
619,406
619,407
619,408
619,409
619,410
619,411
619,412
619,413
619,414
619,415
619,416
619,417
619,418
619,419
619,420
619,421
619,422
619,423
619,424
619,425
619,426
619,427
619,428
619,429
619,430
619,431
619,432
619,433
619,434
619,435
619,436
619,437
619,438
619,439
619,440
619,441
619,442
619,443
619,444
619,445
619,446
619,447
619,448
619,449
619,485
619,486
619,487
619,488
619,489
619,490
619,491
619,492
619,493
619,494
619,495
619,496
619,497
619,498
619,499
619,500
619,501
619,502
619,503
619,504
619,505
619,506
619,507
619,508
619,509
619,510
619,511
619,512
619,513
619,514
619,515
619,516
619,517
619,518
619,519
619,520
619,521
619,522
619,523
619,524
619,525
619,526
619,527
619,528
619,529
619,530
619,531
619,532
619,533
619,534
619,535
619,536
619,537
619,538
619,539
619,540
620,114
620,115
620,116
620,117
620,118
620,119
620,120
620,121
620,122
620,123
620,124
620,125
620,126
620,127
620,128
620,129
620,130
620,131
620,132
620,133
620,134
620,135
620,136
620,137
620,138
620,139
620,140
620,141
620,142
620,143
620,144
620,145
620,146
620,147
620,148
620,149
620,150
620,151
620,152
620,153
620,154
620,155
620,156
620,157
620,158
620,159
620,160
620,161
620,162
620,163
620,164
620,165
620,166
620,167
620,168
620,169
620,170
620,171
620,172
620,173
620,174
620,175
620,176
620,177
620,178
620,179
620,180
620,181
620,182
620,183
620,184
620,396
620,397
620,398
620,399
620,400
620,401
620,402
620,403
620,404
620,405
620,406
620,407
620,408
620,409
620,410
620,411
620,412
620,413
620,414
620,415
620,416
620,417
620,418
620,419
620,420
620,421
620,422
620,423
620,424
620,425
620,426
620,427
620,428
620,429
620,430
620,431
620,432
620,433
620,434
620,435
620,436
620,437
620,438
620,439
620,440
620,441
620,442
620,443
620,444
620,445
620,446
620,447
620,448
620,486
620,487
620,488
620,489
620,490
620,491
620,492
620,493
620,494
620,495
620,496
620,497
620,498
620,499
620,500
620,501
620,502
620,503
620,504
620,505
620,506
620,507
620,508
620,509
620,510
620,511
620,512
620,513
620,514
620,515
620,516
620,517
620,518
620,519
620,520
620,521
620,522
620,523
620,524
620,525
620,526
620,527
620,528
620,529
620,530
620,531
620,532
620,533
620,534
620,535
620,536
620,537
620,538
620,539
621,114
621,115
621,116
621,117
621,118
621,119
621,120
621,121
621,122
621,123
621,124
621,125
621,126
621,127
621,128
621,129
621,130
621,131
621,132
621,133
621,134
621,135
621,136
621,137
621,138
621,139
621,140
621,141
621,142
621,143
621,144
621,145
621,146
621,147
621,148
621,149
621,150
621,151
621,152
621,153
621,154
621,155
621,156
621,157
621,158
621,159
621,160
621,161
621,162
621,163
621,164
621,165
621,166
621,167
621,168
621,169
621,170
621,171
621,172
621,173
621,174
621,175
621,176
621,177
621,178
621,179
621,180
621,181
621,182
621,183
621,184
621,396
621,397
621,398
621,399
621,400
621,401
621,402
621,403
621,404
621,405
621,406
621,407
621,408
621,409
621,410
621,411
621,412
621,413
621,414
621,415
621,416
621,417
621,418
621,419
621,420
621,421
621,422
621,423
621,424
621,425
621,426
621,427
621,428
621,429
621,430
621,431
621,432
621,433
621,434
621,435
621,436
621,437
621,438
621,439
621,440
621,441
621,442
621,443
621,444
621,445
621,446
621,487
621,488
621,489
621,490
621,491
621,492
621,493
621,494
621,495
621,496
621,497
621,498
621,499
621,500
621,501
621,502
621,503
621,504
621,505
621,506
621,507
621,508
621,509
621,510
621,511
621,512
621,513
621,514
621,515
621,516
621,517
621,518
621,519
621,520
621,521
621,522
621,523
621,524
621,525
621,526
621,527
621,528
621,529
621,530
621,531
621,532
621,533
621,534
621,535
621,536
621,537
621,538
622,113
622,114
622,115
622,116
622,117
622,118
622,119
622,120
622,121
622,122
622,123
622,124
622,125
622,126
622,127
622,128
622,129
622,130
622,131
622,132
622,133
622,134
622,135
622,136
622,137
622,138
622,139
622,140
622,141
622,142
622,143
622,144
622,145
622,146
622,147
622,148
622,149
622,150
622,151
622,152
622,153
622,154
622,155
622,156
622,157
622,158
622,159
622,160
622,161
622,162
622,163
622,164
622,165
622,166
622,167
622,168
622,169
622,170
622,171
622,172
622,173
622,174
622,175
622,176
622,177
622,178
622,179
622,180
622,181
622,182
622,183
622,184
622,185
622,396
622,397
622,398
622,399
622,400
622,401
622,402
622,403
622,404
622,405
622,406
622,407
622,408
622,409
622,410
622,411
622,412
622,413
622,414
622,415
622,416
622,417
622,418
622,419
622,420
622,421
622,422
622,423
622,424
622,425
622,426
622,427
622,428
622,429
622,430
622,431
622,432
622,433
622,434
622,435
622,436
622,437
622,438
622,439
622,440
622,441
622,442
622,443
622,444
622,445
622,487
622,488
622,489
622,490
622,491
622,492
622,493
622,494
622,495
622,496
622,497
622,498
622,499
622,500
622,501
622,502
622,503
622,504
622,505
622,506
622,507
622,508
622,509
622,510
622,511
622,512
622,513
622,514
622,515
622,516
622,517
622,518
622,519
622,520
622,521
622,522
622,523
622,524
622,525
622,526
622,527
622,528
622,529
622,530
622,531
622,532
622,533
622,534
622,535
622,536
622,537
623,113
623,114
623,115
623,116
623,117
623,118
623,119
623,120
623,121
623,122
623,123
623,124
623,125
623,126
623,127
623,128
623,129
623,130
623,131
623,132
623,133
623,134
623,135
623,136
623,137
623,138
623,139
623,140
623,141
623,142
623,143
623,144
623,145
623,146
623,147
623,148
623,149
623,150
623,151
623,152
623,153
623,154
623,155
623,156
623,157
623,158
623,159
623,160
623,161
623,162
623,163
623,164
623,165
623,166
623,167
623,168
623,169
623,170
623,171
623,172
623,173
623,174
623,175
623,176
623,177
623,178
623,179
623,180
623,181
623,182
623,183
623,184
623,185
623,397
623,398
623,399
623,400
623,401
623,402
623,403
623,404
623,405
623,406
623,407
623,408
623,409
623,410
623,411
623,412
623,413
623,414
623,415
623,416
623,417
623,418
623,419
623,420
623,421
623,422
623,423
623,424
623,425
623,426
623,427
623,428
623,429
623,430
623,431
623,432
623,433
623,434
623,435
623,436
623,437
623,438
623,439
623,440
623,441
623,442
623,443
623,444
623,488
623,489
623,490
623,491
623,492
623,493
623,494
623,495
623,496
623,497
623,498
623,499
623,500
623,501
623,502
623,503
623,504
623,505
623,506
623,507
623,508
623,509
623,510
623,511
623,512
623,513
623,514
623,515
623,516
623,517
623,518
623,519
623,520
623,521
623,522
623,523
623,524
623,525
623,526
623,527
623,528
623,529
623,530
623,531
623,532
623,533
623,534
623,535
623,536
624,113
624,114
624,115
624,116
624,117
624,118
624,119
624,120
624,121
624,122
624,123
624,124
624,125
624,126
624,127
624,128
624,129
624,130
624,131
624,132
624,133
624,134
624,135
624,136
624,137
624,138
624,139
624,140
624,141
624,142
624,143
624,144
624,145
624,146
624,147
624,148
624,149
624,150
624,151
624,152
624,153
624,154
624,155
624,156
624,157
624,158
624,159
624,160
624,161
624,162
624,163
624,164
624,165
624,166
624,167
624,168
624,169
624,170
624,171
624,172
624,173
624,174
624,175
624,176
624,177
624,178
624,179
624,180
624,181
624,182
624,183
624,184
624,185
624,186
624,397
624,398
624,399
624,400
624,401
624,402
624,403
624,404
624,405
624,406
624,407
624,408
624,409
624,410
624,411
624,412
624,413
624,414
624,415
624,416
624,417
624,418
624,419
624,420
624,421
624,422
624,423
624,424
624,425
624,426
624,427
624,428
624,429
624,430
624,431
624,432
624,433
624,434
624,435
624,436
624,437
624,438
624,439
624,440
624,441
624,442
624,443
624,489
624,490
624,491
624,492
624,493
624,494
624,495
624,496
624,497
624,498
624,499
624,500
624,501
624,502
624,503
624,504
624,505
624,506
624,507
624,508
624,509
624,510
624,511
624,512
624,513
624,514
624,515
624,516
624,517
624,518
624,519
624,520
624,521
624,522
624,523
624,524
624,525
624,526
624,527
624,528
624,529
624,530
624,531
624,532
624,533
624,534
624,535
625,112
625,113
625,114
625,115
625,116
625,117
625,118
625,119
625,120
625,121
625,122
625,123
625,124
625,125
625,126
625,127
625,128
625,129
625,130
625,131
625,132
625,133
625,134
625,135
625,136
625,137
625,138
625,139
625,140
625,141
625,142
625,143
625,144
625,145
625,146
625,147
625,148
625,149
625,150
625,151
625,152
625,153
625,154
625,155
625,156
625,157
625,158
625,159
625,160
625,161
625,162
625,163
625,164
625,165
625,166
625,167
625,168
625,169
625,170
625,171
625,172
625,173
625,174
625,175
625,176
625,177
625,178
625,179
625,180
625,181
625,182
625,183
625,184
625,185
625,186
625,397
625,398
625,399
625,400
625,401
625,402
625,403
625,404
625,405
625,406
625,407
625,408
625,409
625,410
625,411
625,412
625,413
625,414
625,415
625,416
625,417
625,418
625,419
625,420
625,421
625,422
625,423
625,424
625,425
625,426
625,427
625,428
625,429
625,430
625,431
625,432
625,433
625,434
625,435
625,436
625,437
625,438
625,439
625,440
625,441
625,442
625,489
625,490
625,491
625,492
625,493
625,494
625,495
625,496
625,497
625,498
625,499
625,500
625,501
625,502
625,503
625,504
625,505
625,506
625,507
625,508
625,509
625,510
625,511
625,512
625,513
625,514
625,515
625,516
625,517
625,518
625,519
625,520
625,521
625,522
625,523
625,524
625,525
625,526
625,527
625,528
625,529
625,530
625,531
625,532
625,533
625,534
626,112
626,113
626,114
626,115
626,116
626,117
626,118
626,119
626,120
626,121
626,122
626,123
626,124
626,125
626,126
626,127
626,128
626,129
626,130
626,131
626,132
626,133
626,134
626,135
626,136
626,137
626,138
626,139
626,140
626,141
626,142
626,143
626,144
626,145
626,146
626,147
626,148
626,149
626,150
626,151
626,152
626,153
626,154
626,155
626,156
626,157
626,158
626,159
626,160
626,161
626,162
626,163
626,164
626,165
626,166
626,167
626,168
626,169
626,170
626,171
626,172
626,173
626,174
626,175
626,176
626,177
626,178
626,179
626,180
626,181
626,182
626,183
626,184
626,185
626,186
626,187
626,398
626,399
626,400
626,401
626,402
626,403
626,404
626,405
626,406
626,407
626,408
626,409
626,410
626,411
626,412
626,413
626,414
626,415
626,416
626,417
626,418
626,419
626,420
626,421
626,422
626,423
626,424
626,425
626,426
626,427
626,428
626,429
626,430
626,431
626,432
626,433
626,434
626,435
626,436
626,437
626,438
626,439
626,440
626,441
626,490
626,491
626,492
626,493
626,494
626,495
626,496
626,497
626,498
626,499
626,500
626,501
626,502
626,503
626,504
626,505
626,506
626,507
626,508
626,509
626,510
626,511
626,512
626,513
626,514
626,515
626,516
626,517
626,518
626,519
626,520
626,521
626,522
626,523
626,524
626,525
626,526
626,527
626,528
626,529
626,530
626,531
626,532
626,533
626,534
627,111
627,112
627,113
627,114
627,115
627,116
627,117
627,118
627,119
627,120
627,121
627,122
627,123
627,124
627,125
627,126
627,127
627,128
627,129
627,130
627,131
627,132
627,133
627,134
627,135
627,136
627,137
627,138
627,139
627,140
627,141
627,142
627,143
627,144
627,145
627,146
627,147
627,148
627,149
627,150
627,151
627,152
627,153
627,154
627,155
627,156
627,157
627,158
627,159
627,160
627,161
627,162
627,163
627,164
627,165
627,166
627,167
627,168
627,169
627,170
627,171
627,172
627,173
627,174
627,175
627,176
627,177
627,178
627,179
627,180
627,181
627,182
627,183
627,184
627,185
627,186
627,187
627,399
627,400
627,401
627,402
627,403
627,404
627,405
627,406
627,407
627,408
627,409
627,410
627,411
627,412
627,413
627,414
627,415
627,416
627,417
627,418
627,419
627,420
627,421
627,422
627,423
627,424
627,425
627,426
627,427
627,428
627,429
627,430
627,431
627,432
627,433
627,434
627,435
627,436
627,437
627,438
627,439
627,440
627,491
627,492
627,493
627,494
627,495
627,496
627,497
627,498
627,499
627,500
627,501
627,502
627,503
627,504
627,505
627,506
627,507
627,508
627,509
627,510
627,511
627,512
627,513
627,514
627,515
627,516
627,517
627,518
627,519
627,520
627,521
627,522
627,523
627,524
627,525
627,526
627,527
627,528
627,529
627,530
627,531
627,532
627,533
628,111
628,112
628,113
628,114
628,115
628,116
628,117
628,118
628,119
628,120
628,121
628,122
628,123
628,124
628,125
628,126
628,127
628,128
628,129
628,130
628,131
628,132
628,133
628,134
628,135
628,136
628,137
628,138
628,139
628,140
628,141
628,142
628,143
628,144
628,145
628,146
628,147
628,148
628,149
628,150
628,151
628,152
628,153
628,154
628,155
628,156
628,157
628,158
628,159
628,160
628,161
628,162
628,163
628,164
628,165
628,166
628,167
628,168
628,169
628,170
628,171
628,172
628,173
628,174
628,175
628,176
628,177
628,178
628,179
628,180
628,181
628,182
628,183
628,184
628,185
628,186
628,187
628,188
628,400
628,401
628,402
628,403
628,404
628,405
628,406
628,407
628,408
628,409
628,410
628,411
628,412
628,413
628,414
628,415
628,416
628,417
628,418
628,419
628,420
628,421
628,422
628,423
628,424
628,425
628,426
628,427
628,428
628,429
628,430
628,431
628,432
628,433
628,434
628,435
628,436
628,437
628,438
628,439
628,440
628,492
628,493
628,494
628,495
628,496
628,497
628,498
628,499
628,500
628,501
628,502
628,503
628,504
628,505
628,506
628,507
628,508
628,509
628,510
628,511
628,512
628,513
628,514
628,515
628,516
628,517
628,518
628,519
628,520
628,521
628,522
628,523
628,524
628,525
628,526
628,527
628,528
628,529
628,530
628,531
628,532
629,111
629,112
629,113
629,114
629,115
629,116
629,117
629,118
629,119
629,120
629,121
629,122
629,123
629,124
629,125
629,126
629,127
629,128
629,129
629,130
629,131
629,132
629,133
629,134
629,135
629,136
629,137
629,138
629,139
629,140
629,141
629,142
629,143
629,144
629,145
629,146
629,147
629,148
629,149
629,150
629,151
629,152
629,153
629,154
629,155
629,156
629,157
629,158
629,159
629,160
629,161
629,162
629,163
629,164
629,165
629,166
629,167
629,168
629,169
629,170
629,171
629,172
629,173
629,174
629,175
629,176
629,177
629,178
629,179
629,180
629,181
629,182
629,183
629,184
629,185
629,186
629,187
629,188
629,400
629,401
629,402
629,403
629,404
629,405
629,406
629,407
629,408
629,409
629,410
629,411
629,412
629,413
629,414
629,415
629,416
629,417
629,418
629,419
629,420
629,421
629,422
629,423
629,424
629,425
629,426
629,427
629,428
629,429
629,430
629,431
629,432
629,433
629,434
629,435
629,436
629,437
629,438
629,439
629,493
629,494
629,495
629,496
629,497
629,498
629,499
629,500
629,501
629,502
629,503
629,504
629,505
629,506
629,507
629,508
629,509
629,510
629,511
629,512
629,513
629,514
629,515
629,516
629,517
629,518
629,519
629,520
629,521
629,522
629,523
629,524
629,525
629,526
629,527
629,528
629,529
629,530
629,531
630,110
630,111
630,112
630,113
630,114
630,115
630,116
630,117
630,118
630,119
630,120
630,121
630,122
630,123
630,124
630,125
630,126
630,127
630,128
630,129
630,130
630,131
630,132
630,133
630,134
630,135
630,136
630,137
630,138
630,139
630,140
630,141
630,142
630,143
630,144
630,145
630,146
630,147
630,148
630,149
630,150
630,151
630,152
630,153
630,154
630,155
630,156
630,157
630,158
630,159
630,160
630,161
630,162
630,163
630,164
630,165
630,166
630,167
630,168
630,169
630,170
630,171
630,172
630,173
630,174
630,175
630,176
630,177
630,178
630,179
630,180
630,181
630,182
630,183
630,184
630,185
630,186
630,187
630,401
630,402
630,403
630,404
630,405
630,406
630,407
630,408
630,409
630,410
630,411
630,412
630,413
630,414
630,415
630,416
630,417
630,418
630,419
630,420
630,421
630,422
630,423
630,424
630,425
630,426
630,427
630,428
630,429
630,430
630,431
630,432
630,433
630,434
630,435
630,436
630,437
630,438
630,494
630,495
630,496
630,497
630,498
630,499
630,500
630,501
630,502
630,503
630,504
630,505
630,506
630,507
630,508
630,509
630,510
630,511
630,512
630,513
630,514
630,515
630,516
630,517
630,518
630,519
630,520
630,521
630,522
630,523
630,524
630,525
630,526
630,527
630,528
630,529
630,530
631,110
631,111
631,112
631,113
631,114
631,115
631,116
631,117
631,118
631,119
631,120
631,121
631,122
631,123
631,124
631,125
631,126
631,127
631,128
631,129
631,130
631,131
631,132
631,133
631,134
631,135
631,136
631,137
631,138
631,139
631,140
631,141
631,142
631,143
631,144
631,145
631,146
631,147
631,148
631,149
631,150
631,151
631,152
631,153
631,154
631,155
631,156
631,157
631,158
631,159
631,160
631,161
631,162
631,163
631,164
631,165
631,166
631,167
631,168
631,169
631,170
631,171
631,172
631,173
631,174
631,175
631,176
631,177
631,178
631,179
631,180
631,181
631,182
631,183
631,184
631,185
631,402
631,403
631,404
631,405
631,406
631,407
631,408
631,409
631,410
631,411
631,412
631,413
631,414
631,415
631,416
631,417
631,418
631,419
631,420
631,421
631,422
631,423
631,424
631,425
631,426
631,427
631,428
631,429
631,430
631,431
631,432
631,433
631,434
631,435
631,436
631,437
631,496
631,497
631,498
631,499
631,500
631,501
631,502
631,503
631,504
631,505
631,506
631,507
631,508
631,509
631,510
631,511
631,512
631,513
631,514
631,515
631,516
631,517
631,518
631,519
631,520
631,521
631,522
631,523
631,524
631,525
631,526
631,527
631,528
631,529
632,109
632,110
632,111
632,112
632,113
632,114
632,115
632,116
632,117
632,118
632,119
632,120
632,121
632,122
632,123
632,124
632,125
632,126
632,127
632,128
632,129
632,130
632,131
632,132
632,133
632,134
632,135
632,136
632,137
632,138
632,139
632,140
632,141
632,142
632,143
632,144
632,145
632,146
632,147
632,148
632,149
632,150
632,151
632,152
632,153
632,154
632,155
632,156
632,157
632,158
632,159
632,160
632,161
632,162
632,163
632,164
632,165
632,166
632,167
632,168
632,169
632,170
632,171
632,172
632,173
632,174
632,175
632,176
632,177
632,178
632,179
632,180
632,181
632,182
632,183
632,377
632,378
632,403
632,404
632,405
632,406
632,407
632,408
632,409
632,410
632,411
632,412
632,413
632,414
632,415
632,416
632,417
632,418
632,419
632,420
632,421
632,422
632,423
632,424
632,425
632,426
632,427
632,428
632,429
632,430
632,431
632,432
632,433
632,434
632,435
632,436
632,497
632,498
632,499
632,500
632,501
632,502
632,503
632,504
632,505
632,506
632,507
632,508
632,509
632,510
632,511
632,512
632,513
632,514
632,515
632,516
632,517
632,518
632,519
632,520
632,521
632,522
632,523
632,524
632,525
632,526
632,527
633,109
633,110
633,111
633,112
633,113
633,114
633,115
633,116
633,117
633,118
633,119
633,120
633,121
633,122
633,123
633,124
633,125
633,126
633,127
633,128
633,129
633,130
633,131
633,132
633,133
633,134
633,135
633,136
633,137
633,138
633,139
633,140
633,141
633,142
633,143
633,144
633,145
633,146
633,147
633,148
633,149
633,150
633,151
633,152
633,153
633,154
633,155
633,156
633,157
633,158
633,159
633,160
633,161
633,162
633,163
633,164
633,165
633,166
633,167
633,168
633,169
633,170
633,171
633,172
633,173
633,174
633,175
633,176
633,177
633,178
633,179
633,180
633,181
633,182
633,373
633,374
633,375
633,376
633,377
633,378
633,379
633,404
633,405
633,406
633,407
633,408
633,409
633,410
633,411
633,412
633,413
633,414
633,415
633,416
633,417
633,418
633,419
633,420
633,421
633,422
633,423
633,424
633,425
633,426
633,427
633,428
633,429
633,430
633,431
633,432
633,433
633,434
633,435
633,498
633,499
633,500
633,501
633,502
633,503
633,504
633,505
633,506
633,507
633,508
633,509
633,510
633,511
633,512
633,513
633,514
633,515
633,516
633,517
633,518
633,519
633,520
633,521
633,522
633,523
633,524
633,525
633,526
634,109
634,110
634,111
634,112
634,113
634,114
634,115
634,116
634,117
634,118
634,119
634,120
634,121
634,122
634,123
634,124
634,125
634,126
634,127
634,128
634,129
634,130
634,131
634,132
634,133
634,134
634,135
634,136
634,137
634,138
634,139
634,140
634,141
634,142
634,143
634,144
634,145
634,146
634,147
634,148
634,149
634,150
634,151
634,152
634,153
634,154
634,155
634,156
634,157
634,158
634,159
634,160
634,161
634,162
634,163
634,164
634,165
634,166
634,167
634,168
634,169
634,170
634,171
634,172
634,173
634,174
634,175
634,176
634,177
634,178
634,179
634,180
634,370
634,371
634,372
634,373
634,374
634,375
634,376
634,377
634,378
634,379
634,406
634,407
634,408
634,409
634,410
634,411
634,412
634,413
634,414
634,415
634,416
634,417
634,418
634,419
634,420
634,421
634,422
634,423
634,424
634,425
634,426
634,427
634,428
634,429
634,430
634,431
634,432
634,433
634,434
634,435
634,499
634,500
634,501
634,502
634,503
634,504
634,505
634,506
634,507
634,508
634,509
634,510
634,511
634,512
634,513
634,514
634,515
634,516
634,517
634,518
634,519
634,520
634,521
634,522
634,523
634,524
634,525
635,108
635,109
635,110
635,111
635,112
635,113
635,114
635,115
635,116
635,117
635,118
635,119
635,120
635,121
635,122
635,123
635,124
635,125
635,126
635,127
635,128
635,129
635,130
635,131
635,132
635,133
635,134
635,135
635,136
635,137
635,138
635,139
635,140
635,141
635,142
635,143
635,144
635,145
635,146
635,147
635,148
635,149
635,150
635,151
635,152
635,153
635,154
635,155
635,156
635,157
635,158
635,159
635,160
635,161
635,162
635,163
635,164
635,165
635,166
635,167
635,168
635,169
635,170
635,171
635,172
635,173
635,174
635,175
635,176
635,177
635,178
635,179
635,366
635,367
635,368
635,369
635,370
635,371
635,372
635,373
635,374
635,375
635,376
635,377
635,378
635,379
635,380
635,408
635,409
635,410
635,411
635,412
635,413
635,414
635,415
635,416
635,417
635,418
635,419
635,420
635,421
635,422
635,423
635,424
635,425
635,426
635,427
635,428
635,429
635,430
635,431
635,432
635,433
635,434
635,500
635,501
635,502
635,503
635,504
635,505
635,506
635,507
635,508
635,509
635,510
635,511
635,512
635,513
635,514
635,515
635,516
635,517
635,518
635,519
635,520
635,521
635,522
635,523
636,108
636,109
636,110
636,111
636,112
636,113
636,114
636,115
636,116
636,117
636,118
636,119
636,120
636,121
636,122
636,123
636,124
636,125
636,126
636,127
636,128
636,129
636,130
636,131
636,132
636,133
636,134
636,135
636,136
636,137
636,138
636,139
636,140
636,141
636,142
636,143
636,144
636,145
636,146
636,147
636,148
636,149
636,150
636,151
636,152
636,153
636,154
636,155
636,156
636,157
636,158
636,159
636,160
636,161
636,162
636,163
636,164
636,165
636,166
636,167
636,168
636,169
636,170
636,171
636,172
636,173
636,174
636,175
636,176
636,177
636,363
636,364
636,365
636,366
636,367
636,368
636,369
636,370
636,371
636,372
636,373
636,374
636,375
636,376
636,377
636,378
636,379
636,380
636,410
636,411
636,412
636,413
636,414
636,415
636,416
636,417
636,418
636,419
636,420
636,421
636,422
636,423
636,424
636,425
636,426
636,427
636,428
636,429
636,430
636,431
636,432
636,433
636,434
636,501
636,502
636,503
636,504
636,505
636,506
636,507
636,508
636,509
636,510
636,511
636,512
636,513
636,514
636,515
636,516
636,517
636,518
636,519
636,520
636,521
636,522
637,107
637,108
637,109
637,110
637,111
637,112
637,113
637,114
637,115
637,116
637,117
637,118
637,119
637,120
637,121
637,122
637,123
637,124
637,125
637,126
637,127
637,128
637,129
637,130
637,131
637,132
637,133
637,134
637,135
637,136
637,137
637,138
637,139
637,140
637,141
637,142
637,143
637,144
637,145
637,146
637,147
637,148
637,149
637,150
637,151
637,152
637,153
637,154
637,155
637,156
637,157
637,158
637,159
637,160
637,161
637,162
637,163
637,164
637,165
637,166
637,167
637,168
637,169
637,170
637,171
637,172
637,173
637,174
637,175
637,360
637,361
637,362
637,363
637,364
637,365
637,366
637,367
637,368
637,369
637,370
637,371
637,372
637,373
637,374
637,375
637,376
637,377
637,378
637,379
637,380
637,381
637,412
637,413
637,414
637,415
637,416
637,417
637,418
637,419
637,420
637,421
637,422
637,423
637,424
637,425
637,426
637,427
637,428
637,429
637,430
637,431
637,432
637,433
637,502
637,503
637,504
637,505
637,506
637,507
637,508
637,509
637,510
637,511
637,512
637,513
637,514
637,515
637,516
637,517
637,518
637,519
637,520
638,107
638,108
638,109
638,110
638,111
638,112
638,113
638,114
638,115
638,116
638,117
638,118
638,119
638,120
638,121
638,122
638,123
638,124
638,125
638,126
638,127
638,128
638,129
638,130
638,131
638,132
638,133
638,134
638,135
638,136
638,137
638,138
638,139
638,140
638,141
638,142
638,143
638,144
638,145
638,146
638,147
638,148
638,149
638,150
638,151
638,152
638,153
638,154
638,155
638,156
638,157
638,158
638,159
638,160
638,161
638,162
638,163
638,164
638,165
638,166
638,167
638,168
638,169
638,170
638,171
638,172
638,173
638,174
638,356
638,357
638,358
638,359
638,360
638,361
638,362
638,363
638,364
638,365
638,366
638,367
638,368
638,369
638,370
638,371
638,372
638,373
638,374
638,375
638,376
638,377
638,378
638,379
638,380
638,381
638,424
638,425
638,426
638,427
638,428
638,429
638,430
638,431
638,432
638,503
638,504
638,505
638,506
638,507
638,508
638,509
638,510
638,511
638,512
638,513
638,514
638,515
638,516
638,517
638,518
638,519
639,106
639,107
639,108
639,109
639,110
639,111
639,112
639,113
639,114
639,115
639,116
639,117
639,118
639,119
639,120
639,121
639,122
639,123
639,124
639,125
639,126
639,127
639,128
639,129
639,130
639,131
639,132
639,133
639,134
639,135
639,136
639,137
639,138
639,139
639,140
639,141
639,142
639,143
639,144
639,145
639,146
639,147
639,148
639,149
639,150
639,151
639,152
639,153
639,154
639,155
639,156
639,157
639,158
639,159
639,160
639,161
639,162
639,163
639,164
639,165
639,166
639,167
639,168
639,169
639,170
639,171
639,172
639,354
639,355
639,356
639,357
639,358
639,359
639,360
639,361
639,362
639,363
639,364
639,365
639,366
639,367
639,368
639,369
639,370
639,371
639,372
639,373
639,374
639,375
639,376
639,377
639,378
639,379
639,380
639,381
639,382
639,426
639,427
639,428
639,429
639,430
639,431
639,432
639,504
639,505
639,506
639,507
639,508
639,509
639,510
639,511
639,512
639,513
639,514
639,515
639,516
639,517
640,106
640,107
640,108
640,109
640,110
640,111
640,112
640,113
640,114
640,115
640,116
640,117
640,118
640,119
640,120
640,121
640,122
640,123
640,124
640,125
640,126
640,127
640,128
640,129
640,130
640,131
640,132
640,133
640,134
640,135
640,136
640,137
640,138
640,139
640,140
640,141
640,142
640,143
640,144
640,145
640,146
640,147
640,148
640,149
640,150
640,151
640,152
640,153
640,154
640,155
640,156
640,157
640,158
640,159
640,160
640,161
640,162
640,163
640,164
640,165
640,166
640,167
640,168
640,169
640,170
640,171
640,353
640,354
640,355
640,356
640,357
640,358
640,359
640,360
640,361
640,362
640,363
640,364
640,365
640,366
640,367
640,368
640,369
640,370
640,371
640,372
640,373
640,374
640,375
640,376
640,377
640,378
640,379
640,380
640,381
640,382
640,427
640,428
640,429
640,430
640,431
640,506
640,507
640,508
640,509
640,510
640,511
640,512
640,513
640,514
640,515
640,516
641,106
641,107
641,108
641,109
641,110
641,111
641,112
641,113
641,114
641,115
641,116
641,117
641,118
641,119
641,120
641,121
641,122
641,123
641,124
641,125
641,126
641,127
641,128
641,129
641,130
641,131
641,132
641,133
641,134
641,135
641,136
641,137
641,138
641,139
641,140
641,141
641,142
641,143
641,144
641,145
641,146
641,147
641,148
641,149
641,150
641,151
641,152
641,153
641,154
641,155
641,156
641,157
641,158
641,159
641,160
641,161
641,162
641,163
641,164
641,165
641,166
641,167
641,168
641,169
641,352
641,353
641,354
641,355
641,356
641,357
641,358
641,359
641,360
641,361
641,362
641,363
641,364
641,365
641,366
641,367
641,368
641,369
641,370
641,371
641,372
641,373
641,374
641,375
641,376
641,377
641,378
641,379
641,380
641,381
641,382
641,383
641,428
641,429
641,430
641,431
641,507
641,508
641,509
641,510
641,511
641,512
641,513
641,514
641,515
642,105
642,106
642,107
642,108
642,109
642,110
642,111
642,112
642,113
642,114
642,115
642,116
642,117
642,118
642,119
642,120
642,121
642,122
642,123
642,124
642,125
642,126
642,127
642,128
642,129
642,130
642,131
642,132
642,133
642,134
642,135
642,136
642,137
642,138
642,139
642,140
642,141
642,142
642,143
642,144
642,145
642,146
642,147
642,148
642,149
642,150
642,151
642,152
642,153
642,154
642,155
642,156
642,157
642,158
642,159
642,160
642,161
642,162
642,163
642,164
642,165
642,166
642,167
642,350
642,351
642,352
642,353
642,354
642,355
642,356
642,357
642,358
642,359
642,360
642,361
642,362
642,363
642,364
642,365
642,366
642,367
642,368
642,369
642,370
642,371
642,372
642,373
642,374
642,375
642,376
642,377
642,378
642,379
642,380
642,381
642,382
642,383
642,430
642,508
642,509
642,510
642,511
642,512
642,513
643,105
643,106
643,107
643,108
643,109
643,110
643,111
643,112
643,113
643,114
643,115
643,116
643,117
643,118
643,119
643,120
643,121
643,122
643,123
643,124
643,125
643,126
643,127
643,128
643,129
643,130
643,131
643,132
643,133
643,134
643,135
643,136
643,137
643,138
643,139
643,140
643,141
643,142
643,143
643,144
643,145
643,146
643,147
643,148
643,149
643,150
643,151
643,152
643,153
643,154
643,155
643,156
643,157
643,158
643,159
643,160
643,161
643,162
643,163
643,164
643,165
643,166
643,349
643,350
643,351
643,352
643,353
643,354
643,355
643,356
643,357
643,358
643,359
643,360
643,361
643,362
643,363
643,364
643,365
643,366
643,367
643,368
643,369
643,370
643,371
643,372
643,373
643,374
643,375
643,376
643,377
643,378
643,379
643,380
643,381
643,382
643,383
643,384
643,509
643,510
643,511
643,512
644,104
644,105
644,106
644,107
644,108
644,109
644,110
644,111
644,112
644,113
644,114
644,115
644,116
644,117
644,118
644,119
644,120
644,121
644,122
644,123
644,124
644,125
644,126
644,127
644,128
644,129
644,130
644,131
644,132
644,133
644,134
644,135
644,136
644,137
644,138
644,139
644,140
644,141
644,142
644,143
644,144
644,145
644,146
644,147
644,148
644,149
644,150
644,151
644,152
644,153
644,154
644,155
644,156
644,157
644,158
644,159
644,160
644,161
644,162
644,163
644,164
644,348
644,349
644,350
644,351
644,352
644,353
644,354
644,355
644,356
644,357
644,358
644,359
644,360
644,361
644,362
644,363
644,364
644,365
644,366
644,367
644,368
644,369
644,370
644,371
644,372
644,373
644,374
644,375
644,376
644,377
644,378
644,379
644,380
644,381
644,382
644,383
644,384
644,510
645,104
645,105
645,106
645,107
645,108
645,109
645,110
645,111
645,112
645,113
645,114
645,115
645,116
645,117
645,118
645,119
645,120
645,121
645,122
645,123
645,124
645,125
645,126
645,127
645,128
645,129
645,130
645,131
645,132
645,133
645,134
645,135
645,136
645,137
645,138
645,139
645,140
645,141
645,142
645,143
645,144
645,145
645,146
645,147
645,148
645,149
645,150
645,151
645,152
645,153
645,154
645,155
645,156
645,157
645,158
645,159
645,160
645,161
645,162
645,163
645,347
645,348
645,349
645,350
645,351
645,352
645,353
645,354
645,355
645,356
645,357
645,358
645,359
645,360
645,361
645,362
645,363
645,364
645,365
645,366
645,367
645,368
645,369
645,370
645,371
645,372
645,373
645,374
645,375
645,376
645,377
645,378
645,379
645,380
645,381
645,382
645,383
645,384
645,385
646,108
646,109
646,110
646,111
646,112
646,113
646,114
646,115
646,116
646,117
646,118
646,119
646,120
646,121
646,122
646,123
646,124
646,125
646,126
646,127
646,128
646,129
646,130
646,131
646,132
646,133
646,134
646,135
646,136
646,137
646,138
646,139
646,140
646,141
646,142
646,143
646,144
646,145
646,146
646,147
646,148
646,149
646,150
646,151
646,152
646,153
646,154
646,155
646,156
646,157
646,158
646,159
646,160
646,161
646,346
646,347
646,348
646,349
646,350
646,351
646,352
646,353
646,354
646,355
646,356
646,357
646,358
646,359
646,360
646,361
646,362
646,363
646,364
646,365
646,366
646,367
646,368
646,369
646,370
646,371
646,372
646,373
646,374
646,375
646,376
646,377
646,378
646,379
646,380
646,381
646,382
646,383
646,384
646,385
647,115
647,116
647,117
647,118
647,119
647,120
647,121
647,122
647,123
647,124
647,125
647,126
647,127
647,128
647,129
647,130
647,131
647,132
647,133
647,134
647,135
647,136
647,137
647,138
647,139
647,140
647,141
647,142
647,143
647,144
647,145
647,146
647,147
647,148
647,149
647,150
647,151
647,152
647,153
647,154
647,155
647,156
647,157
647,158
647,159
647,344
647,345
647,346
647,347
647,348
647,349
647,350
647,351
647,352
647,353
647,354
647,355
647,356
647,357
647,358
647,359
647,360
647,361
647,362
647,363
647,364
647,365
647,366
647,367
647,368
647,369
647,370
647,371
647,372
647,373
647,374
647,375
647,376
647,377
647,378
647,379
647,380
647,381
647,382
647,383
647,384
647,385
647,386
648,121
648,122
648,123
648,124
648,125
648,126
648,127
648,128
648,129
648,130
648,131
648,132
648,133
648,134
648,135
648,136
648,137
648,138
648,139
648,140
648,141
648,142
648,143
648,144
648,145
648,146
648,147
648,148
648,149
648,150
648,151
648,152
648,153
648,154
648,155
648,156
648,157
648,158
648,343
648,344
648,345
648,346
648,347
648,348
648,349
648,350
648,351
648,352
648,353
648,354
648,355
648,356
648,357
648,358
648,359
648,360
648,361
648,362
648,363
648,364
648,365
648,366
648,367
648,368
648,369
648,370
648,371
648,372
648,373
648,374
648,375
648,376
648,377
648,378
648,379
648,380
648,381
648,382
648,383
648,384
648,385
648,386
649,128
649,129
649,130
649,131
649,132
649,133
649,134
649,135
649,136
649,137
649,138
649,139
649,140
649,141
649,142
649,143
649,144
649,145
649,146
649,147
649,148
649,149
649,150
649,151
649,152
649,153
649,154
649,155
649,156
649,342
649,343
649,344
649,345
649,346
649,347
649,348
649,349
649,350
649,351
649,352
649,353
649,354
649,355
649,356
649,357
649,358
649,359
649,360
649,361
649,362
649,363
649,364
649,365
649,366
649,367
649,368
649,369
649,370
649,371
649,372
649,373
649,374
649,375
649,376
649,377
649,378
649,379
649,380
649,381
649,382
649,383
649,384
649,385
649,386
649,387
650,135
650,136
650,137
650,138
650,139
650,140
650,141
650,142
650,143
650,144
650,145
650,146
650,147
650,148
650,149
650,150
650,151
650,152
650,153
650,154
650,155
650,341
650,342
650,343
650,344
650,345
650,346
650,347
650,348
650,349
650,350
650,351
650,352
650,353
650,354
650,355
650,356
650,357
650,358
650,359
650,360
650,361
650,362
650,363
650,364
650,365
650,366
650,367
650,368
650,369
650,370
650,371
650,372
650,373
650,374
650,375
650,376
650,377
650,378
650,379
650,380
650,381
650,382
650,383
650,384
650,385
650,386
650,387
651,141
651,142
651,143
651,144
651,145
651,146
651,147
651,148
651,149
651,150
651,151
651,152
651,153
651,340
651,341
651,342
651,343
651,344
651,345
651,346
651,347
651,348
651,349
651,350
651,351
651,352
651,353
651,354
651,355
651,356
651,357
651,358
651,359
651,360
651,361
651,362
651,363
651,364
651,365
651,366
651,367
651,368
651,369
651,370
651,371
651,372
651,373
651,374
651,375
651,376
651,377
651,378
651,379
651,380
651,381
651,382
651,383
651,384
651,385
651,386
651,387
651,388
652,148
652,149
652,150
652,151
652,338
652,339
652,340
652,341
652,342
652,343
652,344
652,345
652,346
652,347
652,348
652,349
652,350
652,351
652,352
652,353
652,354
652,355
652,356
652,357
652,358
652,359
652,360
652,361
652,362
652,363
652,364
652,365
652,366
652,367
652,368
652,369
652,370
652,371
652,372
652,373
652,374
652,375
652,376
652,377
652,378
652,379
652,380
652,381
652,382
652,383
652,384
652,385
652,386
652,387
652,388
653,337
653,338
653,339
653,340
653,341
653,342
653,343
653,344
653,345
653,346
653,347
653,348
653,349
653,350
653,351
653,352
653,353
653,354
653,355
653,356
653,357
653,358
653,359
653,360
653,361
653,362
653,363
653,364
653,365
653,366
653,367
653,368
653,369
653,370
653,371
653,372
653,373
653,374
653,375
653,376
653,377
653,378
653,379
653,380
653,381
653,382
653,383
653,384
653,385
653,386
653,387
653,388
653,389
654,336
654,337
654,338
654,339
654,340
654,341
654,342
654,343
654,344
654,345
654,346
654,347
654,348
654,349
654,350
654,351
654,352
654,353
654,354
654,355
654,356
654,357
654,358
654,359
654,360
654,361
654,362
654,363
654,364
654,365
654,366
654,367
654,368
654,369
654,370
654,371
654,372
654,373
654,374
654,375
654,376
654,377
654,378
654,379
654,380
654,381
654,382
654,383
654,384
654,385
654,386
654,387
654,388
654,389
655,335
655,336
655,337
655,338
655,339
655,340
655,341
655,342
655,343
655,344
655,345
655,346
655,347
655,348
655,349
655,350
655,351
655,352
655,353
655,354
655,355
655,356
655,357
655,358
655,359
655,360
655,361
655,362
655,363
655,364
655,365
655,366
655,367
655,368
655,369
655,370
655,371
655,372
655,373
655,374
655,375
655,376
655,377
655,378
655,379
655,380
655,381
655,382
655,383
655,384
655,385
655,386
655,387
655,388
655,389
655,390
656,336
656,337
656,338
656,339
656,340
656,341
656,342
656,343
656,344
656,345
656,346
656,347
656,348
656,349
656,350
656,351
656,352
656,353
656,354
656,355
656,356
656,357
656,358
656,359
656,360
656,361
656,362
656,363
656,364
656,365
656,366
656,367
656,368
656,369
656,370
656,371
656,372
656,373
656,374
656,375
656,376
656,377
656,378
656,379
656,380
656,381
656,382
656,383
656,384
656,385
656,386
656,387
656,388
656,389
656,390
656,391
657,336
657,337
657,338
657,339
657,340
657,341
657,342
657,343
657,344
657,345
657,346
657,347
657,348
657,349
657,350
657,351
657,352
657,353
657,354
657,355
657,356
657,357
657,358
657,359
657,360
657,361
657,362
657,363
657,364
657,365
657,366
657,367
657,368
657,369
657,370
657,371
657,372
657,373
657,374
657,375
657,376
657,377
657,378
657,379
657,380
657,381
657,382
657,383
657,384
657,385
657,386
657,387
657,388
657,389
657,390
657,391
658,337
658,338
658,339
658,340
658,341
658,342
658,343
658,344
658,345
658,346
658,347
658,348
658,349
658,350
658,351
658,352
658,353
658,354
658,355
658,356
658,357
658,358
658,359
658,360
658,361
658,362
658,363
658,364
658,365
658,366
658,367
658,368
658,369
658,370
658,371
658,372
658,373
658,374
658,375
658,376
658,377
658,378
658,379
658,380
658,381
658,382
658,383
658,384
658,385
658,386
658,387
658,388
658,389
658,390
658,391
658,392
659,337
659,338
659,339
659,340
659,341
659,342
659,343
659,344
659,345
659,346
659,347
659,348
659,349
659,350
659,351
659,352
659,353
659,354
659,355
659,356
659,357
659,358
659,359
659,360
659,361
659,362
659,363
659,364
659,365
659,366
659,367
659,368
659,369
659,370
659,371
659,372
659,373
659,374
659,375
659,376
659,377
659,378
659,379
659,380
659,381
659,382
659,383
659,384
659,385
659,386
659,387
659,388
659,389
659,390
659,391
659,392
660,338
660,339
660,340
660,341
660,342
660,343
660,344
660,345
660,346
660,347
660,348
660,349
660,350
660,351
660,352
660,353
660,354
660,355
660,356
660,357
660,358
660,359
660,360
660,361
660,362
660,363
660,364
660,365
660,366
660,367
660,368
660,369
660,370
660,371
660,372
660,373
660,374
660,375
660,376
660,377
660,378
660,379
660,380
660,381
660,382
660,383
660,384
660,385
660,386
660,387
660,388
660,389
660,390
660,391
660,392
660,393
661,338
661,339
661,340
661,341
661,342
661,343
661,344
661,345
661,346
661,347
661,348
661,349
661,350
661,351
661,352
661,353
661,354
661,355
661,356
661,357
661,358
661,359
661,360
661,361
661,362
661,363
661,364
661,365
661,366
661,367
661,368
661,369
661,370
661,371
661,372
661,373
661,374
661,375
661,376
661,377
661,378
661,379
661,380
661,381
661,382
661,383
661,384
661,385
661,386
661,387
661,388
661,389
661,390
661,391
661,392
661,393
662,339
662,340
662,341
662,342
662,343
662,344
662,345
662,346
662,347
662,348
662,349
662,350
662,351
662,352
662,353
662,354
662,355
662,356
662,357
662,358
662,359
662,360
662,361
662,362
662,363
662,364
662,365
662,366
662,367
662,368
662,369
662,370
662,371
662,372
662,373
662,374
662,375
662,376
662,377
662,378
662,379
662,380
662,381
662,382
662,383
662,384
662,385
662,386
662,387
662,388
662,389
662,390
662,391
662,392
662,393
662,394
663,339
663,340
663,341
663,342
663,343
663,344
663,345
663,346
663,347
663,348
663,349
663,350
663,351
663,352
663,353
663,354
663,355
663,356
663,357
663,358
663,359
663,360
663,361
663,362
663,363
663,364
663,365
663,366
663,367
663,368
663,369
663,370
663,371
663,372
663,373
663,374
663,375
663,376
663,377
663,378
663,379
663,380
663,381
663,382
663,383
663,384
663,385
663,386
663,387
663,388
663,389
663,390
663,391
663,392
663,393
663,394
664,340
664,341
664,342
664,343
664,344
664,345
664,346
664,347
664,348
664,349
664,350
664,351
664,352
664,353
664,354
664,355
664,356
664,357
664,358
664,359
664,360
664,361
664,362
664,363
664,364
664,365
664,366
664,367
664,368
664,369
664,370
664,371
664,372
664,373
664,374
664,375
664,376
664,377
664,378
664,379
664,380
664,381
664,382
664,383
664,384
664,385
664,386
664,387
664,388
664,389
664,390
664,391
664,392
664,393
664,394
664,395
665,340
665,341
665,342
665,343
665,344
665,345
665,346
665,347
665,348
665,349
665,350
665,351
665,352
665,353
665,354
665,355
665,356
665,357
665,358
665,359
665,360
665,361
665,362
665,363
665,364
665,365
665,366
665,367
665,368
665,369
665,370
665,371
665,372
665,373
665,374
665,375
665,376
665,377
665,378
665,379
665,380
665,381
665,382
665,383
665,384
665,385
665,386
665,387
665,388
665,389
665,390
665,391
665,392
665,393
665,394
665,395
666,341
666,342
666,343
666,344
666,345
666,346
666,347
666,348
666,349
666,350
666,351
666,352
666,353
666,354
666,355
666,356
666,357
666,358
666,359
666,360
666,361
666,362
666,363
666,364
666,365
666,366
666,367
666,368
666,369
666,370
666,371
666,372
666,373
666,374
666,375
666,376
666,377
666,378
666,379
666,380
666,381
666,382
666,383
666,384
666,385
666,386
666,387
666,388
666,389
666,390
666,391
666,392
666,393
666,394
666,395
666,396
667,341
667,342
667,343
667,344
667,345
667,346
667,347
667,348
667,349
667,350
667,351
667,352
667,353
667,354
667,355
667,356
667,357
667,358
667,359
667,360
667,361
667,362
667,363
667,364
667,365
667,366
667,367
667,368
667,369
667,370
667,371
667,372
667,373
667,374
667,375
667,376
667,377
667,378
667,379
667,380
667,381
667,382
667,383
667,384
667,385
667,386
667,387
667,388
667,389
667,390
667,391
667,392
667,393
667,394
667,395
667,396
668,342
668,343
668,344
668,345
668,346
668,347
668,348
668,349
668,350
668,351
668,352
668,353
668,354
668,355
668,356
668,357
668,358
668,359
668,360
668,361
668,362
668,363
668,364
668,365
668,366
668,367
668,368
668,369
668,370
668,371
668,372
668,373
668,374
668,375
668,376
668,377
668,378
668,379
668,380
668,381
668,382
668,383
668,384
668,385
668,386
668,387
668,388
668,389
668,390
668,391
668,392
668,393
668,394
668,395
668,396
668,397
669,342
669,343
669,344
669,345
669,346
669,347
669,348
669,349
669,350
669,351
669,352
669,353
669,354
669,355
669,356
669,357
669,358
669,359
669,360
669,361
669,362
669,363
669,364
669,365
669,366
669,367
669,368
669,369
669,370
669,371
669,372
669,373
669,374
669,375
669,376
669,377
669,378
669,379
669,380
669,381
669,382
669,383
669,384
669,385
669,386
669,387
669,388
669,389
669,390
669,391
669,392
669,393
669,394
669,395
669,396
669,397
670,343
670,344
670,345
670,346
670,347
670,348
670,349
670,350
670,351
670,352
670,353
670,354
670,355
670,356
670,357
670,358
670,359
670,360
670,361
670,362
670,363
670,364
670,365
670,366
670,367
670,368
670,369
670,370
670,371
670,372
670,373
670,374
670,375
670,376
670,377
670,378
670,379
670,380
670,381
670,382
670,383
670,384
670,385
670,386
670,387
670,388
670,389
670,390
670,391
670,392
670,393
670,394
670,395
670,396
670,397
670,398
671,344
671,345
671,346
671,347
671,348
671,349
671,350
671,351
671,352
671,353
671,354
671,355
671,356
671,357
671,358
671,359
671,360
671,361
671,362
671,363
671,364
671,365
671,366
671,367
671,368
671,369
671,370
671,371
671,372
671,373
671,374
671,375
671,376
671,377
671,378
671,379
671,380
671,381
671,382
671,383
671,384
671,385
671,386
671,387
671,388
671,389
671,390
671,391
671,392
671,393
671,394
671,395
671,396
671,397
671,398
672,344
672,345
672,346
672,347
672,348
672,349
672,350
672,351
672,352
672,353
672,354
672,355
672,356
672,357
672,358
672,359
672,360
672,361
672,362
672,363
672,364
672,365
672,366
672,367
672,368
672,369
672,370
672,371
672,372
672,373
672,374
672,375
672,376
672,377
672,378
672,379
672,380
672,381
672,382
672,383
672,384
672,385
672,386
672,387
672,388
672,389
672,390
672,391
672,392
672,393
672,394
672,395
672,396
672,397
672,398
672,399
673,345
673,346
673,347
673,348
673,349
673,350
673,351
673,352
673,353
673,354
673,355
673,356
673,357
673,358
673,359
673,360
673,361
673,362
673,363
673,364
673,365
673,366
673,367
673,368
673,369
673,370
673,371
673,372
673,373
673,374
673,375
673,376
673,377
673,378
673,379
673,380
673,381
673,382
673,383
673,384
673,385
673,386
673,387
673,388
673,389
673,390
673,391
673,392
673,393
673,394
673,395
673,396
673,397
673,398
673,399
674,345
674,346
674,347
674,348
674,349
674,350
674,351
674,352
674,353
674,354
674,355
674,356
674,357
674,358
674,359
674,360
674,361
674,362
674,363
674,364
674,365
674,366
674,367
674,368
674,369
674,370
674,371
674,372
674,373
674,374
674,375
674,376
674,377
674,378
674,379
674,380
674,381
674,382
674,383
674,384
674,385
674,386
674,387
674,388
674,389
674,390
674,391
674,392
674,393
674,394
674,395
674,396
674,397
674,398
674,399
674,400
675,346
675,347
675,348
675,349
675,350
675,351
675,352
675,353
675,354
675,355
675,356
675,357
675,358
675,359
675,360
675,361
675,362
675,363
675,364
675,365
675,366
675,367
675,368
675,369
675,370
675,371
675,372
675,373
675,374
675,375
675,376
675,377
675,378
675,379
675,380
675,381
675,382
675,383
675,384
675,385
675,386
675,387
675,388
675,389
675,390
675,391
675,392
675,393
675,394
675,395
675,396
675,397
675,398
675,399
675,400
676,85
676,86
676,346
676,347
676,348
676,349
676,350
676,351
676,352
676,353
676,354
676,355
676,356
676,357
676,358
676,359
676,360
676,361
676,362
676,363
676,364
676,365
676,366
676,367
676,368
676,369
676,370
676,371
676,372
676,373
676,374
676,375
676,376
676,377
676,378
676,379
676,380
676,381
676,382
676,383
676,384
676,385
676,386
676,387
676,388
676,389
676,390
676,391
676,392
676,393
676,394
676,395
676,396
676,397
676,398
676,399
676,400
676,401
677,83
677,84
677,85
677,86
677,87
677,347
677,348
677,349
677,350
677,351
677,352
677,353
677,354
677,355
677,356
677,357
677,358
677,359
677,360
677,361
677,362
677,363
677,364
677,365
677,366
677,367
677,368
677,369
677,370
677,371
677,372
677,373
677,374
677,375
677,376
677,377
677,378
677,379
677,380
677,381
677,382
677,383
677,384
677,385
677,386
677,387
677,388
677,389
677,390
677,391
677,392
677,393
677,394
677,395
677,396
677,397
677,398
677,399
677,400
677,401
678,81
678,82
678,83
678,84
678,85
678,86
678,87
678,347
678,348
678,349
678,350
678,351
678,352
678,353
678,354
678,355
678,356
678,357
678,358
678,359
678,360
678,361
678,362
678,363
678,364
678,365
678,366
678,367
678,368
678,369
678,370
678,371
678,372
678,373
678,374
678,375
678,376
678,377
678,378
678,379
678,380
678,381
678,382
678,383
678,384
678,385
678,386
678,387
678,388
678,389
678,390
678,391
678,392
678,393
678,394
678,395
678,396
678,397
678,398
678,399
678,400
678,401
678,402
679,79
679,80
679,81
679,82
679,83
679,84
679,85
679,86
679,87
679,88
679,348
679,349
679,350
679,351
679,352
679,353
679,354
679,355
679,356
679,357
679,358
679,359
679,360
679,361
679,362
679,363
679,364
679,365
679,366
679,367
679,368
679,369
679,370
679,371
679,372
679,373
679,374
679,375
679,376
679,377
679,378
679,379
679,380
679,381
679,382
679,383
679,384
679,385
679,386
679,387
679,388
679,389
679,390
679,391
679,392
679,393
679,394
679,395
679,396
679,397
679,398
679,399
679,400
679,401
679,402
680,77
680,78
680,79
680,80
680,81
680,82
680,83
680,84
680,85
680,86
680,87
680,88
680,348
680,349
680,350
680,351
680,352
680,353
680,354
680,355
680,356
680,357
680,358
680,359
680,360
680,361
680,362
680,363
680,364
680,365
680,366
680,367
680,368
680,369
680,370
680,371
680,372
680,373
680,374
680,375
680,376
680,377
680,378
680,379
680,380
680,381
680,382
680,383
680,384
680,385
680,386
680,387
680,388
680,389
680,390
680,391
680,392
680,393
680,394
680,395
680,396
680,397
680,398
680,399
680,400
680,401
680,402
680,403
681,75
681,76
681,77
681,78
681,79
681,80
681,81
681,82
681,83
681,84
681,85
681,86
681,87
681,88
681,89
681,349
681,350
681,351
681,352
681,353
681,354
681,355
681,356
681,357
681,358
681,359
681,360
681,361
681,362
681,363
681,364
681,365
681,366
681,367
681,368
681,369
681,370
681,371
681,372
681,373
681,374
681,375
681,376
681,377
681,378
681,379
681,380
681,381
681,382
681,383
681,384
681,385
681,386
681,387
681,388
681,389
681,390
681,391
681,392
681,393
681,394
681,395
681,396
681,397
681,398
681,399
681,400
681,401
681,402
682,73
682,74
682,75
682,76
682,77
682,78
682,79
682,80
682,81
682,82
682,83
682,84
682,85
682,86
682,87
682,88
682,89
682,349
682,350
682,351
682,352
682,353
682,354
682,355
682,356
682,357
682,358
682,359
682,360
682,361
682,362
682,363
682,364
682,365
682,366
682,367
682,368
682,369
682,370
682,371
682,372
682,373
682,374
682,375
682,376
682,377
682,378
682,379
682,380
682,381
682,382
682,383
682,384
682,385
682,386
682,387
682,388
682,389
682,390
682,391
682,392
682,393
682,394
682,395
682,396
682,397
682,398
682,399
682,400
683,71
683,72
683,73
683,74
683,75
683,76
683,77
683,78
683,79
683,80
683,81
683,82
683,83
683,84
683,85
683,86
683,87
683,88
683,89
683,90
683,350
683,351
683,352
683,353
683,354
683,355
683,356
683,357
683,358
683,359
683,360
683,361
683,362
683,363
683,364
683,365
683,366
683,367
683,368
683,369
683,370
683,371
683,372
683,373
683,374
683,375
683,376
683,377
683,378
683,379
683,380
683,381
683,382
683,383
683,384
683,385
683,386
683,387
683,388
683,389
683,390
683,391
683,392
683,393
683,394
683,395
683,396
683,397
683,398
683,399
684,69
684,70
684,71
684,72
684,73
684,74
684,75
684,76
684,77
684,78
684,79
684,80
684,81
684,82
684,83
684,84
684,85
684,86
684,87
684,88
684,89
684,90
684,350
684,351
684,352
684,353
684,354
684,355
684,356
684,357
684,358
684,359
684,360
684,361
684,362
684,363
684,364
684,365
684,366
684,367
684,368
684,369
684,370
684,371
684,372
684,373
684,374
684,375
684,376
684,377
684,378
684,379
684,380
684,381
684,382
684,383
684,384
684,385
684,386
684,387
684,388
684,389
684,390
684,391
684,392
684,393
684,394
684,395
684,396
684,397
685,67
685,68
685,69
685,70
685,71
685,72
685,73
685,74
685,75
685,76
685,77
685,78
685,79
685,80
685,81
685,82
685,83
685,84
685,85
685,86
685,87
685,88
685,89
685,90
685,91
685,351
685,352
685,353
685,354
685,355
685,356
685,357
685,358
685,359
685,360
685,361
685,362
685,363
685,364
685,365
685,366
685,367
685,368
685,369
685,370
685,371
685,372
685,373
685,374
685,375
685,376
685,377
685,378
685,379
685,380
685,381
685,382
685,383
685,384
685,385
685,386
685,387
685,388
685,389
685,390
685,391
685,392
685,393
685,394
685,395
685,396
686,65
686,66
686,67
686,68
686,69
686,70
686,71
686,72
686,73
686,74
686,75
686,76
686,77
686,78
686,79
686,80
686,81
686,82
686,83
686,84
686,85
686,86
686,87
686,88
686,89
686,90
686,91
686,351
686,352
686,353
686,354
686,355
686,356
686,357
686,358
686,359
686,360
686,361
686,362
686,363
686,364
686,365
686,366
686,367
686,368
686,369
686,370
686,371
686,372
686,373
686,374
686,375
686,376
686,377
686,378
686,379
686,380
686,381
686,382
686,383
686,384
686,385
686,386
686,387
686,388
686,389
686,390
686,391
686,392
686,393
686,394
687,63
687,64
687,65
687,66
687,67
687,68
687,69
687,70
687,71
687,72
687,73
687,74
687,75
687,76
687,77
687,78
687,79
687,80
687,81
687,82
687,83
687,84
687,85
687,86
687,87
687,88
687,89
687,90
687,91
687,92
687,352
687,353
687,354
687,355
687,356
687,357
687,358
687,359
687,360
687,361
687,362
687,363
687,364
687,365
687,366
687,367
687,368
687,369
687,370
687,371
687,372
687,373
687,374
687,375
687,376
687,377
687,378
687,379
687,380
687,381
687,382
687,383
687,384
687,385
687,386
687,387
687,388
687,389
687,390
687,391
687,392
687,393
688,61
688,62
688,63
688,64
688,65
688,66
688,67
688,68
688,69
688,70
688,71
688,72
688,73
688,74
688,75
688,76
688,77
688,78
688,79
688,80
688,81
688,82
688,83
688,84
688,85
688,86
688,87
688,88
688,89
688,90
688,91
688,92
688,353
688,354
688,355
688,356
688,357
688,358
688,359
688,360
688,361
688,362
688,363
688,364
688,365
688,366
688,367
688,368
688,369
688,370
688,371
688,372
688,373
688,374
688,375
688,376
688,377
688,378
688,379
688,380
688,381
688,382
688,383
688,384
688,385
688,386
688,387
688,388
688,389
688,390
688,391
689,59
689,60
689,61
689,62
689,63
689,64
689,65
689,66
689,67
689,68
689,69
689,70
689,71
689,72
689,73
689,74
689,75
689,76
689,77
689,78
689,79
689,80
689,81
689,82
689,83
689,84
689,85
689,86
689,87
689,88
689,89
689,90
689,91
689,92
689,93
689,353
689,354
689,355
689,356
689,357
689,358
689,359
689,360
689,361
689,362
689,363
689,364
689,365
689,366
689,367
689,368
689,369
689,370
689,371
689,372
689,373
689,374
689,375
689,376
689,377
689,378
689,379
689,380
689,381
689,382
689,383
689,384
689,385
689,386
689,387
689,388
689,389
689,390
690,57
690,58
690,59
690,60
690,61
690,62
690,63
690,64
690,65
690,66
690,67
690,68
690,69
690,70
690,71
690,72
690,73
690,74
690,75
690,76
690,77
690,78
690,79
690,80
690,81
690,82
690,83
690,84
690,85
690,86
690,87
690,88
690,89
690,90
690,91
690,92
690,93
690,354
690,355
690,356
690,357
690,358
690,359
690,360
690,361
690,362
690,363
690,364
690,365
690,366
690,367
690,368
690,369
690,370
690,371
690,372
690,373
690,374
690,375
690,376
690,377
690,378
690,379
690,380
690,381
690,382
690,383
690,384
690,385
690,386
690,387
690,388
691,55
691,56
691,57
691,58
691,59
691,60
691,61
691,62
691,63
691,64
691,65
691,66
691,67
691,68
691,69
691,70
691,71
691,72
691,73
691,74
691,75
691,76
691,77
691,78
691,79
691,80
691,81
691,82
691,83
691,84
691,85
691,86
691,87
691,88
691,89
691,90
691,91
691,92
691,93
691,94
691,354
691,355
691,356
691,357
691,358
691,359
691,360
691,361
691,362
691,363
691,364
691,365
691,366
691,367
691,368
691,369
691,370
691,371
691,372
691,373
691,374
691,375
691,376
691,377
691,378
691,379
691,380
691,381
691,382
691,383
691,384
691,385
691,386
691,387
692,53
692,54
692,55
692,56
692,57
692,58
692,59
692,60
692,61
692,62
692,63
692,64
692,65
692,66
692,67
692,68
692,69
692,70
692,71
692,72
692,73
692,74
692,75
692,76
692,77
692,78
692,79
692,80
692,81
692,82
692,83
692,84
692,85
692,86
692,87
692,88
692,89
692,90
692,91
692,92
692,93
692,94
692,355
692,356
692,357
692,358
692,359
692,360
692,361
692,362
692,363
692,364
692,365
692,366
692,367
692,368
692,369
692,370
692,371
692,372
692,373
692,374
692,375
692,376
692,377
692,378
692,379
692,380
692,381
692,382
692,383
692,384
692,385
693,53
693,54
693,55
693,56
693,57
693,58
693,59
693,60
693,61
693,62
693,63
693,64
693,65
693,66
693,67
693,68
693,69
693,70
693,71
693,72
693,73
693,74
693,75
693,76
693,77
693,78
693,79
693,80
693,81
693,82
693,83
693,84
693,85
693,86
693,87
693,88
693,89
693,90
693,91
693,92
693,93
693,94
693,95
693,355
693,356
693,357
693,358
693,359
693,360
693,361
693,362
693,363
693,364
693,365
693,366
693,367
693,368
693,369
693,370
693,371
693,372
693,373
693,374
693,375
693,376
693,377
693,378
693,379
693,380
693,381
693,382
693,383
693,384
694,54
694,55
694,56
694,57
694,58
694,59
694,60
694,61
694,62
694,63
694,64
694,65
694,66
694,67
694,68
694,69
694,70
694,71
694,72
694,73
694,74
694,75
694,76
694,77
694,78
694,79
694,80
694,81
694,82
694,83
694,84
694,85
694,86
694,87
694,88
694,89
694,90
694,91
694,92
694,93
694,94
694,95
694,356
694,357
694,358
694,359
694,360
694,361
694,362
694,363
694,364
694,365
694,366
694,367
694,368
694,369
694,370
694,371
694,372
694,373
694,374
694,375
694,376
694,377
694,378
694,379
694,380
694,381
694,382
695,54
695,55
695,56
695,57
695,58
695,59
695,60
695,61
695,62
695,63
695,64
695,65
695,66
695,67
695,68
695,69
695,70
695,71
695,72
695,73
695,74
695,75
695,76
695,77
695,78
695,79
695,80
695,81
695,82
695,83
695,84
695,85
695,86
695,87
695,88
695,89
695,90
695,91
695,92
695,93
695,94
695,95
695,96
695,356
695,357
695,358
695,359
695,360
695,361
695,362
695,363
695,364
695,365
695,366
695,367
695,368
695,369
695,370
695,371
695,372
695,373
695,374
695,375
695,376
695,377
695,378
695,379
695,380
696,55
696,56
696,57
696,58
696,59
696,60
696,61
696,62
696,63
696,64
696,65
696,66
696,67
696,68
696,69
696,70
696,71
696,72
696,73
696,74
696,75
696,76
696,77
696,78
696,79
696,80
696,81
696,82
696,83
696,84
696,85
696,86
696,87
696,88
696,89
696,90
696,91
696,92
696,93
696,94
696,95
696,96
696,357
696,358
696,359
696,360
696,361
696,362
696,363
696,364
696,365
696,366
696,367
696,368
696,369
696,370
696,371
696,372
696,373
696,374
696,375
696,376
696,377
697,55
697,56
697,57
697,58
697,59
697,60
697,61
697,62
697,63
697,64
697,65
697,66
697,67
697,68
697,69
697,70
697,71
697,72
697,73
697,74
697,75
697,76
697,77
697,78
697,79
697,80
697,81
697,82
697,83
697,84
697,85
697,86
697,87
697,88
697,89
697,90
697,91
697,92
697,93
697,94
697,95
697,96
697,97
697,357
697,358
697,359
697,360
697,361
697,362
697,363
697,364
697,365
697,366
697,367
697,368
697,369
697,370
697,371
697,372
697,373
697,374
697,375
698,56
698,57
698,58
698,59
698,60
698,61
698,62
698,63
698,64
698,65
698,66
698,67
698,68
698,69
698,70
698,71
698,72
698,73
698,74
698,75
698,76
698,77
698,78
698,79
698,80
698,81
698,82
698,83
698,84
698,85
698,86
698,87
698,88
698,89
698,90
698,91
698,92
698,93
698,94
698,95
698,96
698,97
698,358
698,359
698,360
698,361
698,362
698,363
698,364
698,365
698,366
698,367
698,368
698,369
698,370
698,371
698,372
699,56
699,57
699,58
699,59
699,60
699,61
699,62
699,63
699,64
699,65
699,66
699,67
699,68
699,69
699,70
699,71
699,72
699,73
699,74
699,75
699,76
699,77
699,78
699,79
699,80
699,81
699,82
699,83
699,84
699,85
699,86
699,87
699,88
699,89
699,90
699,91
699,92
699,93
699,94
699,95
699,96
699,97
699,98
699,358
699,359
699,360
699,361
699,362
699,363
699,364
699,365
699,366
699,367
699,368
699,369
700,57
700,58
700,59
700,60
700,61
700,62
700,63
700,64
700,65
700,66
700,67
700,68
700,69
700,70
700,71
700,72
700,73
700,74
700,75
700,76
700,77
700,78
700,79
700,80
700,81
700,82
700,83
700,84
700,85
700,86
700,87
700,88
700,89
700,90
700,91
700,92
700,93
700,94
700,95
700,96
700,97
700,98
700,359
700,360
700,361
700,362
700,363
700,364
700,365
700,366
701,57
701,58
701,59
701,60
701,61
701,62
701,63
701,64
701,65
701,66
701,67
701,68
701,69
701,70
701,71
701,72
701,73
701,74
701,75
701,76
701,77
701,78
701,79
701,80
701,81
701,82
701,83
701,84
701,85
701,86
701,87
701,88
701,89
701,90
701,91
701,92
701,93
701,94
701,95
701,96
701,97
701,98
701,99
701,359
701,360
701,361
701,362
701,363
701,364
702,58
702,59
702,60
702,61
702,62
702,63
702,64
702,65
702,66
702,67
702,68
702,69
702,70
702,71
702,72
702,73
702,74
702,75
702,76
702,77
702,78
702,79
702,80
702,81
702,82
702,83
702,84
702,85
702,86
702,87
702,88
702,89
702,90
702,91
702,92
702,93
702,94
702,95
702,96
702,97
702,98
702,99
702,360
702,361
703,58
703,59
703,60
703,61
703,62
703,63
703,64
703,65
703,66
703,67
703,68
703,69
703,70
703,71
703,72
703,73
703,74
703,75
703,76
703,77
703,78
703,79
703,80
703,81
703,82
703,83
703,84
703,85
703,86
703,87
703,88
703,89
703,90
703,91
703,92
703,93
703,94
703,95
703,96
703,97
703,98
703,99
703,100
704,59
704,60
704,61
704,62
704,63
704,64
704,65
704,66
704,67
704,68
704,69
704,70
704,71
704,72
704,73
704,74
704,75
704,76
704,77
704,78
704,79
704,80
704,81
704,82
704,83
704,84
704,85
704,86
704,87
704,88
704,89
704,90
704,91
704,92
704,93
704,94
704,95
704,96
704,97
704,98
704,99
704,100
705,59
705,60
705,61
705,62
705,63
705,64
705,65
705,66
705,67
705,68
705,69
705,70
705,71
705,72
705,73
705,74
705,75
705,76
705,77
705,78
705,79
705,80
705,81
705,82
705,83
705,84
705,85
705,86
705,87
705,88
705,89
705,90
705,91
705,92
705,93
705,94
705,95
705,96
705,97
705,98
705,99
705,100
705,101
706,60
706,61
706,62
706,63
706,64
706,65
706,66
706,67
706,68
706,69
706,70
706,71
706,72
706,73
706,74
706,75
706,76
706,77
706,78
706,79
706,80
706,81
706,82
706,83
706,84
706,85
706,86
706,87
706,88
706,89
706,90
706,91
706,92
706,93
706,94
706,95
706,96
706,97
706,98
706,99
706,100
706,101
707,60
707,61
707,62
707,63
707,64
707,65
707,66
707,67
707,68
707,69
707,70
707,71
707,72
707,73
707,74
707,75
707,76
707,77
707,78
707,79
707,80
707,81
707,82
707,83
707,84
707,85
707,86
707,87
707,88
707,89
707,90
707,91
707,92
707,93
707,94
707,95
707,96
707,97
707,98
707,99
707,100
707,101
707,102
708,61
708,62
708,63
708,64
708,65
708,66
708,67
708,68
708,69
708,70
708,71
708,72
708,73
708,74
708,75
708,76
708,77
708,78
708,79
708,80
708,81
708,82
708,83
708,84
708,85
708,86
708,87
708,88
708,89
708,90
708,91
708,92
708,93
708,94
708,95
708,96
708,97
708,98
708,99
708,100
708,101
708,102
709,61
709,62
709,63
709,64
709,65
709,66
709,67
709,68
709,69
709,70
709,71
709,72
709,73
709,74
709,75
709,76
709,77
709,78
709,79
709,80
709,81
709,82
709,83
709,84
709,85
709,86
709,87
709,88
709,89
709,90
709,91
709,92
709,93
709,94
709,95
709,96
709,97
709,98
709,99
709,100
709,101
709,102
709,103
710,62
710,63
710,64
710,65
710,66
710,67
710,68
710,69
710,70
710,71
710,72
710,73
710,74
710,75
710,76
710,77
710,78
710,79
710,80
710,81
710,82
710,83
710,84
710,85
710,86
710,87
710,88
710,89
710,90
710,91
710,92
710,93
710,94
710,95
710,96
710,97
710,98
710,99
710,100
710,101
710,102
710,103
711,62
711,63
711,64
711,65
711,66
711,67
711,68
711,69
711,70
711,71
711,72
711,73
711,74
711,75
711,76
711,77
711,78
711,79
711,80
711,81
711,82
711,83
711,84
711,85
711,86
711,87
711,88
711,89
711,90
711,91
711,92
711,93
711,94
711,95
711,96
711,97
711,98
711,99
711,100
711,101
711,102
711,103
711,104
712,63
712,64
712,65
712,66
712,67
712,68
712,69
712,70
712,71
712,72
712,73
712,74
712,75
712,76
712,77
712,78
712,79
712,80
712,81
712,82
712,83
712,84
712,85
712,86
712,87
712,88
712,89
712,90
712,91
712,92
712,93
712,94
712,95
712,96
712,97
712,98
712,99
712,100
712,101
712,102
712,103
712,104
713,63
713,64
713,65
713,66
713,67
713,68
713,69
713,70
713,71
713,72
713,73
713,74
713,75
713,76
713,77
713,78
713,79
713,80
713,81
713,82
713,83
713,84
713,85
713,86
713,87
713,88
713,89
713,90
713,91
713,92
713,93
713,94
713,95
713,96
713,97
713,98
713,99
713,100
713,101
713,102
713,103
713,104
713,105
714,64
714,65
714,66
714,67
714,68
714,69
714,70
714,71
714,72
714,73
714,74
714,75
714,76
714,77
714,78
714,79
714,80
714,81
714,82
714,83
714,84
714,85
714,86
714,87
714,88
714,89
714,90
714,91
714,92
714,93
714,94
714,95
714,96
714,97
714,98
714,99
714,100
714,101
714,102
714,103
714,104
714,105
715,64
715,65
715,66
715,67
715,68
715,69
715,70
715,71
715,72
715,73
715,74
715,75
715,76
715,77
715,78
715,79
715,80
715,81
715,82
715,83
715,84
715,85
715,86
715,87
715,88
715,89
715,90
715,91
715,92
715,93
715,94
715,95
715,96
715,97
715,98
715,99
715,100
715,101
715,102
715,103
715,104
715,105
715,106
716,64
716,65
716,66
716,67
716,68
716,69
716,70
716,71
716,72
716,73
716,74
716,75
716,76
716,77
716,78
716,79
716,80
716,81
716,82
716,83
716,84
716,85
716,86
716,87
716,88
716,89
716,90
716,91
716,92
716,93
716,94
716,95
716,96
716,97
716,98
716,99
716,100
716,101
716,102
716,103
716,104
716,105
716,106
716,225
717,65
717,66
717,67
717,68
717,69
717,70
717,71
717,72
717,73
717,74
717,75
717,76
717,77
717,78
717,79
717,80
717,81
717,82
717,83
717,84
717,85
717,86
717,87
717,88
717,89
717,90
717,91
717,92
717,93
717,94
717,95
717,96
717,97
717,98
717,99
717,100
717,101
717,102
717,103
717,104
717,105
717,106
717,107
717,223
717,224
717,225
717,226
717,227
718,65
718,66
718,67
718,68
718,69
718,70
718,71
718,72
718,73
718,74
718,75
718,76
718,77
718,78
718,79
718,80
718,81
718,82
718,83
718,84
718,85
718,86
718,87
718,88
718,89
718,90
718,91
718,92
718,93
718,94
718,95
718,96
718,97
718,98
718,99
718,100
718,101
718,102
718,103
718,104
718,105
718,106
718,107
718,222
718,223
718,224
718,225
718,226
718,227
718,228
719,66
719,67
719,68
719,69
719,70
719,71
719,72
719,73
719,74
719,75
719,76
719,77
719,78
719,79
719,80
719,81
719,82
719,83
719,84
719,85
719,86
719,87
719,88
719,89
719,90
719,91
719,92
719,93
719,94
719,95
719,96
719,97
719,98
719,99
719,100
719,101
719,102
719,103
719,104
719,105
719,106
719,107
719,108
719,220
719,221
719,222
719,223
719,224
719,225
719,226
719,227
719,228
719,229
719,230
720,66
720,67
720,68
720,69
720,70
720,71
720,72
720,73
720,74
720,75
720,76
720,77
720,78
720,79
720,80
720,81
720,82
720,83
720,84
720,85
720,86
720,87
720,88
720,89
720,90
720,91
720,92
720,93
720,94
720,95
720,96
720,97
720,98
720,99
720,100
720,101
720,102
720,103
720,104
720,105
720,106
720,107
720,108
720,218
720,219
720,220
720,221
720,222
720,223
720,224
720,225
720,226
720,227
720,228
720,229
720,230
720,231
720,232
721,67
721,68
721,69
721,70
721,71
721,72
721,73
721,74
721,75
721,76
721,77
721,78
721,79
721,80
721,81
721,82
721,83
721,84
721,85
721,86
721,87
721,88
721,89
721,90
721,91
721,92
721,93
721,94
721,95
721,96
721,97
721,98
721,99
721,100
721,101
721,102
721,103
721,104
721,105
721,106
721,107
721,108
721,109
721,216
721,217
721,218
721,219
721,220
721,221
721,222
721,223
721,224
721,225
721,226
721,227
721,228
721,229
721,230
721,231
721,232
721,233
721,234
722,67
722,68
722,69
722,70
722,71
722,72
722,73
722,74
722,75
722,76
722,77
722,78
722,79
722,80
722,81
722,82
722,83
722,84
722,85
722,86
722,87
722,88
722,89
722,90
722,91
722,92
722,93
722,94
722,95
722,96
722,97
722,98
722,99
722,100
722,101
722,102
722,103
722,104
722,105
722,106
722,107
722,108
722,109
722,214
722,215
722,216
722,217
722,218
722,219
722,220
722,221
722,222
722,223
722,224
722,225
722,226
722,227
722,228
722,229
722,230
722,231
722,232
722,233
722,234
722,235
722,236
722,237
722,238
723,68
723,69
723,70
723,71
723,72
723,73
723,74
723,75
723,76
723,77
723,78
723,79
723,80
723,81
723,82
723,83
723,84
723,85
723,86
723,87
723,88
723,89
723,90
723,91
723,92
723,93
723,94
723,95
723,96
723,97
723,98
723,99
723,100
723,101
723,102
723,103
723,104
723,105
723,106
723,107
723,212
723,213
723,214
723,215
723,216
723,217
723,218
723,219
723,220
723,221
723,222
723,223
723,224
723,225
723,226
723,227
723,228
723,229
723,230
723,231
723,232
723,233
723,234
723,235
723,236
723,237
723,238
723,239
723,240
724,68
724,69
724,70
724,71
724,72
724,73
724,74
724,75
724,76
724,77
724,78
724,79
724,80
724,81
724,82
724,83
724,84
724,85
724,86
724,87
724,88
724,89
724,90
724,91
724,92
724,93
724,94
724,95
724,96
724,97
724,98
724,99
724,100
724,101
724,102
724,103
724,104
724,105
724,210
724,211
724,212
724,213
724,214
724,215
724,216
724,217
724,218
724,219
724,220
724,221
724,222
724,223
724,224
724,225
724,226
724,227
724,228
724,229
724,230
724,231
724,232
724,233
724,234
724,235
724,236
724,237
724,238
724,239
724,240
724,241
725,69
725,70
725,71
725,72
725,73
725,74
725,75
725,76
725,77
725,78
725,79
725,80
725,81
725,82
725,83
725,84
725,85
725,86
725,87
725,88
725,89
725,90
725,91
725,92
725,93
725,94
725,95
725,96
725,97
725,98
725,99
725,100
725,101
725,102
725,103
725,188
725,189
725,190
725,206
725,207
725,208
725,209
725,210
725,211
725,212
725,213
725,214
725,215
725,216
725,217
725,218
725,219
725,220
725,221
725,222
725,223
725,224
725,225
725,226
725,227
725,228
725,229
725,230
725,231
725,232
725,233
725,234
725,235
725,236
725,237
725,238
725,239
725,240
725,241
725,242
726,69
726,70
726,71
726,72
726,73
726,74
726,75
726,76
726,77
726,78
726,79
726,80
726,81
726,82
726,83
726,84
726,85
726,86
726,87
726,88
726,89
726,90
726,91
726,92
726,93
726,94
726,95
726,96
726,97
726,98
726,99
726,100
726,101
726,187
726,188
726,189
726,190
726,191
726,192
726,193
726,194
726,195
726,196
726,202
726,203
726,204
726,205
726,206
726,207
726,208
726,209
726,210
726,211
726,212
726,213
726,214
726,215
726,216
726,217
726,218
726,219
726,220
726,221
726,222
726,223
726,224
726,225
726,226
726,227
726,228
726,229
726,230
726,231
726,232
726,233
726,234
726,235
726,236
726,237
726,238
726,239
726,240
726,241
726,242
726,243
727,70
727,71
727,72
727,73
727,74
727,75
727,76
727,77
727,78
727,79
727,80
727,81
727,82
727,83
727,84
727,85
727,86
727,87
727,88
727,89
727,90
727,91
727,92
727,93
727,94
727,95
727,96
727,97
727,98
727,99
727,185
727,186
727,187
727,188
727,189
727,190
727,191
727,192
727,193
727,194
727,195
727,196
727,197
727,198
727,199
727,200
727,201
727,202
727,203
727,204
727,205
727,206
727,207
727,208
727,209
727,210
727,211
727,212
727,213
727,214
727,215
727,216
727,217
727,218
727,219
727,220
727,221
727,222
727,223
727,224
727,225
727,226
727,227
727,228
727,229
727,230
727,231
727,232
727,233
727,234
727,235
727,236
727,237
727,238
727,239
727,240
727,241
727,242
727,243
728,70
728,71
728,72
728,73
728,74
728,75
728,76
728,77
728,78
728,79
728,80
728,81
728,82
728,83
728,84
728,85
728,86
728,87
728,88
728,89
728,90
728,91
728,92
728,93
728,94
728,95
728,96
728,97
728,184
728,185
728,186
728,187
728,188
728,189
728,190
728,191
728,192
728,193
728,194
728,195
728,196
728,197
728,198
728,199
728,200
728,201
728,202
728,203
728,204
728,205
728,206
728,207
728,208
728,209
728,210
728,211
728,212
728,213
728,214
728,215
728,216
728,217
728,218
728,219
728,220
728,221
728,222
728,223
728,224
728,225
728,226
728,227
728,228
728,229
728,230
728,231
728,232
728,233
728,234
728,235
728,236
728,237
728,238
728,239
728,240
728,241
728,242
728,243
728,244
729,71
729,72
729,73
729,74
729,75
729,76
729,77
729,78
729,79
729,80
729,81
729,82
729,83
729,84
729,85
729,86
729,87
729,88
729,89
729,90
729,91
729,92
729,93
729,94
729,95
729,183
729,184
729,185
729,186
729,187
729,188
729,189
729,190
729,191
729,192
729,193
729,194
729,195
729,196
729,197
729,198
729,199
729,200
729,201
729,202
729,203
729,204
729,205
729,206
729,207
729,208
729,209
729,210
729,211
729,212
729,213
729,214
729,215
729,216
729,217
729,218
729,219
729,220
729,221
729,222
729,223
729,224
729,225
729,226
729,227
729,228
729,229
729,230
729,231
729,232
729,233
729,234
729,235
729,236
729,237
729,238
729,239
729,240
729,241
729,242
729,243
729,244
729,245
730,71
730,72
730,73
730,74
730,75
730,76
730,77
730,78
730,79
730,80
730,81
730,82
730,83
730,84
730,85
730,86
730,87
730,88
730,89
730,90
730,91
730,92
730,93
730,181
730,182
730,183
730,184
730,185
730,186
730,187
730,188
730,189
730,190
730,191
730,192
730,193
730,194
730,195
730,196
730,197
730,198
730,199
730,200
730,201
730,202
730,203
730,204
730,205
730,206
730,207
730,208
730,209
730,210
730,211
730,212
730,213
730,214
730,215
730,216
730,217
730,218
730,219
730,220
730,221
730,222
730,223
730,224
730,225
730,226
730,227
730,228
730,229
730,230
730,231
730,232
730,233
730,234
730,235
730,236
730,237
730,238
730,239
730,240
730,241
730,242
730,243
730,244
730,245
730,246
731,72
731,73
731,74
731,75
731,76
731,77
731,78
731,79
731,80
731,81
731,82
731,83
731,84
731,85
731,86
731,87
731,88
731,89
731,90
731,180
731,181
731,182
731,183
731,184
731,185
731,186
731,187
731,188
731,189
731,190
731,191
731,192
731,193
731,194
731,195
731,196
731,197
731,198
731,199
731,200
731,201
731,202
731,203
731,204
731,205
731,206
731,207
731,208
731,209
731,210
731,211
731,212
731,213
731,214
731,215
731,216
731,217
731,218
731,219
731,220
731,221
731,222
731,223
731,224
731,225
731,226
731,227
731,228
731,229
731,230
731,231
731,232
731,233
731,234
731,235
731,236
731,237
731,238
731,239
731,240
731,241
731,242
731,243
731,244
731,245
731,246
731,247
732,72
732,73
732,74
732,75
732,76
732,77
732,78
732,79
732,80
732,81
732,82
732,83
732,84
732,85
732,86
732,87
732,88
732,178
732,179
732,180
732,181
732,182
732,183
732,184
732,185
732,186
732,187
732,188
732,189
732,190
732,191
732,192
732,193
732,194
732,195
732,196
732,197
732,198
732,199
732,200
732,201
732,202
732,203
732,204
732,205
732,206
732,207
732,208
732,209
732,210
732,211
732,212
732,213
732,214
732,215
732,216
732,217
732,218
732,219
732,220
732,221
732,222
732,223
732,224
732,225
732,226
732,227
732,228
732,229
732,230
732,231
732,232
732,233
732,234
732,235
732,236
732,237
732,238
732,239
732,240
732,241
732,242
732,243
732,244
732,245
732,246
732,247
733,73
733,74
733,75
733,76
733,77
733,78
733,79
733,80
733,81
733,82
733,83
733,84
733,85
733,86
733,177
733,178
733,179
733,180
733,181
733,182
733,183
733,184
733,185
733,186
733,187
733,188
733,189
733,190
733,191
733,192
733,193
733,194
733,195
733,196
733,197
733,198
733,199
733,200
733,201
733,202
733,203
733,204
733,205
733,206
733,207
733,208
733,209
733,210
733,211
733,212
733,213
733,214
733,215
733,216
733,217
733,218
733,219
733,220
733,221
733,222
733,223
733,224
733,225
733,226
733,227
733,228
733,229
733,230
733,231
733,232
733,233
733,234
733,235
733,236
733,237
733,238
733,239
733,240
733,241
733,242
733,243
733,244
733,245
733,246
733,247
733,248
734,73
734,74
734,75
734,76
734,77
734,78
734,79
734,80
734,81
734,82
734,83
734,84
734,176
734,177
734,178
734,179
734,180
734,181
734,182
734,183
734,184
734,185
734,186
734,187
734,188
734,189
734,190
734,191
734,192
734,193
734,194
734,195
734,196
734,197
734,198
734,199
734,200
734,201
734,202
734,203
734,204
734,205
734,206
734,207
734,208
734,209
734,210
734,211
734,212
734,213
734,214
734,215
734,216
734,217
734,218
734,219
734,220
734,221
734,222
734,223
734,224
734,225
734,226
734,227
734,228
734,229
734,230
734,231
734,232
734,233
734,234
734,235
734,236
734,237
734,238
734,239
734,240
734,241
734,242
734,243
734,244
734,245
734,246
734,247
734,248
735,74
735,75
735,76
735,77
735,78
735,79
735,80
735,81
735,82
735,174
735,175
735,176
735,177
735,178
735,179
735,180
735,181
735,182
735,183
735,184
735,185
735,186
735,187
735,188
735,189
735,190
735,191
735,192
735,193
735,194
735,195
735,196
735,197
735,198
735,199
735,200
735,201
735,202
735,203
735,204
735,205
735,206
735,207
735,208
735,209
735,210
735,211
735,212
735,213
735,214
735,215
735,216
735,217
735,218
735,219
735,220
735,221
735,222
735,223
735,224
735,225
735,226
735,227
735,228
735,229
735,230
735,231
735,232
735,233
735,234
735,235
735,236
735,237
735,238
735,239
735,240
735,241
735,242
735,243
735,244
735,245
735,246
735,247
735,248
735,249
736,74
736,75
736,76
736,77
736,78
736,79
736,80
736,173
736,174
736,175
736,176
736,177
736,178
736,179
736,180
736,181
736,182
736,183
736,184
736,185
736,186
736,187
736,188
736,189
736,190
736,191
736,192
736,193
736,194
736,195
736,196
736,197
736,198
736,199
736,200
736,201
736,202
736,203
736,204
736,205
736,206
736,207
736,208
736,209
736,210
736,211
736,212
736,213
736,214
736,215
736,216
736,217
736,218
736,219
736,220
736,221
736,222
736,223
736,224
736,225
736,226
736,227
736,228
736,229
736,230
736,231
736,232
736,233
736,234
736,235
736,236
736,237
736,238
736,239
736,240
736,241
736,242
736,243
736,244
736,245
736,246
736,247
736,248
736,249
737,75
737,76
737,77
737,78
737,173
737,174
737,175
737,176
737,177
737,178
737,179
737,180
737,181
737,182
737,183
737,184
737,185
737,186
737,187
737,188
737,189
737,190
737,191
737,192
737,193
737,194
737,195
737,196
737,197
737,198
737,199
737,200
737,201
737,202
737,203
737,204
737,205
737,206
737,207
737,208
737,209
737,210
737,211
737,212
737,213
737,214
737,215
737,216
737,217
737,218
737,219
737,220
737,221
737,222
737,223
737,224
737,225
737,226
737,227
737,228
737,229
737,230
737,231
737,232
737,233
737,234
737,235
737,236
737,237
737,238
737,239
737,240
737,241
737,242
737,243
737,244
737,245
737,246
737,247
737,248
737,249
737,250
738,75
738,76
738,173
738,174
738,175
738,176
738,177
738,178
738,179
738,180
738,181
738,182
738,183
738,184
738,185
738,186
738,187
738,188
738,189
738,190
738,191
738,192
738,193
738,194
738,195
738,196
738,197
738,198
738,199
738,200
738,201
738,202
738,203
738,204
738,205
738,206
738,207
738,208
738,209
738,210
738,211
738,212
738,213
738,214
738,215
738,216
738,217
738,218
738,219
738,220
738,221
738,222
738,223
738,224
738,225
738,226
738,227
738,228
738,229
738,230
738,231
738,232
738,233
738,234
738,235
738,236
738,237
738,238
738,239
738,240
738,241
738,242
738,243
738,244
738,245
738,246
738,247
738,248
738,249
738,250
739,173
739,174
739,175
739,176
739,177
739,178
739,179
739,180
739,181
739,182
739,183
739,184
739,185
739,186
739,187
739,188
739,189
739,190
739,191
739,192
739,193
739,194
739,195
739,196
739,197
739,198
739,199
739,200
739,201
739,202
739,203
739,204
739,205
739,206
739,207
739,208
739,209
739,210
739,211
739,212
739,213
739,214
739,215
739,216
739,217
739,218
739,219
739,220
739,221
739,222
739,223
739,224
739,225
739,226
739,227
739,228
739,229
739,230
739,231
739,232
739,233
739,234
739,235
739,236
739,237
739,238
739,239
739,240
739,241
739,242
739,243
739,244
739,245
739,246
739,247
739,248
739,249
739,250
739,251
740,172
740,173
740,174
740,175
740,176
740,177
740,178
740,179
740,180
740,181
740,182
740,183
740,184
740,185
740,186
740,187
740,188
740,189
740,190
740,191
740,192
740,193
740,194
740,195
740,196
740,197
740,198
740,199
740,200
740,201
740,202
740,203
740,204
740,205
740,206
740,207
740,208
740,209
740,210
740,211
740,212
740,213
740,214
740,215
740,216
740,217
740,218
740,219
740,220
740,221
740,222
740,223
740,224
740,225
740,226
740,227
740,228
740,229
740,230
740,231
740,232
740,233
740,234
740,235
740,236
740,237
740,238
740,239
740,240
740,241
740,242
740,243
740,244
740,245
740,246
740,247
740,248
740,249
740,250
740,251
741,172
741,173
741,174
741,175
741,176
741,177
741,178
741,179
741,180
741,181
741,182
741,183
741,184
741,185
741,186
741,187
741,188
741,189
741,190
741,191
741,192
741,193
741,194
741,195
741,196
741,197
741,198
741,199
741,200
741,201
741,202
741,203
741,204
741,205
741,206
741,207
741,208
741,209
741,210
741,211
741,212
741,213
741,214
741,215
741,216
741,217
741,218
741,219
741,220
741,221
741,222
741,223
741,224
741,225
741,226
741,227
741,228
741,229
741,230
741,231
741,232
741,233
741,234
741,235
741,236
741,237
741,238
741,239
741,240
741,241
741,242
741,243
741,244
741,245
741,246
741,247
741,248
741,249
741,250
741,251
742,172
742,173
742,174
742,175
742,176
742,177
742,178
742,179
742,180
742,181
742,182
742,183
742,184
742,185
742,186
742,187
742,188
742,189
742,190
742,191
742,192
742,193
742,194
742,195
742,196
742,197
742,198
742,199
742,200
742,201
742,202
742,203
742,204
742,205
742,206
742,207
742,208
742,209
742,210
742,211
742,212
742,213
742,214
742,215
742,216
742,217
742,218
742,219
742,220
742,221
742,222
742,223
742,224
742,225
742,226
742,227
742,228
742,229
742,230
742,231
742,232
742,233
742,234
742,235
742,236
742,237
742,238
742,239
742,240
742,241
742,242
742,243
742,244
742,245
742,246
742,247
742,248
742,249
742,250
743,172
743,173
743,174
743,175
743,176
743,177
743,178
743,179
743,180
743,181
743,182
743,183
743,184
743,185
743,186
743,187
743,188
743,189
743,190
743,191
743,192
743,193
743,194
743,195
743,196
743,197
743,198
743,199
743,200
743,201
743,202
743,203
743,204
743,205
743,206
743,207
743,208
743,209
743,210
743,211
743,212
743,213
743,214
743,215
743,216
743,217
743,218
743,219
743,220
743,221
743,222
743,223
743,224
743,225
743,226
743,227
743,228
743,229
743,230
743,231
743,232
743,233
743,234
743,235
743,236
743,237
743,238
743,239
743,240
743,241
743,242
743,243
743,244
743,245
743,246
743,247
743,248
743,249
743,250
744,148
744,149
744,150
744,151
744,152
744,153
744,154
744,172
744,173
744,174
744,175
744,176
744,177
744,178
744,179
744,180
744,181
744,182
744,183
744,184
744,185
744,186
744,187
744,188
744,189
744,190
744,191
744,192
744,193
744,194
744,195
744,196
744,197
744,198
744,199
744,200
744,201
744,202
744,203
744,204
744,205
744,206
744,207
744,208
744,209
744,210
744,211
744,212
744,213
744,214
744,215
744,216
744,217
744,218
744,219
744,220
744,221
744,222
744,223
744,224
744,225
744,226
744,227
744,228
744,229
744,230
744,231
744,232
744,233
744,234
744,235
744,236
744,237
744,238
744,239
744,240
744,241
744,242
744,243
744,244
744,245
744,246
744,247
744,248
744,249
744,250
745,136
745,137
745,138
745,139
745,140
745,141
745,142
745,143
745,144
745,145
745,146
745,147
745,148
745,149
745,150
745,151
745,152
745,153
745,154
745,172
745,173
745,174
745,175
745,176
745,177
745,178
745,179
745,180
745,181
745,182
745,183
745,184
745,185
745,186
745,187
745,188
745,189
745,190
745,191
745,192
745,193
745,194
745,195
745,196
745,197
745,198
745,199
745,200
745,201
745,202
745,203
745,204
745,205
745,206
745,207
745,208
745,209
745,210
745,211
745,212
745,213
745,214
745,215
745,216
745,217
745,218
745,219
745,220
745,221
745,222
745,223
745,224
745,225
745,226
745,227
745,228
745,229
745,230
745,231
745,232
745,233
745,234
745,235
745,236
745,237
745,238
745,239
745,240
745,241
745,242
745,243
745,244
745,245
745,246
745,247
745,248
745,249
746,129
746,130
746,131
746,132
746,133
746,134
746,135
746,136
746,137
746,138
746,139
746,140
746,141
746,142
746,143
746,144
746,145
746,146
746,147
746,148
746,149
746,150
746,151
746,152
746,153
746,154
746,155
746,172
746,173
746,174
746,175
746,176
746,177
746,178
746,179
746,180
746,181
746,182
746,183
746,184
746,185
746,186
746,187
746,188
746,189
746,190
746,191
746,192
746,193
746,194
746,195
746,196
746,197
746,198
746,199
746,200
746,201
746,202
746,203
746,204
746,205
746,206
746,207
746,208
746,209
746,210
746,211
746,212
746,213
746,214
746,215
746,216
746,217
746,218
746,219
746,220
746,221
746,222
746,223
746,224
746,225
746,226
746,227
746,228
746,229
746,230
746,231
746,232
746,233
746,234
746,235
746,236
746,237
746,238
746,239
746,240
746,241
746,242
746,243
746,244
746,245
746,246
746,247
746,248
746,249
747,127
747,128
747,129
747,130
747,131
747,132
747,133
747,134
747,135
747,136
747,137
747,138
747,139
747,140
747,141
747,142
747,143
747,144
747,145
747,146
747,147
747,148
747,149
747,150
747,151
747,152
747,153
747,154
747,155
747,171
747,172
747,173
747,174
747,175
747,176
747,177
747,178
747,179
747,180
747,181
747,182
747,183
747,184
747,185
747,186
747,187
747,188
747,189
747,190
747,191
747,192
747,193
747,194
747,195
747,196
747,197
747,198
747,199
747,200
747,201
747,202
747,203
747,204
747,205
747,206
747,207
747,208
747,209
747,210
747,211
747,212
747,213
747,214
747,215
747,216
747,217
747,218
747,219
747,220
747,221
747,222
747,223
747,224
747,225
747,226
747,227
747,228
747,229
747,230
747,231
747,232
747,233
747,234
747,235
747,236
747,237
747,238
747,239
747,240
747,241
747,242
747,243
747,244
747,245
747,246
747,247
747,248
747,249
748,125
748,126
748,127
748,128
748,129
748,130
748,131
748,132
748,133
748,134
748,135
748,136
748,137
748,138
748,139
748,140
748,141
748,142
748,143
748,144
748,145
748,146
748,147
748,148
748,149
748,150
748,151
748,152
748,153
748,154
748,155
748,156
748,171
748,172
748,173
748,174
748,175
748,176
748,177
748,178
748,179
748,180
748,181
748,182
748,183
748,184
748,185
748,186
748,187
748,188
748,189
748,190
748,191
748,192
748,193
748,194
748,195
748,196
748,197
748,198
748,199
748,200
748,201
748,202
748,203
748,204
748,205
748,206
748,207
748,208
748,209
748,210
748,211
748,212
748,213
748,214
748,215
748,216
748,217
748,218
748,219
748,220
748,221
748,222
748,223
748,224
748,225
748,226
748,227
748,228
748,229
748,230
748,231
748,232
748,233
748,234
748,235
748,236
748,237
748,238
748,239
748,240
748,241
748,242
748,243
748,244
748,245
748,246
748,247
748,248
748,249
749,123
749,124
749,125
749,126
749,127
749,128
749,129
749,130
749,131
749,132
749,133
749,134
749,135
749,136
749,137
749,138
749,139
749,140
749,141
749,142
749,143
749,144
749,145
749,146
749,147
749,148
749,149
749,150
749,151
749,152
749,153
749,154
749,155
749,156
749,171
749,172
749,173
749,174
749,175
749,176
749,177
749,178
749,179
749,180
749,181
749,182
749,183
749,184
749,185
749,186
749,187
749,188
749,189
749,190
749,191
749,192
749,193
749,194
749,195
749,196
749,197
749,198
749,199
749,200
749,201
749,202
749,203
749,204
749,205
749,206
749,207
749,208
749,209
749,210
749,211
749,212
749,213
749,214
749,215
749,216
749,217
749,218
749,219
749,220
749,221
749,222
749,223
749,224
749,225
749,226
749,227
749,228
749,229
749,230
749,231
749,232
749,233
749,234
749,235
749,236
749,237
749,238
749,239
749,240
749,241
749,242
749,243
749,244
749,245
749,246
749,247
749,248
750,121
750,122
750,123
750,124
750,125
750,126
750,127
750,128
750,129
750,130
750,131
750,132
750,133
750,134
750,135
750,136
750,137
750,138
750,139
750,140
750,141
750,142
750,143
750,144
750,145
750,146
750,147
750,148
750,149
750,150
750,151
750,152
750,153
750,154
750,155
750,156
750,171
750,172
750,173
750,174
750,175
750,176
750,177
750,178
750,179
750,180
750,181
750,182
750,183
750,184
750,185
750,186
750,187
750,188
750,189
750,190
750,191
750,192
750,193
750,194
750,195
750,196
750,197
750,198
750,199
750,200
750,201
750,202
750,203
750,204
750,205
750,206
750,207
750,208
750,209
750,210
750,211
750,212
750,213
750,214
750,215
750,216
750,217
750,218
750,219
750,220
750,221
750,222
750,223
750,224
750,225
750,226
750,227
750,228
750,229
750,230
750,231
750,232
750,233
750,234
750,235
750,236
750,237
750,238
750,239
750,240
750,241
750,242
750,243
750,244
750,245
750,246
750,247
750,248
751,118
751,119
751,120
751,121
751,122
751,123
751,124
751,125
751,126
751,127
751,128
751,129
751,130
751,131
751,132
751,133
751,134
751,135
751,136
751,137
751,138
751,139
751,140
751,141
751,142
751,143
751,144
751,145
751,146
751,147
751,148
751,149
751,150
751,151
751,152
751,153
751,154
751,155
751,156
751,157
751,172
751,173
751,174
751,175
751,176
751,177
751,178
751,179
751,180
751,181
751,182
751,183
751,184
751,185
751,186
751,187
751,188
751,189
751,190
751,191
751,192
751,193
751,194
751,195
751,196
751,197
751,198
751,199
751,200
751,201
751,202
751,203
751,204
751,205
751,206
751,207
751,208
751,209
751,210
751,211
751,212
751,213
751,214
751,215
751,216
751,217
751,218
751,219
751,220
751,221
751,222
751,223
751,224
751,225
751,226
751,227
751,228
751,229
751,230
751,231
751,232
751,233
751,234
751,235
751,236
751,237
751,238
751,239
751,240
751,241
751,242
751,243
751,244
751,245
751,246
751,247
751,248
752,116
752,117
752,118
752,119
752,120
752,121
752,122
752,123
752,124
752,125
752,126
752,127
752,128
752,129
752,130
752,131
752,132
752,133
752,134
752,135
752,136
752,137
752,138
752,139
752,140
752,141
752,142
752,143
752,144
752,145
752,146
752,147
752,148
752,149
752,150
752,151
752,152
752,153
752,154
752,155
752,156
752,157
752,172
752,173
752,174
752,175
752,176
752,177
752,178
752,179
752,180
752,181
752,182
752,183
752,184
752,185
752,186
752,187
752,188
752,189
752,190
752,191
752,192
752,193
752,194
752,195
752,196
752,197
752,198
752,199
752,200
752,201
752,202
752,203
752,204
752,205
752,206
752,207
752,208
752,209
752,210
752,211
752,212
752,213
752,214
752,215
752,216
752,217
752,218
752,219
752,220
752,221
752,222
752,223
752,224
752,225
752,226
752,227
752,228
752,229
752,230
752,231
752,232
752,233
752,234
752,235
752,236
752,237
752,238
752,239
752,240
752,241
752,242
752,243
752,244
752,245
752,246
752,247
753,114
753,115
753,116
753,117
753,118
753,119
753,120
753,121
753,122
753,123
753,124
753,125
753,126
753,127
753,128
753,129
753,130
753,131
753,132
753,133
753,134
753,135
753,136
753,137
753,138
753,139
753,140
753,141
753,142
753,143
753,144
753,145
753,146
753,147
753,148
753,149
753,150
753,151
753,152
753,153
753,154
753,155
753,156
753,157
753,158
753,173
753,174
753,175
753,176
753,177
753,178
753,179
753,180
753,181
753,182
753,183
753,184
753,185
753,186
753,187
753,188
753,189
753,190
753,191
753,192
753,193
753,194
753,195
753,196
753,197
753,198
753,199
753,200
753,201
753,202
753,203
753,204
753,205
753,206
753,207
753,208
753,209
753,210
753,211
753,212
753,213
753,214
753,215
753,216
753,217
753,218
753,219
753,220
753,221
753,222
753,223
753,224
753,225
753,226
753,227
753,228
753,229
753,230
753,231
753,232
753,233
753,234
753,235
753,236
753,237
753,238
753,239
753,240
753,241
753,242
753,243
753,244
753,245
753,246
753,247
754,112
754,113
754,114
754,115
754,116
754,117
754,118
754,119
754,120
754,121
754,122
754,123
754,124
754,125
754,126
754,127
754,128
754,129
754,130
754,131
754,132
754,133
754,134
754,135
754,136
754,137
754,138
754,139
754,140
754,141
754,142
754,143
754,144
754,145
754,146
754,147
754,148
754,149
754,150
754,151
754,152
754,153
754,154
754,155
754,156
754,157
754,158
754,174
754,175
754,176
754,177
754,178
754,179
754,180
754,181
754,182
754,183
754,184
754,185
754,186
754,187
754,188
754,189
754,190
754,191
754,192
754,193
754,194
754,195
754,196
754,197
754,198
754,199
754,200
754,201
754,202
754,203
754,204
754,205
754,206
754,207
754,208
754,209
754,210
754,211
754,212
754,213
754,214
754,215
754,216
754,217
754,218
754,219
754,220
754,221
754,222
754,223
754,224
754,225
754,226
754,227
754,228
754,229
754,230
754,231
754,232
754,233
754,234
754,235
754,236
754,237
754,238
754,239
754,240
754,241
754,242
754,243
754,244
754,245
754,246
754,247
755,110
755,111
755,112
755,113
755,114
755,115
755,116
755,117
755,118
755,119
755,120
755,121
755,122
755,123
755,124
755,125
755,126
755,127
755,128
755,129
755,130
755,131
755,132
755,133
755,134
755,135
755,136
755,137
755,138
755,139
755,140
755,141
755,142
755,143
755,144
755,145
755,146
755,147
755,148
755,149
755,150
755,151
755,152
755,153
755,154
755,155
755,156
755,157
755,158
755,174
755,175
755,176
755,177
755,178
755,179
755,180
755,181
755,182
755,183
755,184
755,185
755,186
755,187
755,188
755,189
755,190
755,191
755,192
755,193
755,194
755,195
755,196
755,197
755,198
755,199
755,200
755,201
755,202
755,203
755,204
755,205
755,206
755,207
755,208
755,209
755,210
755,211
755,212
755,213
755,214
755,215
755,216
755,217
755,218
755,219
755,220
755,221
755,222
755,223
755,224
755,225
755,226
755,227
755,228
755,229
755,230
755,231
755,232
755,233
755,234
755,235
755,236
755,237
755,238
755,239
755,240
755,241
755,242
755,243
755,244
755,245
755,246
755,247
755,248
756,108
756,109
756,110
756,111
756,112
756,113
756,114
756,115
756,116
756,117
756,118
756,119
756,120
756,121
756,122
756,123
756,124
756,125
756,126
756,127
756,128
756,129
756,130
756,131
756,132
756,133
756,134
756,135
756,136
756,137
756,138
756,139
756,140
756,141
756,142
756,143
756,144
756,145
756,146
756,147
756,148
756,149
756,150
756,151
756,152
756,153
756,154
756,155
756,156
756,157
756,158
756,159
756,175
756,176
756,177
756,178
756,179
756,180
756,181
756,182
756,183
756,184
756,185
756,186
756,187
756,188
756,189
756,190
756,191
756,192
756,193
756,194
756,195
756,196
756,197
756,198
756,199
756,200
756,201
756,202
756,203
756,204
756,205
756,206
756,207
756,208
756,209
756,210
756,211
756,212
756,213
756,214
756,215
756,216
756,217
756,218
756,219
756,220
756,221
756,222
756,223
756,224
756,225
756,226
756,227
756,228
756,229
756,230
756,231
756,232
756,233
756,234
756,235
756,236
756,237
756,238
756,239
756,240
756,241
756,242
756,243
756,244
756,245
756,246
756,247
756,248
757,108
757,109
757,110
757,111
757,112
757,113
757,114
757,115
757,116
757,117
757,118
757,119
757,120
757,121
757,122
757,123
757,124
757,125
757,126
757,127
757,128
757,129
757,130
757,131
757,132
757,133
757,134
757,135
757,136
757,137
757,138
757,139
757,140
757,141
757,142
757,143
757,144
757,145
757,146
757,147
757,148
757,149
757,150
757,151
757,152
757,153
757,154
757,155
757,156
757,157
757,158
757,159
757,176
757,177
757,178
757,179
757,180
757,181
757,182
757,183
757,184
757,185
757,186
757,187
757,188
757,189
757,190
757,191
757,192
757,193
757,194
757,195
757,196
757,197
757,198
757,199
757,200
757,201
757,202
757,203
757,204
757,205
757,206
757,207
757,208
757,209
757,210
757,211
757,212
757,213
757,214
757,215
757,216
757,217
757,218
757,219
757,220
757,221
757,222
757,223
757,224
757,225
757,226
757,227
757,228
757,229
757,230
757,231
757,232
757,233
757,234
757,235
757,236
757,237
757,238
757,239
757,240
757,241
757,242
757,243
757,244
757,245
757,246
757,247
757,248
757,249
758,108
758,109
758,110
758,111
758,112
758,113
758,114
758,115
758,116
758,117
758,118
758,119
758,120
758,121
758,122
758,123
758,124
758,125
758,126
758,127
758,128
758,129
758,130
758,131
758,132
758,133
758,134
758,135
758,136
758,137
758,138
758,139
758,140
758,141
758,142
758,143
758,144
758,145
758,146
758,147
758,148
758,149
758,150
758,151
758,152
758,153
758,154
758,155
758,156
758,157
758,158
758,159
758,177
758,178
758,179
758,180
758,181
758,182
758,183
758,184
758,185
758,186
758,187
758,188
758,189
758,190
758,191
758,192
758,193
758,194
758,195
758,196
758,197
758,198
758,199
758,200
758,201
758,202
758,203
758,204
758,205
758,206
758,207
758,208
758,209
758,210
758,211
758,212
758,213
758,214
758,215
758,216
758,217
758,218
758,219
758,220
758,221
758,222
758,223
758,224
758,225
758,226
758,227
758,228
758,229
758,230
758,231
758,232
758,233
758,234
758,235
758,236
758,237
758,238
758,239
758,240
758,241
758,242
758,243
758,244
758,245
758,246
758,247
758,248
758,249
759,108
759,109
759,110
759,111
759,112
759,113
759,114
759,115
759,116
759,117
759,118
759,119
759,120
759,121
759,122
759,123
759,124
759,125
759,126
759,127
759,128
759,129
759,130
759,131
759,132
759,133
759,134
759,135
759,136
759,137
759,138
759,139
759,140
759,141
759,142
759,143
759,144
759,145
759,146
759,147
759,148
759,149
759,150
759,151
759,152
759,153
759,154
759,155
759,156
759,157
759,158
759,159
759,160
759,177
759,178
759,179
759,180
759,181
759,182
759,183
759,184
759,185
759,186
759,187
759,188
759,189
759,190
759,191
759,192
759,193
759,194
759,195
759,196
759,197
759,198
759,199
759,200
759,201
759,202
759,203
759,204
759,205
759,206
759,207
759,208
759,209
759,210
759,211
759,212
759,213
759,214
759,215
759,216
759,217
759,218
759,219
759,220
759,221
759,222
759,223
759,224
759,225
759,226
759,227
759,228
759,229
759,230
759,231
759,232
759,233
759,234
759,235
759,236
759,237
759,238
759,239
759,240
759,241
759,242
759,243
759,244
759,245
759,246
759,247
759,248
759,249
759,250
760,108
760,109
760,110
760,111
760,112
760,113
760,114
760,115
760,116
760,117
760,118
760,119
760,120
760,121
760,122
760,123
760,124
760,125
760,126
760,127
760,128
760,129
760,130
760,131
760,132
760,133
760,134
760,135
760,136
760,137
760,138
760,139
760,140
760,141
760,142
760,143
760,144
760,145
760,146
760,147
760,148
760,149
760,150
760,151
760,152
760,153
760,154
760,155
760,156
760,157
760,158
760,159
760,160
760,178
760,179
760,180
760,181
760,182
760,183
760,184
760,185
760,186
760,187
760,188
760,189
760,190
760,191
760,192
760,193
760,194
760,195
760,196
760,197
760,198
760,199
760,200
760,201
760,202
760,203
760,204
760,205
760,206
760,207
760,208
760,209
760,210
760,211
760,212
760,213
760,214
760,215
760,216
760,217
760,218
760,219
760,220
760,221
760,222
760,223
760,224
760,225
760,226
760,227
760,228
760,229
760,230
760,231
760,232
760,233
760,234
760,235
760,236
760,237
760,238
760,239
760,240
760,241
760,242
760,243
760,244
760,245
760,246
760,247
760,248
760,249
760,250
761,109
761,110
761,111
761,112
761,113
761,114
761,115
761,116
761,117
761,118
761,119
761,120
761,121
761,122
761,123
761,124
761,125
761,126
761,127
761,128
761,129
761,130
761,131
761,132
761,133
761,134
761,135
761,136
761,137
761,138
761,139
761,140
761,141
761,142
761,143
761,144
761,145
761,146
761,147
761,148
761,149
761,150
761,151
761,152
761,153
761,154
761,155
761,156
761,157
761,158
761,159
761,160
761,161
761,179
761,180
761,181
761,182
761,183
761,184
761,185
761,186
761,187
761,188
761,189
761,190
761,191
761,192
761,193
761,194
761,195
761,196
761,197
761,198
761,199
761,200
761,201
761,202
761,203
761,204
761,205
761,206
761,207
761,208
761,209
761,210
761,211
761,212
761,213
761,214
761,215
761,216
761,217
761,218
761,219
761,220
761,221
761,222
761,223
761,224
761,225
761,226
761,227
761,228
761,229
761,230
761,231
761,232
761,233
761,234
761,235
761,236
761,237
761,238
761,239
761,240
761,241
761,242
761,243
761,244
761,245
761,246
761,247
761,248
761,249
761,250
761,251
762,109
762,110
762,111
762,112
762,113
762,114
762,115
762,116
762,117
762,118
762,119
762,120
762,121
762,122
762,123
762,124
762,125
762,126
762,127
762,128
762,129
762,130
762,131
762,132
762,133
762,134
762,135
762,136
762,137
762,138
762,139
762,140
762,141
762,142
762,143
762,144
762,145
762,146
762,147
762,148
762,149
762,150
762,151
762,152
762,153
762,154
762,155
762,156
762,157
762,158
762,159
762,160
762,161
762,181
762,182
762,183
762,184
762,185
762,186
762,187
762,188
762,189
762,190
762,191
762,192
762,193
762,194
762,195
762,196
762,197
762,198
762,199
762,200
762,201
762,202
762,203
762,204
762,205
762,206
762,207
762,208
762,209
762,210
762,211
762,212
762,213
762,214
762,215
762,216
762,217
762,218
762,219
762,220
762,221
762,222
762,223
762,224
762,225
762,226
762,227
762,228
762,229
762,230
762,231
762,232
762,233
762,234
762,235
762,236
762,237
762,238
762,239
762,240
762,241
762,242
762,243
762,244
762,245
762,246
762,247
762,248
762,249
762,250
762,251
763,109
763,110
763,111
763,112
763,113
763,114
763,115
763,116
763,117
763,118
763,119
763,120
763,121
763,122
763,123
763,124
763,125
763,126
763,127
763,128
763,129
763,130
763,131
763,132
763,133
763,134
763,135
763,136
763,137
763,138
763,139
763,140
763,141
763,142
763,143
763,144
763,145
763,146
763,147
763,148
763,149
763,150
763,151
763,152
763,153
763,154
763,155
763,156
763,157
763,158
763,159
763,160
763,161
763,183
763,184
763,185
763,186
763,187
763,188
763,189
763,190
763,191
763,192
763,193
763,194
763,195
763,196
763,197
763,198
763,199
763,200
763,201
763,202
763,203
763,204
763,205
763,206
763,207
763,208
763,209
763,210
763,211
763,212
763,213
763,214
763,215
763,216
763,217
763,218
763,219
763,220
763,221
763,222
763,223
763,224
763,225
763,226
763,227
763,228
763,229
763,230
763,231
763,232
763,233
763,234
763,235
763,236
763,237
763,238
763,239
763,240
763,241
763,242
763,243
763,244
763,245
763,246
763,247
763,248
764,109
764,110
764,111
764,112
764,113
764,114
764,115
764,116
764,117
764,118
764,119
764,120
764,121
764,122
764,123
764,124
764,125
764,126
764,127
764,128
764,129
764,130
764,131
764,132
764,133
764,134
764,135
764,136
764,137
764,138
764,139
764,140
764,141
764,142
764,143
764,144
764,145
764,146
764,147
764,148
764,149
764,150
764,151
764,152
764,153
764,154
764,155
764,156
764,157
764,158
764,159
764,160
764,161
764,162
764,185
764,186
764,187
764,188
764,189
764,190
764,191
764,192
764,193
764,194
764,195
764,196
764,197
764,198
764,199
764,200
764,201
764,202
764,203
764,204
764,205
764,206
764,207
764,208
764,209
764,210
764,211
764,212
764,213
764,214
764,215
764,216
764,217
764,218
764,219
764,220
764,221
764,222
764,223
764,224
764,225
764,226
764,227
764,228
764,229
764,230
764,231
764,232
764,233
764,234
764,235
764,236
764,237
764,238
764,239
764,240
764,241
764,242
764,243
765,109
765,110
765,111
765,112
765,113
765,114
765,115
765,116
765,117
765,118
765,119
765,120
765,121
765,122
765,123
765,124
765,125
765,126
765,127
765,128
765,129
765,130
765,131
765,132
765,133
765,134
765,135
765,136
765,137
765,138
765,139
765,140
765,141
765,142
765,143
765,144
765,145
765,146
765,147
765,148
765,149
765,150
765,151
765,152
765,153
765,154
765,155
765,156
765,157
765,158
765,159
765,160
765,161
765,162
765,187
765,188
765,189
765,190
765,191
765,192
765,193
765,194
765,195
765,196
765,197
765,198
765,199
765,200
765,201
765,202
765,203
765,204
765,205
765,206
765,207
765,208
765,209
765,210
765,211
765,212
765,213
765,214
765,215
765,216
765,217
765,218
765,219
765,220
765,221
765,222
765,223
765,224
765,225
765,226
765,227
765,228
765,229
765,230
765,231
765,232
765,233
765,234
765,235
765,236
765,237
765,238
765,239
766,109
766,110
766,111
766,112
766,113
766,114
766,115
766,116
766,117
766,118
766,119
766,120
766,121
766,122
766,123
766,124
766,125
766,126
766,127
766,128
766,129
766,130
766,131
766,132
766,133
766,134
766,135
766,136
766,137
766,138
766,139
766,140
766,141
766,142
766,143
766,144
766,145
766,146
766,147
766,148
766,149
766,150
766,151
766,152
766,153
766,154
766,155
766,156
766,157
766,158
766,159
766,160
766,161
766,162
766,163
766,189
766,190
766,191
766,192
766,193
766,194
766,195
766,196
766,197
766,198
766,199
766,200
766,201
766,202
766,203
766,204
766,205
766,206
766,207
766,208
766,209
766,210
766,211
766,212
766,213
766,214
766,215
766,216
766,217
766,218
766,219
766,220
766,221
766,222
766,223
766,224
766,225
766,226
766,227
766,228
766,229
766,230
766,231
766,232
766,233
766,234
766,235
766,236
766,237
767,109
767,110
767,111
767,112
767,113
767,114
767,115
767,116
767,117
767,118
767,119
767,120
767,121
767,122
767,123
767,124
767,125
767,126
767,127
767,128
767,129
767,130
767,131
767,132
767,133
767,134
767,135
767,136
767,137
767,138
767,139
767,140
767,141
767,142
767,143
767,144
767,145
767,146
767,147
767,148
767,149
767,150
767,151
767,152
767,153
767,154
767,155
767,156
767,157
767,158
767,159
767,160
767,161
767,162
767,163
767,192
767,193
767,194
767,195
767,196
767,197
767,198
767,199
767,200
767,201
767,202
767,203
767,204
767,205
767,206
767,207
767,208
767,209
767,210
767,211
767,212
767,213
767,214
767,215
767,216
767,217
767,218
767,219
767,220
767,221
767,222
767,223
767,224
767,225
767,226
767,227
767,228
767,229
767,230
767,231
767,232
767,233
767,234
767,235
768,109
768,110
768,111
768,112
768,113
768,114
768,115
768,116
768,117
768,118
768,119
768,120
768,121
768,122
768,123
768,124
768,125
768,126
768,127
768,128
768,129
768,130
768,131
768,132
768,133
768,134
768,135
768,136
768,137
768,138
768,139
768,140
768,141
768,142
768,143
768,144
768,145
768,146
768,147
768,148
768,149
768,150
768,151
768,152
768,153
768,154
768,155
768,156
768,157
768,158
768,159
768,160
768,161
768,162
768,163
768,196
768,197
768,198
768,199
768,200
768,201
768,202
768,203
768,204
768,205
768,206
768,207
768,208
768,209
768,210
768,211
768,212
768,213
768,214
768,215
768,216
768,217
768,218
768,219
768,220
768,221
768,222
768,223
768,224
768,225
768,226
768,227
768,228
768,229
768,230
768,231
768,232
768,233
769,109
769,110
769,111
769,112
769,113
769,114
769,115
769,116
769,117
769,118
769,119
769,120
769,121
769,122
769,123
769,124
769,125
769,126
769,127
769,128
769,129
769,130
769,131
769,132
769,133
769,134
769,135
769,136
769,137
769,138
769,139
769,140
769,141
769,142
769,143
769,144
769,145
769,146
769,147
769,148
769,149
769,150
769,151
769,152
769,153
769,154
769,155
769,156
769,157
769,158
769,159
769,160
769,161
769,162
769,163
769,200
769,201
769,202
769,203
769,204
769,205
769,206
769,207
769,208
769,209
769,210
769,211
769,212
769,213
769,214
769,215
769,216
769,217
769,218
769,219
769,220
769,221
769,222
769,223
769,224
769,225
769,226
769,227
769,228
769,229
769,230
769,231
770,110
770,111
770,112
770,113
770,114
770,115
770,116
770,117
770,118
770,119
770,120
770,121
770,122
770,123
770,124
770,125
770,126
770,127
770,128
770,129
770,130
770,131
770,132
770,133
770,134
770,135
770,136
770,137
770,138
770,139
770,140
770,141
770,142
770,143
770,144
770,145
770,146
770,147
770,148
770,149
770,150
770,151
770,152
770,153
770,154
770,155
770,156
770,157
770,158
770,159
770,160
770,161
770,162
770,163
770,205
770,206
770,207
770,208
770,209
770,210
770,211
770,212
770,213
770,214
770,215
770,216
770,217
770,218
770,219
770,220
770,221
770,222
770,223
770,224
770,225
770,226
770,227
770,228
770,229
771,110
771,111
771,112
771,113
771,114
771,115
771,116
771,117
771,118
771,119
771,120
771,121
771,122
771,123
771,124
771,125
771,126
771,127
771,128
771,129
771,130
771,131
771,132
771,133
771,134
771,135
771,136
771,137
771,138
771,139
771,140
771,141
771,142
771,143
771,144
771,145
771,146
771,147
771,148
771,149
771,150
771,151
771,152
771,153
771,154
771,155
771,156
771,157
771,158
771,159
771,160
771,161
771,162
771,163
771,164
771,209
771,210
771,211
771,212
771,213
771,214
771,215
771,216
771,217
771,218
771,219
771,220
771,221
771,222
771,223
771,224
771,225
771,226
771,227
772,110
772,111
772,112
772,113
772,114
772,115
772,116
772,117
772,118
772,119
772,120
772,121
772,122
772,123
772,124
772,125
772,126
772,127
772,128
772,129
772,130
772,131
772,132
772,133
772,134
772,135
772,136
772,137
772,138
772,139
772,140
772,141
772,142
772,143
772,144
772,145
772,146
772,147
772,148
772,149
772,150
772,151
772,152
772,153
772,154
772,155
772,156
772,157
772,158
772,159
772,160
772,161
772,162
772,163
772,164
772,213
772,214
772,215
772,216
772,217
772,218
772,219
772,220
772,221
772,222
772,223
772,224
772,225
772,226
773,110
773,111
773,112
773,113
773,114
773,115
773,116
773,117
773,118
773,119
773,120
773,121
773,122
773,123
773,124
773,125
773,126
773,127
773,128
773,129
773,130
773,131
773,132
773,133
773,134
773,135
773,136
773,137
773,138
773,139
773,140
773,141
773,142
773,143
773,144
773,145
773,146
773,147
773,148
773,149
773,150
773,151
773,152
773,153
773,154
773,155
773,156
773,157
773,158
773,159
773,160
773,161
773,162
773,163
773,164
773,216
773,217
773,218
773,219
773,220
773,221
773,222
773,223
773,224
774,110
774,111
774,112
774,113
774,114
774,115
774,116
774,117
774,118
774,119
774,120
774,121
774,122
774,123
774,124
774,125
774,126
774,127
774,128
774,129
774,130
774,131
774,132
774,133
774,134
774,135
774,136
774,137
774,138
774,139
774,140
774,141
774,142
774,143
774,144
774,145
774,146
774,147
774,148
774,149
774,150
774,151
774,152
774,153
774,154
774,155
774,156
774,157
774,158
774,159
774,160
774,161
774,162
774,163
774,164
774,217
774,218
774,219
774,220
774,221
774,222
775,110
775,111
775,112
775,113
775,114
775,115
775,116
775,117
775,118
775,119
775,120
775,121
775,122
775,123
775,124
775,125
775,126
775,127
775,128
775,129
775,130
775,131
775,132
775,133
775,134
775,135
775,136
775,137
775,138
775,139
775,140
775,141
775,142
775,143
775,144
775,145
775,146
775,147
775,148
775,149
775,150
775,151
775,152
775,153
775,154
775,155
775,156
775,157
775,158
775,159
775,160
775,161
775,162
775,163
775,164
775,218
775,219
775,220
775,221
776,110
776,111
776,112
776,113
776,114
776,115
776,116
776,117
776,118
776,119
776,120
776,121
776,122
776,123
776,124
776,125
776,126
776,127
776,128
776,129
776,130
776,131
776,132
776,133
776,134
776,135
776,136
776,137
776,138
776,139
776,140
776,141
776,142
776,143
776,144
776,145
776,146
776,147
776,148
776,149
776,150
776,151
776,152
776,153
776,154
776,155
776,156
776,157
776,158
776,159
776,160
776,161
776,162
776,163
776,164
776,219
777,110
777,111
777,112
777,113
777,114
777,115
777,116
777,117
777,118
777,119
777,120
777,121
777,122
777,123
777,124
777,125
777,126
777,127
777,128
777,129
777,130
777,131
777,132
777,133
777,134
777,135
777,136
777,137
777,138
777,139
777,140
777,141
777,142
777,143
777,144
777,145
777,146
777,147
777,148
777,149
777,150
777,151
777,152
777,153
777,154
777,155
777,156
777,157
777,158
777,159
777,160
777,161
777,162
777,163
777,164
778,111
778,112
778,113
778,114
778,115
778,116
778,117
778,118
778,119
778,120
778,121
778,122
778,123
778,124
778,125
778,126
778,127
778,128
778,129
778,130
778,131
778,132
778,133
778,134
778,135
778,136
778,137
778,138
778,139
778,140
778,141
778,142
778,143
778,144
778,145
778,146
778,147
778,148
778,149
778,150
778,151
778,152
778,153
778,154
778,155
778,156
778,157
778,158
778,159
778,160
778,161
778,162
778,163
778,164
778,165
779,111
779,112
779,113
779,114
779,115
779,116
779,117
779,118
779,119
779,120
779,121
779,122
779,123
779,124
779,125
779,126
779,127
779,128
779,129
779,130
779,131
779,132
779,133
779,134
779,135
779,136
779,137
779,138
779,139
779,140
779,141
779,142
779,143
779,144
779,145
779,146
779,147
779,148
779,149
779,150
779,151
779,152
779,153
779,154
779,155
779,156
779,157
779,158
779,159
779,160
779,161
779,162
779,163
779,164
779,165
780,111
780,112
780,113
780,114
780,115
780,116
780,117
780,118
780,119
780,120
780,121
780,122
780,123
780,124
780,125
780,126
780,127
780,128
780,129
780,130
780,131
780,132
780,133
780,134
780,135
780,136
780,137
780,138
780,139
780,140
780,141
780,142
780,143
780,144
780,145
780,146
780,147
780,148
780,149
780,150
780,151
780,152
780,153
780,154
780,155
780,156
780,157
780,158
780,159
780,160
780,161
780,162
780,163
780,164
780,165
781,111
781,112
781,113
781,114
781,115
781,116
781,117
781,118
781,119
781,120
781,121
781,122
781,123
781,124
781,125
781,126
781,127
781,128
781,129
781,130
781,131
781,132
781,133
781,134
781,135
781,136
781,137
781,138
781,139
781,140
781,141
781,142
781,143
781,144
781,145
781,146
781,147
781,148
781,149
781,150
781,151
781,152
781,153
781,154
781,155
781,156
781,157
781,158
781,159
781,160
781,161
781,162
781,163
781,164
781,165
782,111
782,112
782,113
782,114
782,115
782,116
782,117
782,118
782,119
782,120
782,121
782,122
782,123
782,124
782,125
782,126
782,127
782,128
782,129
782,130
782,131
782,132
782,133
782,134
782,135
782,136
782,137
782,138
782,139
782,140
782,141
782,142
782,143
782,144
782,145
782,146
782,147
782,148
782,149
782,150
782,151
782,152
782,153
782,154
782,155
782,156
782,157
782,158
782,159
782,160
782,161
782,162
782,163
782,164
782,165
783,111
783,112
783,113
783,114
783,115
783,116
783,117
783,118
783,119
783,120
783,121
783,122
783,123
783,124
783,125
783,126
783,127
783,128
783,129
783,130
783,131
783,132
783,133
783,134
783,135
783,136
783,137
783,138
783,139
783,140
783,141
783,142
783,143
783,144
783,145
783,146
783,147
783,148
783,149
783,150
783,151
783,152
783,153
783,154
783,155
783,156
783,157
783,158
783,159
783,160
783,161
783,162
783,163
783,164
783,165
784,112
784,113
784,114
784,115
784,116
784,117
784,118
784,119
784,120
784,121
784,122
784,123
784,124
784,125
784,126
784,127
784,128
784,129
784,130
784,131
784,132
784,133
784,134
784,135
784,136
784,137
784,138
784,139
784,140
784,141
784,142
784,143
784,144
784,145
784,146
784,147
784,148
784,149
784,150
784,151
784,152
784,153
784,154
784,155
784,156
784,157
784,158
784,159
784,160
784,161
784,162
784,163
784,164
784,165
785,112
785,113
785,114
785,115
785,116
785,117
785,118
785,119
785,120
785,121
785,122
785,123
785,124
785,125
785,126
785,127
785,128
785,129
785,130
785,131
785,132
785,133
785,134
785,135
785,136
785,137
785,138
785,139
785,140
785,141
785,142
785,143
785,144
785,145
785,146
785,147
785,148
785,149
785,150
785,151
785,152
785,153
785,154
785,155
785,156
785,157
785,158
785,159
785,160
785,161
785,162
785,163
785,164
785,165
785,166
786,113
786,114
786,115
786,116
786,117
786,118
786,119
786,120
786,121
786,122
786,123
786,124
786,125
786,126
786,127
786,128
786,129
786,130
786,131
786,132
786,133
786,134
786,135
786,136
786,137
786,138
786,139
786,140
786,141
786,142
786,143
786,144
786,145
786,146
786,147
786,148
786,149
786,150
786,151
786,152
786,153
786,154
786,155
786,156
786,157
786,158
786,159
786,160
786,161
786,162
786,163
786,164
786,165
786,166
787,113
787,114
787,115
787,116
787,117
787,118
787,119
787,120
787,121
787,122
787,123
787,124
787,125
787,126
787,127
787,128
787,129
787,130
787,131
787,132
787,133
787,134
787,135
787,136
787,137
787,138
787,139
787,140
787,141
787,142
787,143
787,144
787,145
787,146
787,147
787,148
787,149
787,150
787,151
787,152
787,153
787,154
787,155
787,156
787,157
787,158
787,159
787,160
787,161
787,162
787,163
787,164
787,165
787,166
788,113
788,114
788,115
788,116
788,117
788,118
788,119
788,120
788,121
788,122
788,123
788,124
788,125
788,126
788,127
788,128
788,129
788,130
788,131
788,132
788,133
788,134
788,135
788,136
788,137
788,138
788,139
788,140
788,141
788,142
788,143
788,144
788,145
788,146
788,147
788,148
788,149
788,150
788,151
788,152
788,153
788,154
788,155
788,156
788,157
788,158
788,159
788,160
788,161
788,162
788,163
788,164
788,165
788,166
789,114
789,115
789,116
789,117
789,118
789,119
789,120
789,121
789,122
789,123
789,124
789,125
789,126
789,127
789,128
789,129
789,130
789,131
789,132
789,133
789,134
789,135
789,136
789,137
789,138
789,139
789,140
789,141
789,142
789,143
789,144
789,145
789,146
789,147
789,148
789,149
789,150
789,151
789,152
789,153
789,154
789,155
789,156
789,157
789,158
789,159
789,160
789,161
789,162
789,163
789,164
789,165
789,166
790,114
790,115
790,116
790,117
790,118
790,119
790,120
790,121
790,122
790,123
790,124
790,125
790,126
790,127
790,128
790,129
790,130
790,131
790,132
790,133
790,134
790,135
790,136
790,137
790,138
790,139
790,140
790,141
790,142
790,143
790,144
790,145
790,146
790,147
790,148
790,149
790,150
790,151
790,152
790,153
790,154
790,155
790,156
790,157
790,158
790,159
790,160
790,161
790,162
790,163
790,164
790,165
790,166
791,115
791,116
791,117
791,118
791,119
791,120
791,121
791,122
791,123
791,124
791,125
791,126
791,127
791,128
791,129
791,130
791,131
791,132
791,133
791,134
791,135
791,136
791,137
791,138
791,139
791,140
791,141
791,142
791,143
791,144
791,145
791,146
791,147
791,148
791,149
791,150
791,151
791,152
791,153
791,154
791,155
791,156
791,157
791,158
791,159
791,160
791,161
791,162
791,163
791,164
791,165
791,166
792,115
792,116
792,117
792,118
792,119
792,120
792,121
792,122
792,123
792,124
792,125
792,126
792,127
792,128
792,129
792,130
792,131
792,132
792,133
792,134
792,135
792,136
792,137
792,138
792,139
792,140
792,141
792,142
792,143
792,144
792,145
792,146
792,147
792,148
792,149
792,150
792,151
792,152
792,153
792,154
792,155
792,156
792,157
792,158
792,159
792,160
792,161
792,162
792,163
792,164
792,165
792,166
792,167
793,115
793,116
793,117
793,118
793,119
793,120
793,121
793,122
793,123
793,124
793,125
793,126
793,127
793,128
793,129
793,130
793,131
793,132
793,133
793,134
793,135
793,136
793,137
793,138
793,139
793,140
793,141
793,142
793,143
793,144
793,145
793,146
793,147
793,148
793,149
793,150
793,151
793,152
793,153
793,154
793,155
793,156
793,157
793,158
793,159
793,160
793,161
793,162
793,163
793,164
793,165
793,166
793,167
794,116
794,117
794,118
794,119
794,120
794,121
794,122
794,123
794,124
794,125
794,126
794,127
794,128
794,129
794,130
794,131
794,132
794,133
794,134
794,135
794,136
794,137
794,138
794,139
794,140
794,141
794,142
794,143
794,144
794,145
794,146
794,147
794,148
794,149
794,150
794,151
794,152
794,153
794,154
794,155
794,156
794,157
794,158
794,159
794,160
794,161
794,162
794,163
794,164
794,165
794,166
794,167
795,116
795,117
795,118
795,119
795,120
795,121
795,122
795,123
795,124
795,125
795,126
795,127
795,128
795,129
795,130
795,131
795,132
795,133
795,134
795,135
795,136
795,137
795,138
795,139
795,140
795,141
795,142
795,143
795,144
795,145
795,146
795,147
795,148
795,149
795,150
795,151
795,152
795,153
795,154
795,155
795,156
795,157
795,158
795,159
795,160
795,161
795,162
795,163
795,164
795,165
795,166
795,167
796,117
796,118
796,119
796,120
796,121
796,122
796,123
796,124
796,125
796,126
796,127
796,128
796,129
796,130
796,131
796,132
796,133
796,134
796,135
796,136
796,137
796,138
796,139
796,140
796,141
796,142
796,143
796,144
796,145
796,146
796,147
796,148
796,149
796,150
796,151
796,152
796,153
796,154
796,155
796,156
796,157
796,158
796,159
796,160
796,161
796,162
796,163
796,164
796,165
797,117
797,118
797,119
797,120
797,121
797,122
797,123
797,124
797,125
797,126
797,127
797,128
797,129
797,130
797,131
797,132
797,133
797,134
797,135
797,136
797,137
797,138
797,139
797,140
797,141
797,142
797,143
797,144
797,145
797,146
797,147
797,148
797,149
797,150
797,151
797,152
797,153
797,154
797,155
797,156
797,157
797,158
797,159
797,160
797,161
797,162
797,163
798,117
798,118
798,119
798,120
798,121
798,122
798,123
798,124
798,125
798,126
798,127
798,128
798,129
798,130
798,131
798,132
798,133
798,134
798,135
798,136
798,137
798,138
798,139
798,140
798,141
798,142
798,143
798,144
798,145
798,146
798,147
798,148
798,149
798,150
798,151
798,152
798,153
798,154
798,155
798,156
798,157
798,158
798,159
798,160
799,118
799,119
799,120
799,121
799,122
799,123
799,124
799,125
799,126
799,127
799,128
799,129
799,130
799,131
799,132
799,133
799,134
799,135
799,136
799,137
799,138
799,139
799,140
799,141
799,142
799,143
799,144
799,145
799,146
799,147
799,148
799,149
799,150
799,151
799,152
799,153
799,154
799,155
799,156
799,157
799,158
800,118
800,119
800,120
800,121
800,122
800,123
800,124
800,125
800,126
800,127
800,128
800,129
800,130
800,131
800,132
800,133
800,134
800,135
800,136
800,137
800,138
800,139
800,140
800,141
800,142
800,143
800,144
800,145
800,146
800,147
800,148
800,149
800,150
800,151
800,152
800,153
800,154
800,155
800,156
801,119
801,120
801,121
801,122
801,123
801,124
801,125
801,126
801,127
801,128
801,129
801,130
801,131
801,132
801,133
801,134
801,135
801,136
801,137
801,138
801,139
801,140
801,141
801,142
801,143
801,144
801,145
801,146
801,147
801,148
801,149
801,150
801,151
801,152
801,153
802,119
802,120
802,121
802,122
802,123
802,124
802,125
802,126
802,127
802,128
802,129
802,130
802,131
802,132
802,133
802,134
802,135
802,136
802,137
802,138
802,139
802,140
802,141
802,142
802,143
802,144
802,145
802,146
802,147
802,148
802,149
802,150
802,151
803,119
803,120
803,121
803,122
803,123
803,124
803,125
803,126
803,127
803,128
803,129
803,130
803,131
803,132
803,133
803,134
803,135
803,136
803,137
803,138
803,139
803,140
803,141
803,142
803,143
803,144
803,145
803,146
803,147
803,148
804,120
804,121
804,122
804,123
804,124
804,125
804,126
804,127
804,128
804,129
804,130
804,131
804,132
804,133
804,134
804,135
804,136
804,137
804,138
804,139
804,140
804,141
804,142
804,143
804,144
804,145
804,146
805,120
805,121
805,122
805,123
805,124
805,125
805,126
805,127
805,128
805,129
805,130
805,131
805,132
805,133
805,134
805,135
805,136
805,137
805,138
805,139
805,140
805,141
806,121
806,122
806,123
806,124
806,125
806,126
806,127
806,128
806,129
806,130
806,131
806,132
806,133
807,121
807,122
807,123
807,124
807,125
