x,y
56,577
56,578
56,579
56,580
56,581
56,582
56,583
56,584
56,585
56,586
56,587
57,573
57,574
57,575
57,576
57,577
57,578
57,579
57,580
57,581
57,582
57,583
57,584
57,585
57,586
57,587
57,588
57,589
57,590
57,591
58,571
58,572
58,573
58,574
58,575
58,576
58,577
58,578
58,579
58,580
58,581
58,582
58,583
58,584
58,585
58,586
58,587
58,588
58,589
58,590
58,591
58,592
58,593
59,569
59,570
59,571
59,572
59,573
59,574
59,575
59,576
59,577
59,578
59,579
59,580
59,581
59,582
59,583
59,584
59,585
59,586
59,587
59,588
59,589
59,590
59,591
59,592
59,593
59,594
59,595
60,567
60,568
60,569
60,570
60,571
60,572
60,573
60,574
60,575
60,576
60,577
60,578
60,579
60,580
60,581
60,582
60,583
60,584
60,585
60,586
60,587
60,588
60,589
60,590
60,591
60,592
60,593
60,594
60,595
60,596
60,597
61,566
61,567
61,568
61,569
61,570
61,571
61,572
61,573
61,574
61,575
61,576
61,577
61,578
61,579
61,580
61,581
61,582
61,583
61,584
61,585
61,586
61,587
61,588
61,589
61,590
61,591
61,592
61,593
61,594
61,595
61,596
61,597
61,598
62,564
62,565
62,566
62,567
62,568
62,569
62,570
62,571
62,572
62,573
62,574
62,575
62,576
62,577
62,578
62,579
62,580
62,581
62,582
62,583
62,584
62,585
62,586
62,587
62,588
62,589
62,590
62,591
62,592
62,593
62,594
62,595
62,596
62,597
62,598
62,599
62,600
63,563
63,564
63,565
63,566
63,567
63,568
63,569
63,570
63,571
63,572
63,573
63,574
63,575
63,576
63,577
63,578
63,579
63,580
63,581
63,582
63,583
63,584
63,585
63,586
63,587
63,588
63,589
63,590
63,591
63,592
63,593
63,594
63,595
63,596
63,597
63,598
63,599
63,600
63,601
64,562
64,563
64,564
64,565
64,566
64,567
64,568
64,569
64,570
64,571
64,572
64,573
64,574
64,575
64,576
64,577
64,578
64,579
64,580
64,581
64,582
64,583
64,584
64,585
64,586
64,587
64,588
64,589
64,590
64,591
64,592
64,593
64,594
64,595
64,596
64,597
64,598
64,599
64,600
64,601
64,602
65,561
65,562
65,563
65,564
65,565
65,566
65,567
65,568
65,569
65,570
65,571
65,572
65,573
65,574
65,575
65,576
65,577
65,578
65,579
65,580
65,581
65,582
65,583
65,584
65,585
65,586
65,587
65,588
65,589
65,590
65,591
65,592
65,593
65,594
65,595
65,596
65,597
65,598
65,599
65,600
65,601
65,602
65,603
66,560
66,561
66,562
66,563
66,564
66,565
66,566
66,567
66,568
66,569
66,570
66,571
66,572
66,573
66,574
66,575
66,576
66,577
66,578
66,579
66,580
66,581
66,582
66,583
66,584
66,585
66,586
66,587
66,588
66,589
66,590
66,591
66,592
66,593
66,594
66,595
66,596
66,597
66,598
66,599
66,600
66,601
66,602
66,603
66,604
67,559
67,560
67,561
67,562
67,563
67,564
67,565
67,566
67,567
67,568
67,569
67,570
67,571
67,572
67,573
67,574
67,575
67,576
67,577
67,578
67,579
67,580
67,581
67,582
67,583
67,584
67,585
67,586
67,587
67,588
67,589
67,590
67,591
67,592
67,593
67,594
67,595
67,596
67,597
67,598
67,599
67,600
67,601
67,602
67,603
67,604
67,605
68,559
68,560
68,561
68,562
68,563
68,564
68,565
68,566
68,567
68,568
68,569
68,570
68,571
68,572
68,573
68,574
68,575
68,576
68,577
68,578
68,579
68,580
68,581
68,582
68,583
68,584
68,585
68,586
68,587
68,588
68,589
68,590
68,591
68,592
68,593
68,594
68,595
68,596
68,597
68,598
68,599
68,600
68,601
68,602
68,603
68,604
68,605
69,558
69,559
69,560
69,561
69,562
69,563
69,564
69,565
69,566
69,567
69,568
69,569
69,570
69,571
69,572
69,573
69,574
69,575
69,576
69,577
69,578
69,579
69,580
69,581
69,582
69,583
69,584
69,585
69,586
69,587
69,588
69,589
69,590
69,591
69,592
69,593
69,594
69,595
69,596
69,597
69,598
69,599
69,600
69,601
69,602
69,603
69,604
69,605
69,606
70,557
70,558
70,559
70,560
70,561
70,562
70,563
70,564
70,565
70,566
70,567
70,568
70,569
70,570
70,571
70,572
70,573
70,574
70,575
70,576
70,577
70,578
70,579
70,580
70,581
70,582
70,583
70,584
70,585
70,586
70,587
70,588
70,589
70,590
70,591
70,592
70,593
70,594
70,595
70,596
70,597
70,598
70,599
70,600
70,601
70,602
70,603
70,604
70,605
70,606
70,607
71,557
71,558
71,559
71,560
71,561
71,562
71,563
71,564
71,565
71,566
71,567
71,568
71,569
71,570
71,571
71,572
71,573
71,574
71,575
71,576
71,577
71,578
71,579
71,580
71,581
71,582
71,583
71,584
71,585
71,586
71,587
71,588
71,589
71,590
71,591
71,592
71,593
71,594
71,595
71,596
71,597
71,598
71,599
71,600
71,601
71,602
71,603
71,604
71,605
71,606
71,607
72,556
72,557
72,558
72,559
72,560
72,561
72,562
72,563
72,564
72,565
72,566
72,567
72,568
72,569
72,570
72,571
72,572
72,573
72,574
72,575
72,576
72,577
72,578
72,579
72,580
72,581
72,582
72,583
72,584
72,585
72,586
72,587
72,588
72,589
72,590
72,591
72,592
72,593
72,594
72,595
72,596
72,597
72,598
72,599
72,600
72,601
72,602
72,603
72,604
72,605
72,606
72,607
72,608
73,556
73,557
73,558
73,559
73,560
73,561
73,562
73,563
73,564
73,565
73,566
73,567
73,568
73,569
73,570
73,571
73,572
73,573
73,574
73,575
73,576
73,577
73,578
73,579
73,580
73,581
73,582
73,583
73,584
73,585
73,586
73,587
73,588
73,589
73,590
73,591
73,592
73,593
73,594
73,595
73,596
73,597
73,598
73,599
73,600
73,601
73,602
73,603
73,604
73,605
73,606
73,607
73,608
74,360
74,361
74,362
74,363
74,364
74,365
74,366
74,367
74,368
74,555
74,556
74,557
74,558
74,559
74,560
74,561
74,562
74,563
74,564
74,565
74,566
74,567
74,568
74,569
74,570
74,571
74,572
74,573
74,574
74,575
74,576
74,577
74,578
74,579
74,580
74,581
74,582
74,583
74,584
74,585
74,586
74,587
74,588
74,589
74,590
74,591
74,592
74,593
74,594
74,595
74,596
74,597
74,598
74,599
74,600
74,601
74,602
74,603
74,604
74,605
74,606
74,607
74,608
74,609
75,357
75,358
75,359
75,360
75,361
75,362
75,363
75,364
75,365
75,366
75,367
75,368
75,369
75,370
75,371
75,555
75,556
75,557
75,558
75,559
75,560
75,561
75,562
75,563
75,564
75,565
75,566
75,567
75,568
75,569
75,570
75,571
75,572
75,573
75,574
75,575
75,576
75,577
75,578
75,579
75,580
75,581
75,582
75,583
75,584
75,585
75,586
75,587
75,588
75,589
75,590
75,591
75,592
75,593
75,594
75,595
75,596
75,597
75,598
75,599
75,600
75,601
75,602
75,603
75,604
75,605
75,606
75,607
75,608
75,609
76,355
76,356
76,357
76,358
76,359
76,360
76,361
76,362
76,363
76,364
76,365
76,366
76,367
76,368
76,369
76,370
76,371
76,372
76,373
76,554
76,555
76,556
76,557
76,558
76,559
76,560
76,561
76,562
76,563
76,564
76,565
76,566
76,567
76,568
76,569
76,570
76,571
76,572
76,573
76,574
76,575
76,576
76,577
76,578
76,579
76,580
76,581
76,582
76,583
76,584
76,585
76,586
76,587
76,588
76,589
76,590
76,591
76,592
76,593
76,594
76,595
76,596
76,597
76,598
76,599
76,600
76,601
76,602
76,603
76,604
76,605
76,606
76,607
76,608
76,609
76,610
77,353
77,354
77,355
77,356
77,357
77,358
77,359
77,360
77,361
77,362
77,363
77,364
77,365
77,366
77,367
77,368
77,369
77,370
77,371
77,372
77,373
77,374
77,375
77,554
77,555
77,556
77,557
77,558
77,559
77,560
77,561
77,562
77,563
77,564
77,565
77,566
77,567
77,568
77,569
77,570
77,571
77,572
77,573
77,574
77,575
77,576
77,577
77,578
77,579
77,580
77,581
77,582
77,583
77,584
77,585
77,586
77,587
77,588
77,589
77,590
77,591
77,592
77,593
77,594
77,595
77,596
77,597
77,598
77,599
77,600
77,601
77,602
77,603
77,604
77,605
77,606
77,607
77,608
77,609
77,610
78,352
78,353
78,354
78,355
78,356
78,357
78,358
78,359
78,360
78,361
78,362
78,363
78,364
78,365
78,366
78,367
78,368
78,369
78,370
78,371
78,372
78,373
78,374
78,375
78,376
78,554
78,555
78,556
78,557
78,558
78,559
78,560
78,561
78,562
78,563
78,564
78,565
78,566
78,567
78,568
78,569
78,570
78,571
78,572
78,573
78,574
78,575
78,576
78,577
78,578
78,579
78,580
78,581
78,582
78,583
78,584
78,585
78,586
78,587
78,588
78,589
78,590
78,591
78,592
78,593
78,594
78,595
78,596
78,597
78,598
78,599
78,600
78,601
78,602
78,603
78,604
78,605
78,606
78,607
78,608
78,609
78,610
79,350
79,351
79,352
79,353
79,354
79,355
79,356
79,357
79,358
79,359
79,360
79,361
79,362
79,363
79,364
79,365
79,366
79,367
79,368
79,369
79,370
79,371
79,372
79,373
79,374
79,375
79,376
79,377
79,378
79,554
79,555
79,556
79,557
79,558
79,559
79,560
79,561
79,562
79,563
79,564
79,565
79,566
79,567
79,568
79,569
79,570
79,571
79,572
79,573
79,574
79,575
79,576
79,577
79,578
79,579
79,580
79,581
79,582
79,583
79,584
79,585
79,586
79,587
79,588
79,589
79,590
79,591
79,592
79,593
79,594
79,595
79,596
79,597
79,598
79,599
79,600
79,601
79,602
79,603
79,604
79,605
79,606
79,607
79,608
79,609
79,610
80,349
80,350
80,351
80,352
80,353
80,354
80,355
80,356
80,357
80,358
80,359
80,360
80,361
80,362
80,363
80,364
80,365
80,366
80,367
80,368
80,369
80,370
80,371
80,372
80,373
80,374
80,375
80,376
80,377
80,378
80,379
80,553
80,554
80,555
80,556
80,557
80,558
80,559
80,560
80,561
80,562
80,563
80,564
80,565
80,566
80,567
80,568
80,569
80,570
80,571
80,572
80,573
80,574
80,575
80,576
80,577
80,578
80,579
80,580
80,581
80,582
80,583
80,584
80,585
80,586
80,587
80,588
80,589
80,590
80,591
80,592
80,593
80,594
80,595
80,596
80,597
80,598
80,599
80,600
80,601
80,602
80,603
80,604
80,605
80,606
80,607
80,608
80,609
80,610
80,611
81,348
81,349
81,350
81,351
81,352
81,353
81,354
81,355
81,356
81,357
81,358
81,359
81,360
81,361
81,362
81,363
81,364
81,365
81,366
81,367
81,368
81,369
81,370
81,371
81,372
81,373
81,374
81,375
81,376
81,377
81,378
81,379
81,380
81,553
81,554
81,555
81,556
81,557
81,558
81,559
81,560
81,561
81,562
81,563
81,564
81,565
81,566
81,567
81,568
81,569
81,570
81,571
81,572
81,573
81,574
81,575
81,576
81,577
81,578
81,579
81,580
81,581
81,582
81,583
81,584
81,585
81,586
81,587
81,588
81,589
81,590
81,591
81,592
81,593
81,594
81,595
81,596
81,597
81,598
81,599
81,600
81,601
81,602
81,603
81,604
81,605
81,606
81,607
81,608
81,609
81,610
81,611
82,348
82,349
82,350
82,351
82,352
82,353
82,354
82,355
82,356
82,357
82,358
82,359
82,360
82,361
82,362
82,363
82,364
82,365
82,366
82,367
82,368
82,369
82,370
82,371
82,372
82,373
82,374
82,375
82,376
82,377
82,378
82,379
82,380
82,553
82,554
82,555
82,556
82,557
82,558
82,559
82,560
82,561
82,562
82,563
82,564
82,565
82,566
82,567
82,568
82,569
82,570
82,571
82,572
82,573
82,574
82,575
82,576
82,577
82,578
82,579
82,580
82,581
82,582
82,583
82,584
82,585
82,586
82,587
82,588
82,589
82,590
82,591
82,592
82,593
82,594
82,595
82,596
82,597
82,598
82,599
82,600
82,601
82,602
82,603
82,604
82,605
82,606
82,607
82,608
82,609
82,610
82,611
83,347
83,348
83,349
83,350
83,351
83,352
83,353
83,354
83,355
83,356
83,357
83,358
83,359
83,360
83,361
83,362
83,363
83,364
83,365
83,366
83,367
83,368
83,369
83,370
83,371
83,372
83,373
83,374
83,375
83,376
83,377
83,378
83,379
83,380
83,381
83,553
83,554
83,555
83,556
83,557
83,558
83,559
83,560
83,561
83,562
83,563
83,564
83,565
83,566
83,567
83,568
83,569
83,570
83,571
83,572
83,573
83,574
83,575
83,576
83,577
83,578
83,579
83,580
83,581
83,582
83,583
83,584
83,585
83,586
83,587
83,588
83,589
83,590
83,591
83,592
83,593
83,594
83,595
83,596
83,597
83,598
83,599
83,600
83,601
83,602
83,603
83,604
83,605
83,606
83,607
83,608
83,609
83,610
83,611
84,346
84,347
84,348
84,349
84,350
84,351
84,352
84,353
84,354
84,355
84,356
84,357
84,358
84,359
84,360
84,361
84,362
84,363
84,364
84,365
84,366
84,367
84,368
84,369
84,370
84,371
84,372
84,373
84,374
84,375
84,376
84,377
84,378
84,379
84,380
84,381
84,382
84,553
84,554
84,555
84,556
84,557
84,558
84,559
84,560
84,561
84,562
84,563
84,564
84,565
84,566
84,567
84,568
84,569
84,570
84,571
84,572
84,573
84,574
84,575
84,576
84,577
84,578
84,579
84,580
84,581
84,582
84,583
84,584
84,585
84,586
84,587
84,588
84,589
84,590
84,591
84,592
84,593
84,594
84,595
84,596
84,597
84,598
84,599
84,600
84,601
84,602
84,603
84,604
84,605
84,606
84,607
84,608
84,609
84,610
84,611
85,346
85,347
85,348
85,349
85,350
85,351
85,352
85,353
85,354
85,355
85,356
85,357
85,358
85,359
85,360
85,361
85,362
85,363
85,364
85,365
85,366
85,367
85,368
85,369
85,370
85,371
85,372
85,373
85,374
85,375
85,376
85,377
85,378
85,379
85,380
85,381
85,382
85,553
85,554
85,555
85,556
85,557
85,558
85,559
85,560
85,561
85,562
85,563
85,564
85,565
85,566
85,567
85,568
85,569
85,570
85,571
85,572
85,573
85,574
85,575
85,576
85,577
85,578
85,579
85,580
85,581
85,582
85,583
85,584
85,585
85,586
85,587
85,588
85,589
85,590
85,591
85,592
85,593
85,594
85,595
85,596
85,597
85,598
85,599
85,600
85,601
85,602
85,603
85,604
85,605
85,606
85,607
85,608
85,609
85,610
85,611
86,345
86,346
86,347
86,348
86,349
86,350
86,351
86,352
86,353
86,354
86,355
86,356
86,357
86,358
86,359
86,360
86,361
86,362
86,363
86,364
86,365
86,366
86,367
86,368
86,369
86,370
86,371
86,372
86,373
86,374
86,375
86,376
86,377
86,378
86,379
86,380
86,381
86,382
86,383
86,553
86,554
86,555
86,556
86,557
86,558
86,559
86,560
86,561
86,562
86,563
86,564
86,565
86,566
86,567
86,568
86,569
86,570
86,571
86,572
86,573
86,574
86,575
86,576
86,577
86,578
86,579
86,580
86,581
86,582
86,583
86,584
86,585
86,586
86,587
86,588
86,589
86,590
86,591
86,592
86,593
86,594
86,595
86,596
86,597
86,598
86,599
86,600
86,601
86,602
86,603
86,604
86,605
86,606
86,607
86,608
86,609
86,610
86,611
87,345
87,346
87,347
87,348
87,349
87,350
87,351
87,352
87,353
87,354
87,355
87,356
87,357
87,358
87,359
87,360
87,361
87,362
87,363
87,364
87,365
87,366
87,367
87,368
87,369
87,370
87,371
87,372
87,373
87,374
87,375
87,376
87,377
87,378
87,379
87,380
87,381
87,382
87,383
87,553
87,554
87,555
87,556
87,557
87,558
87,559
87,560
87,561
87,562
87,563
87,564
87,565
87,566
87,567
87,568
87,569
87,570
87,571
87,572
87,573
87,574
87,575
87,576
87,577
87,578
87,579
87,580
87,581
87,582
87,583
87,584
87,585
87,586
87,587
87,588
87,589
87,590
87,591
87,592
87,593
87,594
87,595
87,596
87,597
87,598
87,599
87,600
87,601
87,602
87,603
87,604
87,605
87,606
87,607
87,608
87,609
87,610
87,611
88,344
88,345
88,346
88,347
88,348
88,349
88,350
88,351
88,352
88,353
88,354
88,355
88,356
88,357
88,358
88,359
88,360
88,361
88,362
88,363
88,364
88,365
88,366
88,367
88,368
88,369
88,370
88,371
88,372
88,373
88,374
88,375
88,376
88,377
88,378
88,379
88,380
88,381
88,382
88,383
88,384
88,553
88,554
88,555
88,556
88,557
88,558
88,559
88,560
88,561
88,562
88,563
88,564
88,565
88,566
88,567
88,568
88,569
88,570
88,571
88,572
88,573
88,574
88,575
88,576
88,577
88,578
88,579
88,580
88,581
88,582
88,583
88,584
88,585
88,586
88,587
88,588
88,589
88,590
88,591
88,592
88,593
88,594
88,595
88,596
88,597
88,598
88,599
88,600
88,601
88,602
88,603
88,604
88,605
88,606
88,607
88,608
88,609
88,610
88,611
89,344
89,345
89,346
89,347
89,348
89,349
89,350
89,351
89,352
89,353
89,354
89,355
89,356
89,357
89,358
89,359
89,360
89,361
89,362
89,363
89,364
89,365
89,366
89,367
89,368
89,369
89,370
89,371
89,372
89,373
89,374
89,375
89,376
89,377
89,378
89,379
89,380
89,381
89,382
89,383
89,384
89,553
89,554
89,555
89,556
89,557
89,558
89,559
89,560
89,561
89,562
89,563
89,564
89,565
89,566
89,567
89,568
89,569
89,570
89,571
89,572
89,573
89,574
89,575
89,576
89,577
89,578
89,579
89,580
89,581
89,582
89,583
89,584
89,585
89,586
89,587
89,588
89,589
89,590
89,591
89,592
89,593
89,594
89,595
89,596
89,597
89,598
89,599
89,600
89,601
89,602
89,603
89,604
89,605
89,606
89,607
89,608
89,609
89,610
89,611
90,344
90,345
90,346
90,347
90,348
90,349
90,350
90,351
90,352
90,353
90,354
90,355
90,356
90,357
90,358
90,359
90,360
90,361
90,362
90,363
90,364
90,365
90,366
90,367
90,368
90,369
90,370
90,371
90,372
90,373
90,374
90,375
90,376
90,377
90,378
90,379
90,380
90,381
90,382
90,383
90,384
90,553
90,554
90,555
90,556
90,557
90,558
90,559
90,560
90,561
90,562
90,563
90,564
90,565
90,566
90,567
90,568
90,569
90,570
90,571
90,572
90,573
90,574
90,575
90,576
90,577
90,578
90,579
90,580
90,581
90,582
90,583
90,584
90,585
90,586
90,587
90,588
90,589
90,590
90,591
90,592
90,593
90,594
90,595
90,596
90,597
90,598
90,599
90,600
90,601
90,602
90,603
90,604
90,605
90,606
90,607
90,608
90,609
90,610
90,611
91,343
91,344
91,345
91,346
91,347
91,348
91,349
91,350
91,351
91,352
91,353
91,354
91,355
91,356
91,357
91,358
91,359
91,360
91,361
91,362
91,363
91,364
91,365
91,366
91,367
91,368
91,369
91,370
91,371
91,372
91,373
91,374
91,375
91,376
91,377
91,378
91,379
91,380
91,381
91,382
91,383
91,384
91,385
91,554
91,555
91,556
91,557
91,558
91,559
91,560
91,561
91,562
91,563
91,564
91,565
91,566
91,567
91,568
91,569
91,570
91,571
91,572
91,573
91,574
91,575
91,576
91,577
91,578
91,579
91,580
91,581
91,582
91,583
91,584
91,585
91,586
91,587
91,588
91,589
91,590
91,591
91,592
91,593
91,594
91,595
91,596
91,597
91,598
91,599
91,600
91,601
91,602
91,603
91,604
91,605
91,606
91,607
91,608
91,609
91,610
92,343
92,344
92,345
92,346
92,347
92,348
92,349
92,350
92,351
92,352
92,353
92,354
92,355
92,356
92,357
92,358
92,359
92,360
92,361
92,362
92,363
92,364
92,365
92,366
92,367
92,368
92,369
92,370
92,371
92,372
92,373
92,374
92,375
92,376
92,377
92,378
92,379
92,380
92,381
92,382
92,383
92,384
92,385
92,554
92,555
92,556
92,557
92,558
92,559
92,560
92,561
92,562
92,563
92,564
92,565
92,566
92,567
92,568
92,569
92,570
92,571
92,572
92,573
92,574
92,575
92,576
92,577
92,578
92,579
92,580
92,581
92,582
92,583
92,584
92,585
92,586
92,587
92,588
92,589
92,590
92,591
92,592
92,593
92,594
92,595
92,596
92,597
92,598
92,599
92,600
92,601
92,602
92,603
92,604
92,605
92,606
92,607
92,608
92,609
92,610
93,343
93,344
93,345
93,346
93,347
93,348
93,349
93,350
93,351
93,352
93,353
93,354
93,355
93,356
93,357
93,358
93,359
93,360
93,361
93,362
93,363
93,364
93,365
93,366
93,367
93,368
93,369
93,370
93,371
93,372
93,373
93,374
93,375
93,376
93,377
93,378
93,379
93,380
93,381
93,382
93,383
93,384
93,385
93,554
93,555
93,556
93,557
93,558
93,559
93,560
93,561
93,562
93,563
93,564
93,565
93,566
93,567
93,568
93,569
93,570
93,571
93,572
93,573
93,574
93,575
93,576
93,577
93,578
93,579
93,580
93,581
93,582
93,583
93,584
93,585
93,586
93,587
93,588
93,589
93,590
93,591
93,592
93,593
93,594
93,595
93,596
93,597
93,598
93,599
93,600
93,601
93,602
93,603
93,604
93,605
93,606
93,607
93,608
93,609
93,610
94,343
94,344
94,345
94,346
94,347
94,348
94,349
94,350
94,351
94,352
94,353
94,354
94,355
94,356
94,357
94,358
94,359
94,360
94,361
94,362
94,363
94,364
94,365
94,366
94,367
94,368
94,369
94,370
94,371
94,372
94,373
94,374
94,375
94,376
94,377
94,378
94,379
94,380
94,381
94,382
94,383
94,384
94,385
94,554
94,555
94,556
94,557
94,558
94,559
94,560
94,561
94,562
94,563
94,564
94,565
94,566
94,567
94,568
94,569
94,570
94,571
94,572
94,573
94,574
94,575
94,576
94,577
94,578
94,579
94,580
94,581
94,582
94,583
94,584
94,585
94,586
94,587
94,588
94,589
94,590
94,591
94,592
94,593
94,594
94,595
94,596
94,597
94,598
94,599
94,600
94,601
94,602
94,603
94,604
94,605
94,606
94,607
94,608
94,609
94,610
95,343
95,344
95,345
95,346
95,347
95,348
95,349
95,350
95,351
95,352
95,353
95,354
95,355
95,356
95,357
95,358
95,359
95,360
95,361
95,362
95,363
95,364
95,365
95,366
95,367
95,368
95,369
95,370
95,371
95,372
95,373
95,374
95,375
95,376
95,377
95,378
95,379
95,380
95,381
95,382
95,383
95,384
95,385
95,555
95,556
95,557
95,558
95,559
95,560
95,561
95,562
95,563
95,564
95,565
95,566
95,567
95,568
95,569
95,570
95,571
95,572
95,573
95,574
95,575
95,576
95,577
95,578
95,579
95,580
95,581
95,582
95,583
95,584
95,585
95,586
95,587
95,588
95,589
95,590
95,591
95,592
95,593
95,594
95,595
95,596
95,597
95,598
95,599
95,600
95,601
95,602
95,603
95,604
95,605
95,606
95,607
95,608
95,609
96,343
96,344
96,345
96,346
96,347
96,348
96,349
96,350
96,351
96,352
96,353
96,354
96,355
96,356
96,357
96,358
96,359
96,360
96,361
96,362
96,363
96,364
96,365
96,366
96,367
96,368
96,369
96,370
96,371
96,372
96,373
96,374
96,375
96,376
96,377
96,378
96,379
96,380
96,381
96,382
96,383
96,384
96,385
96,555
96,556
96,557
96,558
96,559
96,560
96,561
96,562
96,563
96,564
96,565
96,566
96,567
96,568
96,569
96,570
96,571
96,572
96,573
96,574
96,575
96,576
96,577
96,578
96,579
96,580
96,581
96,582
96,583
96,584
96,585
96,586
96,587
96,588
96,589
96,590
96,591
96,592
96,593
96,594
96,595
96,596
96,597
96,598
96,599
96,600
96,601
96,602
96,603
96,604
96,605
96,606
96,607
96,608
96,609
97,343
97,344
97,345
97,346
97,347
97,348
97,349
97,350
97,351
97,352
97,353
97,354
97,355
97,356
97,357
97,358
97,359
97,360
97,361
97,362
97,363
97,364
97,365
97,366
97,367
97,368
97,369
97,370
97,371
97,372
97,373
97,374
97,375
97,376
97,377
97,378
97,379
97,380
97,381
97,382
97,383
97,384
97,385
97,556
97,557
97,558
97,559
97,560
97,561
97,562
97,563
97,564
97,565
97,566
97,567
97,568
97,569
97,570
97,571
97,572
97,573
97,574
97,575
97,576
97,577
97,578
97,579
97,580
97,581
97,582
97,583
97,584
97,585
97,586
97,587
97,588
97,589
97,590
97,591
97,592
97,593
97,594
97,595
97,596
97,597
97,598
97,599
97,600
97,601
97,602
97,603
97,604
97,605
97,606
97,607
97,608
98,343
98,344
98,345
98,346
98,347
98,348
98,349
98,350
98,351
98,352
98,353
98,354
98,355
98,356
98,357
98,358
98,359
98,360
98,361
98,362
98,363
98,364
98,365
98,366
98,367
98,368
98,369
98,370
98,371
98,372
98,373
98,374
98,375
98,376
98,377
98,378
98,379
98,380
98,381
98,382
98,383
98,384
98,385
98,556
98,557
98,558
98,559
98,560
98,561
98,562
98,563
98,564
98,565
98,566
98,567
98,568
98,569
98,570
98,571
98,572
98,573
98,574
98,575
98,576
98,577
98,578
98,579
98,580
98,581
98,582
98,583
98,584
98,585
98,586
98,587
98,588
98,589
98,590
98,591
98,592
98,593
98,594
98,595
98,596
98,597
98,598
98,599
98,600
98,601
98,602
98,603
98,604
98,605
98,606
98,607
98,608
99,343
99,344
99,345
99,346
99,347
99,348
99,349
99,350
99,351
99,352
99,353
99,354
99,355
99,356
99,357
99,358
99,359
99,360
99,361
99,362
99,363
99,364
99,365
99,366
99,367
99,368
99,369
99,370
99,371
99,372
99,373
99,374
99,375
99,376
99,377
99,378
99,379
99,380
99,381
99,382
99,383
99,384
99,385
99,557
99,558
99,559
99,560
99,561
99,562
99,563
99,564
99,565
99,566
99,567
99,568
99,569
99,570
99,571
99,572
99,573
99,574
99,575
99,576
99,577
99,578
99,579
99,580
99,581
99,582
99,583
99,584
99,585
99,586
99,587
99,588
99,589
99,590
99,591
99,592
99,593
99,594
99,595
99,596
99,597
99,598
99,599
99,600
99,601
99,602
99,603
99,604
99,605
99,606
99,607
100,344
100,345
100,346
100,347
100,348
100,349
100,350
100,351
100,352
100,353
100,354
100,355
100,356
100,357
100,358
100,359
100,360
100,361
100,362
100,363
100,364
100,365
100,366
100,367
100,368
100,369
100,370
100,371
100,372
100,373
100,374
100,375
100,376
100,377
100,378
100,379
100,380
100,381
100,382
100,383
100,384
100,557
100,558
100,559
100,560
100,561
100,562
100,563
100,564
100,565
100,566
100,567
100,568
100,569
100,570
100,571
100,572
100,573
100,574
100,575
100,576
100,577
100,578
100,579
100,580
100,581
100,582
100,583
100,584
100,585
100,586
100,587
100,588
100,589
100,590
100,591
100,592
100,593
100,594
100,595
100,596
100,597
100,598
100,599
100,600
100,601
100,602
100,603
100,604
100,605
100,606
100,607
101,344
101,345
101,346
101,347
101,348
101,349
101,350
101,351
101,352
101,353
101,354
101,355
101,356
101,357
101,358
101,359
101,360
101,361
101,362
101,363
101,364
101,365
101,366
101,367
101,368
101,369
101,370
101,371
101,372
101,373
101,374
101,375
101,376
101,377
101,378
101,379
101,380
101,381
101,382
101,383
101,384
101,558
101,559
101,560
101,561
101,562
101,563
101,564
101,565
101,566
101,567
101,568
101,569
101,570
101,571
101,572
101,573
101,574
101,575
101,576
101,577
101,578
101,579
101,580
101,581
101,582
101,583
101,584
101,585
101,586
101,587
101,588
101,589
101,590
101,591
101,592
101,593
101,594
101,595
101,596
101,597
101,598
101,599
101,600
101,601
101,602
101,603
101,604
101,605
101,606
102,344
102,345
102,346
102,347
102,348
102,349
102,350
102,351
102,352
102,353
102,354
102,355
102,356
102,357
102,358
102,359
102,360
102,361
102,362
102,363
102,364
102,365
102,366
102,367
102,368
102,369
102,370
102,371
102,372
102,373
102,374
102,375
102,376
102,377
102,378
102,379
102,380
102,381
102,382
102,383
102,384
102,559
102,560
102,561
102,562
102,563
102,564
102,565
102,566
102,567
102,568
102,569
102,570
102,571
102,572
102,573
102,574
102,575
102,576
102,577
102,578
102,579
102,580
102,581
102,582
102,583
102,584
102,585
102,586
102,587
102,588
102,589
102,590
102,591
102,592
102,593
102,594
102,595
102,596
102,597
102,598
102,599
102,600
102,601
102,602
102,603
102,604
102,605
103,345
103,346
103,347
103,348
103,349
103,350
103,351
103,352
103,353
103,354
103,355
103,356
103,357
103,358
103,359
103,360
103,361
103,362
103,363
103,364
103,365
103,366
103,367
103,368
103,369
103,370
103,371
103,372
103,373
103,374
103,375
103,376
103,377
103,378
103,379
103,380
103,381
103,382
103,383
103,559
103,560
103,561
103,562
103,563
103,564
103,565
103,566
103,567
103,568
103,569
103,570
103,571
103,572
103,573
103,574
103,575
103,576
103,577
103,578
103,579
103,580
103,581
103,582
103,583
103,584
103,585
103,586
103,587
103,588
103,589
103,590
103,591
103,592
103,593
103,594
103,595
103,596
103,597
103,598
103,599
103,600
103,601
103,602
103,603
103,604
103,605
104,345
104,346
104,347
104,348
104,349
104,350
104,351
104,352
104,353
104,354
104,355
104,356
104,357
104,358
104,359
104,360
104,361
104,362
104,363
104,364
104,365
104,366
104,367
104,368
104,369
104,370
104,371
104,372
104,373
104,374
104,375
104,376
104,377
104,378
104,379
104,380
104,381
104,382
104,383
104,560
104,561
104,562
104,563
104,564
104,565
104,566
104,567
104,568
104,569
104,570
104,571
104,572
104,573
104,574
104,575
104,576
104,577
104,578
104,579
104,580
104,581
104,582
104,583
104,584
104,585
104,586
104,587
104,588
104,589
104,590
104,591
104,592
104,593
104,594
104,595
104,596
104,597
104,598
104,599
104,600
104,601
104,602
104,603
104,604
105,346
105,347
105,348
105,349
105,350
105,351
105,352
105,353
105,354
105,355
105,356
105,357
105,358
105,359
105,360
105,361
105,362
105,363
105,364
105,365
105,366
105,367
105,368
105,369
105,370
105,371
105,372
105,373
105,374
105,375
105,376
105,377
105,378
105,379
105,380
105,381
105,382
105,561
105,562
105,563
105,564
105,565
105,566
105,567
105,568
105,569
105,570
105,571
105,572
105,573
105,574
105,575
105,576
105,577
105,578
105,579
105,580
105,581
105,582
105,583
105,584
105,585
105,586
105,587
105,588
105,589
105,590
105,591
105,592
105,593
105,594
105,595
105,596
105,597
105,598
105,599
105,600
105,601
105,602
105,603
106,346
106,347
106,348
106,349
106,350
106,351
106,352
106,353
106,354
106,355
106,356
106,357
106,358
106,359
106,360
106,361
106,362
106,363
106,364
106,365
106,366
106,367
106,368
106,369
106,370
106,371
106,372
106,373
106,374
106,375
106,376
106,377
106,378
106,379
106,380
106,381
106,382
106,562
106,563
106,564
106,565
106,566
106,567
106,568
106,569
106,570
106,571
106,572
106,573
106,574
106,575
106,576
106,577
106,578
106,579
106,580
106,581
106,582
106,583
106,584
106,585
106,586
106,587
106,588
106,589
106,590
106,591
106,592
106,593
106,594
106,595
106,596
106,597
106,598
106,599
106,600
106,601
106,602
107,347
107,348
107,349
107,350
107,351
107,352
107,353
107,354
107,355
107,356
107,357
107,358
107,359
107,360
107,361
107,362
107,363
107,364
107,365
107,366
107,367
107,368
107,369
107,370
107,371
107,372
107,373
107,374
107,375
107,376
107,377
107,378
107,379
107,380
107,381
107,563
107,564
107,565
107,566
107,567
107,568
107,569
107,570
107,571
107,572
107,573
107,574
107,575
107,576
107,577
107,578
107,579
107,580
107,581
107,582
107,583
107,584
107,585
107,586
107,587
107,588
107,589
107,590
107,591
107,592
107,593
107,594
107,595
107,596
107,597
107,598
107,599
107,600
107,601
108,348
108,349
108,350
108,351
108,352
108,353
108,354
108,355
108,356
108,357
108,358
108,359
108,360
108,361
108,362
108,363
108,364
108,365
108,366
108,367
108,368
108,369
108,370
108,371
108,372
108,373
108,374
108,375
108,376
108,377
108,378
108,379
108,380
108,564
108,565
108,566
108,567
108,568
108,569
108,570
108,571
108,572
108,573
108,574
108,575
108,576
108,577
108,578
108,579
108,580
108,581
108,582
108,583
108,584
108,585
108,586
108,587
108,588
108,589
108,590
108,591
108,592
108,593
108,594
108,595
108,596
108,597
108,598
108,599
108,600
109,348
109,349
109,350
109,351
109,352
109,353
109,354
109,355
109,356
109,357
109,358
109,359
109,360
109,361
109,362
109,363
109,364
109,365
109,366
109,367
109,368
109,369
109,370
109,371
109,372
109,373
109,374
109,375
109,376
109,377
109,378
109,379
109,380
109,566
109,567
109,568
109,569
109,570
109,571
109,572
109,573
109,574
109,575
109,576
109,577
109,578
109,579
109,580
109,581
109,582
109,583
109,584
109,585
109,586
109,587
109,588
109,589
109,590
109,591
109,592
109,593
109,594
109,595
109,596
109,597
109,598
110,349
110,350
110,351
110,352
110,353
110,354
110,355
110,356
110,357
110,358
110,359
110,360
110,361
110,362
110,363
110,364
110,365
110,366
110,367
110,368
110,369
110,370
110,371
110,372
110,373
110,374
110,375
110,376
110,377
110,378
110,379
110,567
110,568
110,569
110,570
110,571
110,572
110,573
110,574
110,575
110,576
110,577
110,578
110,579
110,580
110,581
110,582
110,583
110,584
110,585
110,586
110,587
110,588
110,589
110,590
110,591
110,592
110,593
110,594
110,595
110,596
110,597
111,350
111,351
111,352
111,353
111,354
111,355
111,356
111,357
111,358
111,359
111,360
111,361
111,362
111,363
111,364
111,365
111,366
111,367
111,368
111,369
111,370
111,371
111,372
111,373
111,374
111,375
111,376
111,377
111,378
111,569
111,570
111,571
111,572
111,573
111,574
111,575
111,576
111,577
111,578
111,579
111,580
111,581
111,582
111,583
111,584
111,585
111,586
111,587
111,588
111,589
111,590
111,591
111,592
111,593
111,594
111,595
112,352
112,353
112,354
112,355
112,356
112,357
112,358
112,359
112,360
112,361
112,362
112,363
112,364
112,365
112,366
112,367
112,368
112,369
112,370
112,371
112,372
112,373
112,374
112,375
112,376
112,571
112,572
112,573
112,574
112,575
112,576
112,577
112,578
112,579
112,580
112,581
112,582
112,583
112,584
112,585
112,586
112,587
112,588
112,589
112,590
112,591
112,592
112,593
113,353
113,354
113,355
113,356
113,357
113,358
113,359
113,360
113,361
113,362
113,363
113,364
113,365
113,366
113,367
113,368
113,369
113,370
113,371
113,372
113,373
113,374
113,375
113,573
113,574
113,575
113,576
113,577
113,578
113,579
113,580
113,581
113,582
113,583
113,584
113,585
113,586
113,587
113,588
113,589
113,590
113,591
114,355
114,356
114,357
114,358
114,359
114,360
114,361
114,362
114,363
114,364
114,365
114,366
114,367
114,368
114,369
114,370
114,371
114,372
114,373
114,577
114,578
114,579
114,580
114,581
114,582
114,583
114,584
114,585
114,586
114,587
115,357
115,358
115,359
115,360
115,361
115,362
115,363
115,364
115,365
115,366
115,367
115,368
115,369
115,370
115,371
116,360
116,361
116,362
116,363
116,364
116,365
116,366
116,367
116,368
136,571
136,572
136,573
136,574
136,575
136,576
136,577
136,578
136,579
137,568
137,569
137,570
137,571
137,572
137,573
137,574
137,575
137,576
137,577
137,578
137,579
137,580
137,581
137,582
138,566
138,567
138,568
138,569
138,570
138,571
138,572
138,573
138,574
138,575
138,576
138,577
138,578
138,579
138,580
138,581
138,582
138,583
138,584
139,564
139,565
139,566
139,567
139,568
139,569
139,570
139,571
139,572
139,573
139,574
139,575
139,576
139,577
139,578
139,579
139,580
139,581
139,582
139,583
139,584
139,585
139,586
140,563
140,564
140,565
140,566
140,567
140,568
140,569
140,570
140,571
140,572
140,573
140,574
140,575
140,576
140,577
140,578
140,579
140,580
140,581
140,582
140,583
140,584
140,585
140,586
140,587
141,562
141,563
141,564
141,565
141,566
141,567
141,568
141,569
141,570
141,571
141,572
141,573
141,574
141,575
141,576
141,577
141,578
141,579
141,580
141,581
141,582
141,583
141,584
141,585
141,586
141,587
141,588
142,561
142,562
142,563
142,564
142,565
142,566
142,567
142,568
142,569
142,570
142,571
142,572
142,573
142,574
142,575
142,576
142,577
142,578
142,579
142,580
142,581
142,582
142,583
142,584
142,585
142,586
142,587
142,588
142,589
143,560
143,561
143,562
143,563
143,564
143,565
143,566
143,567
143,568
143,569
143,570
143,571
143,572
143,573
143,574
143,575
143,576
143,577
143,578
143,579
143,580
143,581
143,582
143,583
143,584
143,585
143,586
143,587
143,588
143,589
143,590
144,559
144,560
144,561
144,562
144,563
144,564
144,565
144,566
144,567
144,568
144,569
144,570
144,571
144,572
144,573
144,574
144,575
144,576
144,577
144,578
144,579
144,580
144,581
144,582
144,583
144,584
144,585
144,586
144,587
144,588
144,589
144,590
144,591
145,558
145,559
145,560
145,561
145,562
145,563
145,564
145,565
145,566
145,567
145,568
145,569
145,570
145,571
145,572
145,573
145,574
145,575
145,576
145,577
145,578
145,579
145,580
145,581
145,582
145,583
145,584
145,585
145,586
145,587
145,588
145,589
145,590
145,591
145,592
146,558
146,559
146,560
146,561
146,562
146,563
146,564
146,565
146,566
146,567
146,568
146,569
146,570
146,571
146,572
146,573
146,574
146,575
146,576
146,577
146,578
146,579
146,580
146,581
146,582
146,583
146,584
146,585
146,586
146,587
146,588
146,589
146,590
146,591
146,592
147,557
147,558
147,559
147,560
147,561
147,562
147,563
147,564
147,565
147,566
147,567
147,568
147,569
147,570
147,571
147,572
147,573
147,574
147,575
147,576
147,577
147,578
147,579
147,580
147,581
147,582
147,583
147,584
147,585
147,586
147,587
147,588
147,589
147,590
147,591
147,592
147,593
148,557
148,558
148,559
148,560
148,561
148,562
148,563
148,564
148,565
148,566
148,567
148,568
148,569
148,570
148,571
148,572
148,573
148,574
148,575
148,576
148,577
148,578
148,579
148,580
148,581
148,582
148,583
148,584
148,585
148,586
148,587
148,588
148,589
148,590
148,591
148,592
148,593
149,556
149,557
149,558
149,559
149,560
149,561
149,562
149,563
149,564
149,565
149,566
149,567
149,568
149,569
149,570
149,571
149,572
149,573
149,574
149,575
149,576
149,577
149,578
149,579
149,580
149,581
149,582
149,583
149,584
149,585
149,586
149,587
149,588
149,589
149,590
149,591
149,592
149,593
149,594
150,556
150,557
150,558
150,559
150,560
150,561
150,562
150,563
150,564
150,565
150,566
150,567
150,568
150,569
150,570
150,571
150,572
150,573
150,574
150,575
150,576
150,577
150,578
150,579
150,580
150,581
150,582
150,583
150,584
150,585
150,586
150,587
150,588
150,589
150,590
150,591
150,592
150,593
150,594
150,631
150,632
150,633
150,634
150,635
150,636
150,637
150,638
150,639
151,556
151,557
151,558
151,559
151,560
151,561
151,562
151,563
151,564
151,565
151,566
151,567
151,568
151,569
151,570
151,571
151,572
151,573
151,574
151,575
151,576
151,577
151,578
151,579
151,580
151,581
151,582
151,583
151,584
151,585
151,586
151,587
151,588
151,589
151,590
151,591
151,592
151,593
151,594
151,628
151,629
151,630
151,631
151,632
151,633
151,634
151,635
151,636
151,637
151,638
151,639
151,640
151,641
151,642
152,555
152,556
152,557
152,558
152,559
152,560
152,561
152,562
152,563
152,564
152,565
152,566
152,567
152,568
152,569
152,570
152,571
152,572
152,573
152,574
152,575
152,576
152,577
152,578
152,579
152,580
152,581
152,582
152,583
152,584
152,585
152,586
152,587
152,588
152,589
152,590
152,591
152,592
152,593
152,594
152,595
152,626
152,627
152,628
152,629
152,630
152,631
152,632
152,633
152,634
152,635
152,636
152,637
152,638
152,639
152,640
152,641
152,642
152,643
152,644
153,555
153,556
153,557
153,558
153,559
153,560
153,561
153,562
153,563
153,564
153,565
153,566
153,567
153,568
153,569
153,570
153,571
153,572
153,573
153,574
153,575
153,576
153,577
153,578
153,579
153,580
153,581
153,582
153,583
153,584
153,585
153,586
153,587
153,588
153,589
153,590
153,591
153,592
153,593
153,594
153,595
153,624
153,625
153,626
153,627
153,628
153,629
153,630
153,631
153,632
153,633
153,634
153,635
153,636
153,637
153,638
153,639
153,640
153,641
153,642
153,643
153,644
153,645
153,646
154,555
154,556
154,557
154,558
154,559
154,560
154,561
154,562
154,563
154,564
154,565
154,566
154,567
154,568
154,569
154,570
154,571
154,572
154,573
154,574
154,575
154,576
154,577
154,578
154,579
154,580
154,581
154,582
154,583
154,584
154,585
154,586
154,587
154,588
154,589
154,590
154,591
154,592
154,593
154,594
154,595
154,623
154,624
154,625
154,626
154,627
154,628
154,629
154,630
154,631
154,632
154,633
154,634
154,635
154,636
154,637
154,638
154,639
154,640
154,641
154,642
154,643
154,644
154,645
154,646
154,647
155,555
155,556
155,557
155,558
155,559
155,560
155,561
155,562
155,563
155,564
155,565
155,566
155,567
155,568
155,569
155,570
155,571
155,572
155,573
155,574
155,575
155,576
155,577
155,578
155,579
155,580
155,581
155,582
155,583
155,584
155,585
155,586
155,587
155,588
155,589
155,590
155,591
155,592
155,593
155,594
155,595
155,621
155,622
155,623
155,624
155,625
155,626
155,627
155,628
155,629
155,630
155,631
155,632
155,633
155,634
155,635
155,636
155,637
155,638
155,639
155,640
155,641
155,642
155,643
155,644
155,645
155,646
155,647
155,648
155,649
156,555
156,556
156,557
156,558
156,559
156,560
156,561
156,562
156,563
156,564
156,565
156,566
156,567
156,568
156,569
156,570
156,571
156,572
156,573
156,574
156,575
156,576
156,577
156,578
156,579
156,580
156,581
156,582
156,583
156,584
156,585
156,586
156,587
156,588
156,589
156,590
156,591
156,592
156,593
156,594
156,595
156,620
156,621
156,622
156,623
156,624
156,625
156,626
156,627
156,628
156,629
156,630
156,631
156,632
156,633
156,634
156,635
156,636
156,637
156,638
156,639
156,640
156,641
156,642
156,643
156,644
156,645
156,646
156,647
156,648
156,649
156,650
157,555
157,556
157,557
157,558
157,559
157,560
157,561
157,562
157,563
157,564
157,565
157,566
157,567
157,568
157,569
157,570
157,571
157,572
157,573
157,574
157,575
157,576
157,577
157,578
157,579
157,580
157,581
157,582
157,583
157,584
157,585
157,586
157,587
157,588
157,589
157,590
157,591
157,592
157,593
157,594
157,595
157,619
157,620
157,621
157,622
157,623
157,624
157,625
157,626
157,627
157,628
157,629
157,630
157,631
157,632
157,633
157,634
157,635
157,636
157,637
157,638
157,639
157,640
157,641
157,642
157,643
157,644
157,645
157,646
157,647
157,648
157,649
157,650
157,651
158,555
158,556
158,557
158,558
158,559
158,560
158,561
158,562
158,563
158,564
158,565
158,566
158,567
158,568
158,569
158,570
158,571
158,572
158,573
158,574
158,575
158,576
158,577
158,578
158,579
158,580
158,581
158,582
158,583
158,584
158,585
158,586
158,587
158,588
158,589
158,590
158,591
158,592
158,593
158,594
158,595
158,619
158,620
158,621
158,622
158,623
158,624
158,625
158,626
158,627
158,628
158,629
158,630
158,631
158,632
158,633
158,634
158,635
158,636
158,637
158,638
158,639
158,640
158,641
158,642
158,643
158,644
158,645
158,646
158,647
158,648
158,649
158,650
158,651
159,555
159,556
159,557
159,558
159,559
159,560
159,561
159,562
159,563
159,564
159,565
159,566
159,567
159,568
159,569
159,570
159,571
159,572
159,573
159,574
159,575
159,576
159,577
159,578
159,579
159,580
159,581
159,582
159,583
159,584
159,585
159,586
159,587
159,588
159,589
159,590
159,591
159,592
159,593
159,594
159,595
159,618
159,619
159,620
159,621
159,622
159,623
159,624
159,625
159,626
159,627
159,628
159,629
159,630
159,631
159,632
159,633
159,634
159,635
159,636
159,637
159,638
159,639
159,640
159,641
159,642
159,643
159,644
159,645
159,646
159,647
159,648
159,649
159,650
159,651
159,652
160,555
160,556
160,557
160,558
160,559
160,560
160,561
160,562
160,563
160,564
160,565
160,566
160,567
160,568
160,569
160,570
160,571
160,572
160,573
160,574
160,575
160,576
160,577
160,578
160,579
160,580
160,581
160,582
160,583
160,584
160,585
160,586
160,587
160,588
160,589
160,590
160,591
160,592
160,593
160,594
160,595
160,617
160,618
160,619
160,620
160,621
160,622
160,623
160,624
160,625
160,626
160,627
160,628
160,629
160,630
160,631
160,632
160,633
160,634
160,635
160,636
160,637
160,638
160,639
160,640
160,641
160,642
160,643
160,644
160,645
160,646
160,647
160,648
160,649
160,650
160,651
160,652
160,653
161,556
161,557
161,558
161,559
161,560
161,561
161,562
161,563
161,564
161,565
161,566
161,567
161,568
161,569
161,570
161,571
161,572
161,573
161,574
161,575
161,576
161,577
161,578
161,579
161,580
161,581
161,582
161,583
161,584
161,585
161,586
161,587
161,588
161,589
161,590
161,591
161,592
161,593
161,594
161,617
161,618
161,619
161,620
161,621
161,622
161,623
161,624
161,625
161,626
161,627
161,628
161,629
161,630
161,631
161,632
161,633
161,634
161,635
161,636
161,637
161,638
161,639
161,640
161,641
161,642
161,643
161,644
161,645
161,646
161,647
161,648
161,649
161,650
161,651
161,652
161,653
162,556
162,557
162,558
162,559
162,560
162,561
162,562
162,563
162,564
162,565
162,566
162,567
162,568
162,569
162,570
162,571
162,572
162,573
162,574
162,575
162,576
162,577
162,578
162,579
162,580
162,581
162,582
162,583
162,584
162,585
162,586
162,587
162,588
162,589
162,590
162,591
162,592
162,593
162,594
162,616
162,617
162,618
162,619
162,620
162,621
162,622
162,623
162,624
162,625
162,626
162,627
162,628
162,629
162,630
162,631
162,632
162,633
162,634
162,635
162,636
162,637
162,638
162,639
162,640
162,641
162,642
162,643
162,644
162,645
162,646
162,647
162,648
162,649
162,650
162,651
162,652
162,653
162,654
162,702
162,703
162,704
162,705
162,706
162,707
162,708
162,709
162,710
163,556
163,557
163,558
163,559
163,560
163,561
163,562
163,563
163,564
163,565
163,566
163,567
163,568
163,569
163,570
163,571
163,572
163,573
163,574
163,575
163,576
163,577
163,578
163,579
163,580
163,581
163,582
163,583
163,584
163,585
163,586
163,587
163,588
163,589
163,590
163,591
163,592
163,593
163,594
163,616
163,617
163,618
163,619
163,620
163,621
163,622
163,623
163,624
163,625
163,626
163,627
163,628
163,629
163,630
163,631
163,632
163,633
163,634
163,635
163,636
163,637
163,638
163,639
163,640
163,641
163,642
163,643
163,644
163,645
163,646
163,647
163,648
163,649
163,650
163,651
163,652
163,653
163,654
163,700
163,701
163,702
163,703
163,704
163,705
163,706
163,707
163,708
163,709
163,710
163,711
163,712
164,557
164,558
164,559
164,560
164,561
164,562
164,563
164,564
164,565
164,566
164,567
164,568
164,569
164,570
164,571
164,572
164,573
164,574
164,575
164,576
164,577
164,578
164,579
164,580
164,581
164,582
164,583
164,584
164,585
164,586
164,587
164,588
164,589
164,590
164,591
164,592
164,593
164,615
164,616
164,617
164,618
164,619
164,620
164,621
164,622
164,623
164,624
164,625
164,626
164,627
164,628
164,629
164,630
164,631
164,632
164,633
164,634
164,635
164,636
164,637
164,638
164,639
164,640
164,641
164,642
164,643
164,644
164,645
164,646
164,647
164,648
164,649
164,650
164,651
164,652
164,653
164,654
164,655
164,698
164,699
164,700
164,701
164,702
164,703
164,704
164,705
164,706
164,707
164,708
164,709
164,710
164,711
164,712
164,713
164,714
165,557
165,558
165,559
165,560
165,561
165,562
165,563
165,564
165,565
165,566
165,567
165,568
165,569
165,570
165,571
165,572
165,573
165,574
165,575
165,576
165,577
165,578
165,579
165,580
165,581
165,582
165,583
165,584
165,585
165,586
165,587
165,588
165,589
165,590
165,591
165,592
165,593
165,615
165,616
165,617
165,618
165,619
165,620
165,621
165,622
165,623
165,624
165,625
165,626
165,627
165,628
165,629
165,630
165,631
165,632
165,633
165,634
165,635
165,636
165,637
165,638
165,639
165,640
165,641
165,642
165,643
165,644
165,645
165,646
165,647
165,648
165,649
165,650
165,651
165,652
165,653
165,654
165,655
165,696
165,697
165,698
165,699
165,700
165,701
165,702
165,703
165,704
165,705
165,706
165,707
165,708
165,709
165,710
165,711
165,712
165,713
165,714
165,715
165,716
166,558
166,559
166,560
166,561
166,562
166,563
166,564
166,565
166,566
166,567
166,568
166,569
166,570
166,571
166,572
166,573
166,574
166,575
166,576
166,577
166,578
166,579
166,580
166,581
166,582
166,583
166,584
166,585
166,586
166,587
166,588
166,589
166,590
166,591
166,592
166,615
166,616
166,617
166,618
166,619
166,620
166,621
166,622
166,623
166,624
166,625
166,626
166,627
166,628
166,629
166,630
166,631
166,632
166,633
166,634
166,635
166,636
166,637
166,638
166,639
166,640
166,641
166,642
166,643
166,644
166,645
166,646
166,647
166,648
166,649
166,650
166,651
166,652
166,653
166,654
166,655
166,695
166,696
166,697
166,698
166,699
166,700
166,701
166,702
166,703
166,704
166,705
166,706
166,707
166,708
166,709
166,710
166,711
166,712
166,713
166,714
166,715
166,716
166,717
167,558
167,559
167,560
167,561
167,562
167,563
167,564
167,565
167,566
167,567
167,568
167,569
167,570
167,571
167,572
167,573
167,574
167,575
167,576
167,577
167,578
167,579
167,580
167,581
167,582
167,583
167,584
167,585
167,586
167,587
167,588
167,589
167,590
167,591
167,592
167,614
167,615
167,616
167,617
167,618
167,619
167,620
167,621
167,622
167,623
167,624
167,625
167,626
167,627
167,628
167,629
167,630
167,631
167,632
167,633
167,634
167,635
167,636
167,637
167,638
167,639
167,640
167,641
167,642
167,643
167,644
167,645
167,646
167,647
167,648
167,649
167,650
167,651
167,652
167,653
167,654
167,655
167,656
167,694
167,695
167,696
167,697
167,698
167,699
167,700
167,701
167,702
167,703
167,704
167,705
167,706
167,707
167,708
167,709
167,710
167,711
167,712
167,713
167,714
167,715
167,716
167,717
167,718
168,559
168,560
168,561
168,562
168,563
168,564
168,565
168,566
168,567
168,568
168,569
168,570
168,571
168,572
168,573
168,574
168,575
168,576
168,577
168,578
168,579
168,580
168,581
168,582
168,583
168,584
168,585
168,586
168,587
168,588
168,589
168,590
168,591
168,614
168,615
168,616
168,617
168,618
168,619
168,620
168,621
168,622
168,623
168,624
168,625
168,626
168,627
168,628
168,629
168,630
168,631
168,632
168,633
168,634
168,635
168,636
168,637
168,638
168,639
168,640
168,641
168,642
168,643
168,644
168,645
168,646
168,647
168,648
168,649
168,650
168,651
168,652
168,653
168,654
168,655
168,656
168,693
168,694
168,695
168,696
168,697
168,698
168,699
168,700
168,701
168,702
168,703
168,704
168,705
168,706
168,707
168,708
168,709
168,710
168,711
168,712
168,713
168,714
168,715
168,716
168,717
168,718
168,719
169,560
169,561
169,562
169,563
169,564
169,565
169,566
169,567
169,568
169,569
169,570
169,571
169,572
169,573
169,574
169,575
169,576
169,577
169,578
169,579
169,580
169,581
169,582
169,583
169,584
169,585
169,586
169,587
169,588
169,589
169,590
169,614
169,615
169,616
169,617
169,618
169,619
169,620
169,621
169,622
169,623
169,624
169,625
169,626
169,627
169,628
169,629
169,630
169,631
169,632
169,633
169,634
169,635
169,636
169,637
169,638
169,639
169,640
169,641
169,642
169,643
169,644
169,645
169,646
169,647
169,648
169,649
169,650
169,651
169,652
169,653
169,654
169,655
169,656
169,692
169,693
169,694
169,695
169,696
169,697
169,698
169,699
169,700
169,701
169,702
169,703
169,704
169,705
169,706
169,707
169,708
169,709
169,710
169,711
169,712
169,713
169,714
169,715
169,716
169,717
169,718
169,719
169,720
170,561
170,562
170,563
170,564
170,565
170,566
170,567
170,568
170,569
170,570
170,571
170,572
170,573
170,574
170,575
170,576
170,577
170,578
170,579
170,580
170,581
170,582
170,583
170,584
170,585
170,586
170,587
170,588
170,589
170,614
170,615
170,616
170,617
170,618
170,619
170,620
170,621
170,622
170,623
170,624
170,625
170,626
170,627
170,628
170,629
170,630
170,631
170,632
170,633
170,634
170,635
170,636
170,637
170,638
170,639
170,640
170,641
170,642
170,643
170,644
170,645
170,646
170,647
170,648
170,649
170,650
170,651
170,652
170,653
170,654
170,655
170,656
170,692
170,693
170,694
170,695
170,696
170,697
170,698
170,699
170,700
170,701
170,702
170,703
170,704
170,705
170,706
170,707
170,708
170,709
170,710
170,711
170,712
170,713
170,714
170,715
170,716
170,717
170,718
170,719
170,720
171,562
171,563
171,564
171,565
171,566
171,567
171,568
171,569
171,570
171,571
171,572
171,573
171,574
171,575
171,576
171,577
171,578
171,579
171,580
171,581
171,582
171,583
171,584
171,585
171,586
171,587
171,588
171,614
171,615
171,616
171,617
171,618
171,619
171,620
171,621
171,622
171,623
171,624
171,625
171,626
171,627
171,628
171,629
171,630
171,631
171,632
171,633
171,634
171,635
171,636
171,637
171,638
171,639
171,640
171,641
171,642
171,643
171,644
171,645
171,646
171,647
171,648
171,649
171,650
171,651
171,652
171,653
171,654
171,655
171,656
171,691
171,692
171,693
171,694
171,695
171,696
171,697
171,698
171,699
171,700
171,701
171,702
171,703
171,704
171,705
171,706
171,707
171,708
171,709
171,710
171,711
171,712
171,713
171,714
171,715
171,716
171,717
171,718
171,719
171,720
171,721
172,563
172,564
172,565
172,566
172,567
172,568
172,569
172,570
172,571
172,572
172,573
172,574
172,575
172,576
172,577
172,578
172,579
172,580
172,581
172,582
172,583
172,584
172,585
172,586
172,587
172,614
172,615
172,616
172,617
172,618
172,619
172,620
172,621
172,622
172,623
172,624
172,625
172,626
172,627
172,628
172,629
172,630
172,631
172,632
172,633
172,634
172,635
172,636
172,637
172,638
172,639
172,640
172,641
172,642
172,643
172,644
172,645
172,646
172,647
172,648
172,649
172,650
172,651
172,652
172,653
172,654
172,655
172,656
172,691
172,692
172,693
172,694
172,695
172,696
172,697
172,698
172,699
172,700
172,701
172,702
172,703
172,704
172,705
172,706
172,707
172,708
172,709
172,710
172,711
172,712
172,713
172,714
172,715
172,716
172,717
172,718
172,719
172,720
172,721
173,564
173,565
173,566
173,567
173,568
173,569
173,570
173,571
173,572
173,573
173,574
173,575
173,576
173,577
173,578
173,579
173,580
173,581
173,582
173,583
173,584
173,585
173,586
173,614
173,615
173,616
173,617
173,618
173,619
173,620
173,621
173,622
173,623
173,624
173,625
173,626
173,627
173,628
173,629
173,630
173,631
173,632
173,633
173,634
173,635
173,636
173,637
173,638
173,639
173,640
173,641
173,642
173,643
173,644
173,645
173,646
173,647
173,648
173,649
173,650
173,651
173,652
173,653
173,654
173,655
173,656
173,690
173,691
173,692
173,693
173,694
173,695
173,696
173,697
173,698
173,699
173,700
173,701
173,702
173,703
173,704
173,705
173,706
173,707
173,708
173,709
173,710
173,711
173,712
173,713
173,714
173,715
173,716
173,717
173,718
173,719
173,720
173,721
173,722
174,566
174,567
174,568
174,569
174,570
174,571
174,572
174,573
174,574
174,575
174,576
174,577
174,578
174,579
174,580
174,581
174,582
174,583
174,584
174,614
174,615
174,616
174,617
174,618
174,619
174,620
174,621
174,622
174,623
174,624
174,625
174,626
174,627
174,628
174,629
174,630
174,631
174,632
174,633
174,634
174,635
174,636
174,637
174,638
174,639
174,640
174,641
174,642
174,643
174,644
174,645
174,646
174,647
174,648
174,649
174,650
174,651
174,652
174,653
174,654
174,655
174,656
174,690
174,691
174,692
174,693
174,694
174,695
174,696
174,697
174,698
174,699
174,700
174,701
174,702
174,703
174,704
174,705
174,706
174,707
174,708
174,709
174,710
174,711
174,712
174,713
174,714
174,715
174,716
174,717
174,718
174,719
174,720
174,721
174,722
175,568
175,569
175,570
175,571
175,572
175,573
175,574
175,575
175,576
175,577
175,578
175,579
175,580
175,581
175,582
175,614
175,615
175,616
175,617
175,618
175,619
175,620
175,621
175,622
175,623
175,624
175,625
175,626
175,627
175,628
175,629
175,630
175,631
175,632
175,633
175,634
175,635
175,636
175,637
175,638
175,639
175,640
175,641
175,642
175,643
175,644
175,645
175,646
175,647
175,648
175,649
175,650
175,651
175,652
175,653
175,654
175,655
175,656
175,689
175,690
175,691
175,692
175,693
175,694
175,695
175,696
175,697
175,698
175,699
175,700
175,701
175,702
175,703
175,704
175,705
175,706
175,707
175,708
175,709
175,710
175,711
175,712
175,713
175,714
175,715
175,716
175,717
175,718
175,719
175,720
175,721
175,722
175,723
176,571
176,572
176,573
176,574
176,575
176,576
176,577
176,578
176,579
176,615
176,616
176,617
176,618
176,619
176,620
176,621
176,622
176,623
176,624
176,625
176,626
176,627
176,628
176,629
176,630
176,631
176,632
176,633
176,634
176,635
176,636
176,637
176,638
176,639
176,640
176,641
176,642
176,643
176,644
176,645
176,646
176,647
176,648
176,649
176,650
176,651
176,652
176,653
176,654
176,655
176,689
176,690
176,691
176,692
176,693
176,694
176,695
176,696
176,697
176,698
176,699
176,700
176,701
176,702
176,703
176,704
176,705
176,706
176,707
176,708
176,709
176,710
176,711
176,712
176,713
176,714
176,715
176,716
176,717
176,718
176,719
176,720
176,721
176,722
176,723
177,615
177,616
177,617
177,618
177,619
177,620
177,621
177,622
177,623
177,624
177,625
177,626
177,627
177,628
177,629
177,630
177,631
177,632
177,633
177,634
177,635
177,636
177,637
177,638
177,639
177,640
177,641
177,642
177,643
177,644
177,645
177,646
177,647
177,648
177,649
177,650
177,651
177,652
177,653
177,654
177,655
177,689
177,690
177,691
177,692
177,693
177,694
177,695
177,696
177,697
177,698
177,699
177,700
177,701
177,702
177,703
177,704
177,705
177,706
177,707
177,708
177,709
177,710
177,711
177,712
177,713
177,714
177,715
177,716
177,717
177,718
177,719
177,720
177,721
177,722
177,723
178,615
178,616
178,617
178,618
178,619
178,620
178,621
178,622
178,623
178,624
178,625
178,626
178,627
178,628
178,629
178,630
178,631
178,632
178,633
178,634
178,635
178,636
178,637
178,638
178,639
178,640
178,641
178,642
178,643
178,644
178,645
178,646
178,647
178,648
178,649
178,650
178,651
178,652
178,653
178,654
178,655
178,689
178,690
178,691
178,692
178,693
178,694
178,695
178,696
178,697
178,698
178,699
178,700
178,701
178,702
178,703
178,704
178,705
178,706
178,707
178,708
178,709
178,710
178,711
178,712
178,713
178,714
178,715
178,716
178,717
178,718
178,719
178,720
178,721
178,722
178,723
179,616
179,617
179,618
179,619
179,620
179,621
179,622
179,623
179,624
179,625
179,626
179,627
179,628
179,629
179,630
179,631
179,632
179,633
179,634
179,635
179,636
179,637
179,638
179,639
179,640
179,641
179,642
179,643
179,644
179,645
179,646
179,647
179,648
179,649
179,650
179,651
179,652
179,653
179,654
179,689
179,690
179,691
179,692
179,693
179,694
179,695
179,696
179,697
179,698
179,699
179,700
179,701
179,702
179,703
179,704
179,705
179,706
179,707
179,708
179,709
179,710
179,711
179,712
179,713
179,714
179,715
179,716
179,717
179,718
179,719
179,720
179,721
179,722
179,723
180,616
180,617
180,618
180,619
180,620
180,621
180,622
180,623
180,624
180,625
180,626
180,627
180,628
180,629
180,630
180,631
180,632
180,633
180,634
180,635
180,636
180,637
180,638
180,639
180,640
180,641
180,642
180,643
180,644
180,645
180,646
180,647
180,648
180,649
180,650
180,651
180,652
180,653
180,654
180,689
180,690
180,691
180,692
180,693
180,694
180,695
180,696
180,697
180,698
180,699
180,700
180,701
180,702
180,703
180,704
180,705
180,706
180,707
180,708
180,709
180,710
180,711
180,712
180,713
180,714
180,715
180,716
180,717
180,718
180,719
180,720
180,721
180,722
180,723
181,617
181,618
181,619
181,620
181,621
181,622
181,623
181,624
181,625
181,626
181,627
181,628
181,629
181,630
181,631
181,632
181,633
181,634
181,635
181,636
181,637
181,638
181,639
181,640
181,641
181,642
181,643
181,644
181,645
181,646
181,647
181,648
181,649
181,650
181,651
181,652
181,653
181,689
181,690
181,691
181,692
181,693
181,694
181,695
181,696
181,697
181,698
181,699
181,700
181,701
181,702
181,703
181,704
181,705
181,706
181,707
181,708
181,709
181,710
181,711
181,712
181,713
181,714
181,715
181,716
181,717
181,718
181,719
181,720
181,721
181,722
181,723
182,617
182,618
182,619
182,620
182,621
182,622
182,623
182,624
182,625
182,626
182,627
182,628
182,629
182,630
182,631
182,632
182,633
182,634
182,635
182,636
182,637
182,638
182,639
182,640
182,641
182,642
182,643
182,644
182,645
182,646
182,647
182,648
182,649
182,650
182,651
182,652
182,653
182,689
182,690
182,691
182,692
182,693
182,694
182,695
182,696
182,697
182,698
182,699
182,700
182,701
182,702
182,703
182,704
182,705
182,706
182,707
182,708
182,709
182,710
182,711
182,712
182,713
182,714
182,715
182,716
182,717
182,718
182,719
182,720
182,721
182,722
182,723
183,618
183,619
183,620
183,621
183,622
183,623
183,624
183,625
183,626
183,627
183,628
183,629
183,630
183,631
183,632
183,633
183,634
183,635
183,636
183,637
183,638
183,639
183,640
183,641
183,642
183,643
183,644
183,645
183,646
183,647
183,648
183,649
183,650
183,651
183,652
183,689
183,690
183,691
183,692
183,693
183,694
183,695
183,696
183,697
183,698
183,699
183,700
183,701
183,702
183,703
183,704
183,705
183,706
183,707
183,708
183,709
183,710
183,711
183,712
183,713
183,714
183,715
183,716
183,717
183,718
183,719
183,720
183,721
183,722
183,723
184,619
184,620
184,621
184,622
184,623
184,624
184,625
184,626
184,627
184,628
184,629
184,630
184,631
184,632
184,633
184,634
184,635
184,636
184,637
184,638
184,639
184,640
184,641
184,642
184,643
184,644
184,645
184,646
184,647
184,648
184,649
184,650
184,651
184,690
184,691
184,692
184,693
184,694
184,695
184,696
184,697
184,698
184,699
184,700
184,701
184,702
184,703
184,704
184,705
184,706
184,707
184,708
184,709
184,710
184,711
184,712
184,713
184,714
184,715
184,716
184,717
184,718
184,719
184,720
184,721
184,722
185,619
185,620
185,621
185,622
185,623
185,624
185,625
185,626
185,627
185,628
185,629
185,630
185,631
185,632
185,633
185,634
185,635
185,636
185,637
185,638
185,639
185,640
185,641
185,642
185,643
185,644
185,645
185,646
185,647
185,648
185,649
185,650
185,651
185,690
185,691
185,692
185,693
185,694
185,695
185,696
185,697
185,698
185,699
185,700
185,701
185,702
185,703
185,704
185,705
185,706
185,707
185,708
185,709
185,710
185,711
185,712
185,713
185,714
185,715
185,716
185,717
185,718
185,719
185,720
185,721
185,722
186,620
186,621
186,622
186,623
186,624
186,625
186,626
186,627
186,628
186,629
186,630
186,631
186,632
186,633
186,634
186,635
186,636
186,637
186,638
186,639
186,640
186,641
186,642
186,643
186,644
186,645
186,646
186,647
186,648
186,649
186,650
186,691
186,692
186,693
186,694
186,695
186,696
186,697
186,698
186,699
186,700
186,701
186,702
186,703
186,704
186,705
186,706
186,707
186,708
186,709
186,710
186,711
186,712
186,713
186,714
186,715
186,716
186,717
186,718
186,719
186,720
186,721
187,621
187,622
187,623
187,624
187,625
187,626
187,627
187,628
187,629
187,630
187,631
187,632
187,633
187,634
187,635
187,636
187,637
187,638
187,639
187,640
187,641
187,642
187,643
187,644
187,645
187,646
187,647
187,648
187,649
187,691
187,692
187,693
187,694
187,695
187,696
187,697
187,698
187,699
187,700
187,701
187,702
187,703
187,704
187,705
187,706
187,707
187,708
187,709
187,710
187,711
187,712
187,713
187,714
187,715
187,716
187,717
187,718
187,719
187,720
187,721
188,623
188,624
188,625
188,626
188,627
188,628
188,629
188,630
188,631
188,632
188,633
188,634
188,635
188,636
188,637
188,638
188,639
188,640
188,641
188,642
188,643
188,644
188,645
188,646
188,647
188,692
188,693
188,694
188,695
188,696
188,697
188,698
188,699
188,700
188,701
188,702
188,703
188,704
188,705
188,706
188,707
188,708
188,709
188,710
188,711
188,712
188,713
188,714
188,715
188,716
188,717
188,718
188,719
188,720
189,624
189,625
189,626
189,627
189,628
189,629
189,630
189,631
189,632
189,633
189,634
189,635
189,636
189,637
189,638
189,639
189,640
189,641
189,642
189,643
189,644
189,645
189,646
189,692
189,693
189,694
189,695
189,696
189,697
189,698
189,699
189,700
189,701
189,702
189,703
189,704
189,705
189,706
189,707
189,708
189,709
189,710
189,711
189,712
189,713
189,714
189,715
189,716
189,717
189,718
189,719
189,720
190,626
190,627
190,628
190,629
190,630
190,631
190,632
190,633
190,634
190,635
190,636
190,637
190,638
190,639
190,640
190,641
190,642
190,643
190,644
190,693
190,694
190,695
190,696
190,697
190,698
190,699
190,700
190,701
190,702
190,703
190,704
190,705
190,706
190,707
190,708
190,709
190,710
190,711
190,712
190,713
190,714
190,715
190,716
190,717
190,718
190,719
191,628
191,629
191,630
191,631
191,632
191,633
191,634
191,635
191,636
191,637
191,638
191,639
191,640
191,641
191,642
191,694
191,695
191,696
191,697
191,698
191,699
191,700
191,701
191,702
191,703
191,704
191,705
191,706
191,707
191,708
191,709
191,710
191,711
191,712
191,713
191,714
191,715
191,716
191,717
191,718
192,565
192,566
192,567
192,568
192,569
192,570
192,571
192,572
192,573
192,574
192,575
192,631
192,632
192,633
192,634
192,635
192,636
192,637
192,638
192,639
192,695
192,696
192,697
192,698
192,699
192,700
192,701
192,702
192,703
192,704
192,705
192,706
192,707
192,708
192,709
192,710
192,711
192,712
192,713
192,714
192,715
192,716
192,717
193,561
193,562
193,563
193,564
193,565
193,566
193,567
193,568
193,569
193,570
193,571
193,572
193,573
193,574
193,575
193,576
193,577
193,578
193,579
193,696
193,697
193,698
193,699
193,700
193,701
193,702
193,703
193,704
193,705
193,706
193,707
193,708
193,709
193,710
193,711
193,712
193,713
193,714
193,715
193,716
194,362
194,363
194,364
194,365
194,366
194,367
194,368
194,369
194,370
194,371
194,372
194,558
194,559
194,560
194,561
194,562
194,563
194,564
194,565
194,566
194,567
194,568
194,569
194,570
194,571
194,572
194,573
194,574
194,575
194,576
194,577
194,578
194,579
194,580
194,581
194,582
194,698
194,699
194,700
194,701
194,702
194,703
194,704
194,705
194,706
194,707
194,708
194,709
194,710
194,711
194,712
194,713
194,714
195,358
195,359
195,360
195,361
195,362
195,363
195,364
195,365
195,366
195,367
195,368
195,369
195,370
195,371
195,372
195,373
195,374
195,375
195,376
195,556
195,557
195,558
195,559
195,560
195,561
195,562
195,563
195,564
195,565
195,566
195,567
195,568
195,569
195,570
195,571
195,572
195,573
195,574
195,575
195,576
195,577
195,578
195,579
195,580
195,581
195,582
195,583
195,584
195,700
195,701
195,702
195,703
195,704
195,705
195,706
195,707
195,708
195,709
195,710
195,711
195,712
196,356
196,357
196,358
196,359
196,360
196,361
196,362
196,363
196,364
196,365
196,366
196,367
196,368
196,369
196,370
196,371
196,372
196,373
196,374
196,375
196,376
196,377
196,378
196,554
196,555
196,556
196,557
196,558
196,559
196,560
196,561
196,562
196,563
196,564
196,565
196,566
196,567
196,568
196,569
196,570
196,571
196,572
196,573
196,574
196,575
196,576
196,577
196,578
196,579
196,580
196,581
196,582
196,583
196,584
196,585
196,586
196,702
196,703
196,704
196,705
196,706
196,707
196,708
196,709
196,710
197,354
197,355
197,356
197,357
197,358
197,359
197,360
197,361
197,362
197,363
197,364
197,365
197,366
197,367
197,368
197,369
197,370
197,371
197,372
197,373
197,374
197,375
197,376
197,377
197,378
197,379
197,380
197,552
197,553
197,554
197,555
197,556
197,557
197,558
197,559
197,560
197,561
197,562
197,563
197,564
197,565
197,566
197,567
197,568
197,569
197,570
197,571
197,572
197,573
197,574
197,575
197,576
197,577
197,578
197,579
197,580
197,581
197,582
197,583
197,584
197,585
197,586
197,587
197,588
198,352
198,353
198,354
198,355
198,356
198,357
198,358
198,359
198,360
198,361
198,362
198,363
198,364
198,365
198,366
198,367
198,368
198,369
198,370
198,371
198,372
198,373
198,374
198,375
198,376
198,377
198,378
198,379
198,380
198,381
198,382
198,551
198,552
198,553
198,554
198,555
198,556
198,557
198,558
198,559
198,560
198,561
198,562
198,563
198,564
198,565
198,566
198,567
198,568
198,569
198,570
198,571
198,572
198,573
198,574
198,575
198,576
198,577
198,578
198,579
198,580
198,581
198,582
198,583
198,584
198,585
198,586
198,587
198,588
198,589
199,351
199,352
199,353
199,354
199,355
199,356
199,357
199,358
199,359
199,360
199,361
199,362
199,363
199,364
199,365
199,366
199,367
199,368
199,369
199,370
199,371
199,372
199,373
199,374
199,375
199,376
199,377
199,378
199,379
199,380
199,381
199,382
199,383
199,550
199,551
199,552
199,553
199,554
199,555
199,556
199,557
199,558
199,559
199,560
199,561
199,562
199,563
199,564
199,565
199,566
199,567
199,568
199,569
199,570
199,571
199,572
199,573
199,574
199,575
199,576
199,577
199,578
199,579
199,580
199,581
199,582
199,583
199,584
199,585
199,586
199,587
199,588
199,589
199,590
200,350
200,351
200,352
200,353
200,354
200,355
200,356
200,357
200,358
200,359
200,360
200,361
200,362
200,363
200,364
200,365
200,366
200,367
200,368
200,369
200,370
200,371
200,372
200,373
200,374
200,375
200,376
200,377
200,378
200,379
200,380
200,381
200,382
200,383
200,384
200,548
200,549
200,550
200,551
200,552
200,553
200,554
200,555
200,556
200,557
200,558
200,559
200,560
200,561
200,562
200,563
200,564
200,565
200,566
200,567
200,568
200,569
200,570
200,571
200,572
200,573
200,574
200,575
200,576
200,577
200,578
200,579
200,580
200,581
200,582
200,583
200,584
200,585
200,586
200,587
200,588
200,589
200,590
200,591
200,592
201,348
201,349
201,350
201,351
201,352
201,353
201,354
201,355
201,356
201,357
201,358
201,359
201,360
201,361
201,362
201,363
201,364
201,365
201,366
201,367
201,368
201,369
201,370
201,371
201,372
201,373
201,374
201,375
201,376
201,377
201,378
201,379
201,380
201,381
201,382
201,383
201,384
201,385
201,386
201,547
201,548
201,549
201,550
201,551
201,552
201,553
201,554
201,555
201,556
201,557
201,558
201,559
201,560
201,561
201,562
201,563
201,564
201,565
201,566
201,567
201,568
201,569
201,570
201,571
201,572
201,573
201,574
201,575
201,576
201,577
201,578
201,579
201,580
201,581
201,582
201,583
201,584
201,585
201,586
201,587
201,588
201,589
201,590
201,591
201,592
201,593
202,347
202,348
202,349
202,350
202,351
202,352
202,353
202,354
202,355
202,356
202,357
202,358
202,359
202,360
202,361
202,362
202,363
202,364
202,365
202,366
202,367
202,368
202,369
202,370
202,371
202,372
202,373
202,374
202,375
202,376
202,377
202,378
202,379
202,380
202,381
202,382
202,383
202,384
202,385
202,386
202,387
202,546
202,547
202,548
202,549
202,550
202,551
202,552
202,553
202,554
202,555
202,556
202,557
202,558
202,559
202,560
202,561
202,562
202,563
202,564
202,565
202,566
202,567
202,568
202,569
202,570
202,571
202,572
202,573
202,574
202,575
202,576
202,577
202,578
202,579
202,580
202,581
202,582
202,583
202,584
202,585
202,586
202,587
202,588
202,589
202,590
202,591
202,592
202,593
202,594
203,346
203,347
203,348
203,349
203,350
203,351
203,352
203,353
203,354
203,355
203,356
203,357
203,358
203,359
203,360
203,361
203,362
203,363
203,364
203,365
203,366
203,367
203,368
203,369
203,370
203,371
203,372
203,373
203,374
203,375
203,376
203,377
203,378
203,379
203,380
203,381
203,382
203,383
203,384
203,385
203,386
203,387
203,388
203,545
203,546
203,547
203,548
203,549
203,550
203,551
203,552
203,553
203,554
203,555
203,556
203,557
203,558
203,559
203,560
203,561
203,562
203,563
203,564
203,565
203,566
203,567
203,568
203,569
203,570
203,571
203,572
203,573
203,574
203,575
203,576
203,577
203,578
203,579
203,580
203,581
203,582
203,583
203,584
203,585
203,586
203,587
203,588
203,589
203,590
203,591
203,592
203,593
203,594
203,595
204,346
204,347
204,348
204,349
204,350
204,351
204,352
204,353
204,354
204,355
204,356
204,357
204,358
204,359
204,360
204,361
204,362
204,363
204,364
204,365
204,366
204,367
204,368
204,369
204,370
204,371
204,372
204,373
204,374
204,375
204,376
204,377
204,378
204,379
204,380
204,381
204,382
204,383
204,384
204,385
204,386
204,387
204,388
204,545
204,546
204,547
204,548
204,549
204,550
204,551
204,552
204,553
204,554
204,555
204,556
204,557
204,558
204,559
204,560
204,561
204,562
204,563
204,564
204,565
204,566
204,567
204,568
204,569
204,570
204,571
204,572
204,573
204,574
204,575
204,576
204,577
204,578
204,579
204,580
204,581
204,582
204,583
204,584
204,585
204,586
204,587
204,588
204,589
204,590
204,591
204,592
204,593
204,594
204,595
205,345
205,346
205,347
205,348
205,349
205,350
205,351
205,352
205,353
205,354
205,355
205,356
205,357
205,358
205,359
205,360
205,361
205,362
205,363
205,364
205,365
205,366
205,367
205,368
205,369
205,370
205,371
205,372
205,373
205,374
205,375
205,376
205,377
205,378
205,379
205,380
205,381
205,382
205,383
205,384
205,385
205,386
205,387
205,388
205,389
205,544
205,545
205,546
205,547
205,548
205,549
205,550
205,551
205,552
205,553
205,554
205,555
205,556
205,557
205,558
205,559
205,560
205,561
205,562
205,563
205,564
205,565
205,566
205,567
205,568
205,569
205,570
205,571
205,572
205,573
205,574
205,575
205,576
205,577
205,578
205,579
205,580
205,581
205,582
205,583
205,584
205,585
205,586
205,587
205,588
205,589
205,590
205,591
205,592
205,593
205,594
205,595
205,596
206,344
206,345
206,346
206,347
206,348
206,349
206,350
206,351
206,352
206,353
206,354
206,355
206,356
206,357
206,358
206,359
206,360
206,361
206,362
206,363
206,364
206,365
206,366
206,367
206,368
206,369
206,370
206,371
206,372
206,373
206,374
206,375
206,376
206,377
206,378
206,379
206,380
206,381
206,382
206,383
206,384
206,385
206,386
206,387
206,388
206,389
206,390
206,543
206,544
206,545
206,546
206,547
206,548
206,549
206,550
206,551
206,552
206,553
206,554
206,555
206,556
206,557
206,558
206,559
206,560
206,561
206,562
206,563
206,564
206,565
206,566
206,567
206,568
206,569
206,570
206,571
206,572
206,573
206,574
206,575
206,576
206,577
206,578
206,579
206,580
206,581
206,582
206,583
206,584
206,585
206,586
206,587
206,588
206,589
206,590
206,591
206,592
206,593
206,594
206,595
206,596
206,597
207,323
207,324
207,325
207,326
207,327
207,328
207,329
207,330
207,331
207,343
207,344
207,345
207,346
207,347
207,348
207,349
207,350
207,351
207,352
207,353
207,354
207,355
207,356
207,357
207,358
207,359
207,360
207,361
207,362
207,363
207,364
207,365
207,366
207,367
207,368
207,369
207,370
207,371
207,372
207,373
207,374
207,375
207,376
207,377
207,378
207,379
207,380
207,381
207,382
207,383
207,384
207,385
207,386
207,387
207,388
207,389
207,390
207,391
207,542
207,543
207,544
207,545
207,546
207,547
207,548
207,549
207,550
207,551
207,552
207,553
207,554
207,555
207,556
207,557
207,558
207,559
207,560
207,561
207,562
207,563
207,564
207,565
207,566
207,567
207,568
207,569
207,570
207,571
207,572
207,573
207,574
207,575
207,576
207,577
207,578
207,579
207,580
207,581
207,582
207,583
207,584
207,585
207,586
207,587
207,588
207,589
207,590
207,591
207,592
207,593
207,594
207,595
207,596
207,597
207,598
208,320
208,321
208,322
208,323
208,324
208,325
208,326
208,327
208,328
208,329
208,330
208,331
208,332
208,333
208,334
208,343
208,344
208,345
208,346
208,347
208,348
208,349
208,350
208,351
208,352
208,353
208,354
208,355
208,356
208,357
208,358
208,359
208,360
208,361
208,362
208,363
208,364
208,365
208,366
208,367
208,368
208,369
208,370
208,371
208,372
208,373
208,374
208,375
208,376
208,377
208,378
208,379
208,380
208,381
208,382
208,383
208,384
208,385
208,386
208,387
208,388
208,389
208,390
208,391
208,542
208,543
208,544
208,545
208,546
208,547
208,548
208,549
208,550
208,551
208,552
208,553
208,554
208,555
208,556
208,557
208,558
208,559
208,560
208,561
208,562
208,563
208,564
208,565
208,566
208,567
208,568
208,569
208,570
208,571
208,572
208,573
208,574
208,575
208,576
208,577
208,578
208,579
208,580
208,581
208,582
208,583
208,584
208,585
208,586
208,587
208,588
208,589
208,590
208,591
208,592
208,593
208,594
208,595
208,596
208,597
208,598
209,318
209,319
209,320
209,321
209,322
209,323
209,324
209,325
209,326
209,327
209,328
209,329
209,330
209,331
209,332
209,333
209,334
209,335
209,336
209,342
209,343
209,344
209,345
209,346
209,347
209,348
209,349
209,350
209,351
209,352
209,353
209,354
209,355
209,356
209,357
209,358
209,359
209,360
209,361
209,362
209,363
209,364
209,365
209,366
209,367
209,368
209,369
209,370
209,371
209,372
209,373
209,374
209,375
209,376
209,377
209,378
209,379
209,380
209,381
209,382
209,383
209,384
209,385
209,386
209,387
209,388
209,389
209,390
209,391
209,392
209,541
209,542
209,543
209,544
209,545
209,546
209,547
209,548
209,549
209,550
209,551
209,552
209,553
209,554
209,555
209,556
209,557
209,558
209,559
209,560
209,561
209,562
209,563
209,564
209,565
209,566
209,567
209,568
209,569
209,570
209,571
209,572
209,573
209,574
209,575
209,576
209,577
209,578
209,579
209,580
209,581
209,582
209,583
209,584
209,585
209,586
209,587
209,588
209,589
209,590
209,591
209,592
209,593
209,594
209,595
209,596
209,597
209,598
209,599
210,317
210,318
210,319
210,320
210,321
210,322
210,323
210,324
210,325
210,326
210,327
210,328
210,329
210,330
210,331
210,332
210,333
210,334
210,335
210,336
210,337
210,342
210,343
210,344
210,345
210,346
210,347
210,348
210,349
210,350
210,351
210,352
210,353
210,354
210,355
210,356
210,357
210,358
210,359
210,360
210,361
210,362
210,363
210,364
210,365
210,366
210,367
210,368
210,369
210,370
210,371
210,372
210,373
210,374
210,375
210,376
210,377
210,378
210,379
210,380
210,381
210,382
210,383
210,384
210,385
210,386
210,387
210,388
210,389
210,390
210,391
210,392
210,541
210,542
210,543
210,544
210,545
210,546
210,547
210,548
210,549
210,550
210,551
210,552
210,553
210,554
210,555
210,556
210,557
210,558
210,559
210,560
210,561
210,562
210,563
210,564
210,565
210,566
210,567
210,568
210,569
210,570
210,571
210,572
210,573
210,574
210,575
210,576
210,577
210,578
210,579
210,580
210,581
210,582
210,583
210,584
210,585
210,586
210,587
210,588
210,589
210,590
210,591
210,592
210,593
210,594
210,595
210,596
210,597
210,598
210,599
211,315
211,316
211,317
211,318
211,319
211,320
211,321
211,322
211,323
211,324
211,325
211,326
211,327
211,328
211,329
211,330
211,331
211,332
211,333
211,334
211,335
211,336
211,337
211,338
211,339
211,341
211,342
211,343
211,344
211,345
211,346
211,347
211,348
211,349
211,350
211,351
211,352
211,353
211,354
211,355
211,356
211,357
211,358
211,359
211,360
211,361
211,362
211,363
211,364
211,365
211,366
211,367
211,368
211,369
211,370
211,371
211,372
211,373
211,374
211,375
211,376
211,377
211,378
211,379
211,380
211,381
211,382
211,383
211,384
211,385
211,386
211,387
211,388
211,389
211,390
211,391
211,392
211,393
211,540
211,541
211,542
211,543
211,544
211,545
211,546
211,547
211,548
211,549
211,550
211,551
211,552
211,553
211,554
211,555
211,556
211,557
211,558
211,559
211,560
211,561
211,562
211,563
211,564
211,565
211,566
211,567
211,568
211,569
211,570
211,571
211,572
211,573
211,574
211,575
211,576
211,577
211,578
211,579
211,580
211,581
211,582
211,583
211,584
211,585
211,586
211,587
211,588
211,589
211,590
211,591
211,592
211,593
211,594
211,595
211,596
211,597
211,598
211,599
211,600
212,314
212,315
212,316
212,317
212,318
212,319
212,320
212,321
212,322
212,323
212,324
212,325
212,326
212,327
212,328
212,329
212,330
212,331
212,332
212,333
212,334
212,335
212,336
212,337
212,338
212,339
212,340
212,341
212,342
212,343
212,344
212,345
212,346
212,347
212,348
212,349
212,350
212,351
212,352
212,353
212,354
212,355
212,356
212,357
212,358
212,359
212,360
212,361
212,362
212,363
212,364
212,365
212,366
212,367
212,368
212,369
212,370
212,371
212,372
212,373
212,374
212,375
212,376
212,377
212,378
212,379
212,380
212,381
212,382
212,383
212,384
212,385
212,386
212,387
212,388
212,389
212,390
212,391
212,392
212,393
212,540
212,541
212,542
212,543
212,544
212,545
212,546
212,547
212,548
212,549
212,550
212,551
212,552
212,553
212,554
212,555
212,556
212,557
212,558
212,559
212,560
212,561
212,562
212,563
212,564
212,565
212,566
212,567
212,568
212,569
212,570
212,571
212,572
212,573
212,574
212,575
212,576
212,577
212,578
212,579
212,580
212,581
212,582
212,583
212,584
212,585
212,586
212,587
212,588
212,589
212,590
212,591
212,592
212,593
212,594
212,595
212,596
212,597
212,598
212,599
212,600
213,313
213,314
213,315
213,316
213,317
213,318
213,319
213,320
213,321
213,322
213,323
213,324
213,325
213,326
213,327
213,328
213,329
213,330
213,331
213,332
213,333
213,334
213,335
213,336
213,337
213,338
213,339
213,340
213,341
213,342
213,343
213,344
213,345
213,346
213,347
213,348
213,349
213,350
213,351
213,352
213,353
213,354
213,355
213,356
213,357
213,358
213,359
213,360
213,361
213,362
213,363
213,364
213,365
213,366
213,367
213,368
213,369
213,370
213,371
213,372
213,373
213,374
213,375
213,376
213,377
213,378
213,379
213,380
213,381
213,382
213,383
213,384
213,385
213,386
213,387
213,388
213,389
213,390
213,391
213,392
213,393
213,394
213,474
213,475
213,476
213,477
213,478
213,479
213,480
213,481
213,482
213,483
213,484
213,539
213,540
213,541
213,542
213,543
213,544
213,545
213,546
213,547
213,548
213,549
213,550
213,551
213,552
213,553
213,554
213,555
213,556
213,557
213,558
213,559
213,560
213,561
213,562
213,563
213,564
213,565
213,566
213,567
213,568
213,569
213,570
213,571
213,572
213,573
213,574
213,575
213,576
213,577
213,578
213,579
213,580
213,581
213,582
213,583
213,584
213,585
213,586
213,587
213,588
213,589
213,590
213,591
213,592
213,593
213,594
213,595
213,596
213,597
213,598
213,599
213,600
213,601
214,312
214,313
214,314
214,315
214,316
214,317
214,318
214,319
214,320
214,321
214,322
214,323
214,324
214,325
214,326
214,327
214,328
214,329
214,330
214,331
214,332
214,333
214,334
214,335
214,336
214,337
214,338
214,339
214,340
214,342
214,343
214,344
214,345
214,346
214,347
214,348
214,349
214,350
214,351
214,352
214,353
214,354
214,355
214,356
214,357
214,358
214,359
214,360
214,361
214,362
214,363
214,364
214,365
214,366
214,367
214,368
214,369
214,370
214,371
214,372
214,373
214,374
214,375
214,376
214,377
214,378
214,379
214,380
214,381
214,382
214,383
214,384
214,385
214,386
214,387
214,388
214,389
214,390
214,391
214,392
214,393
214,394
214,470
214,471
214,472
214,473
214,474
214,475
214,476
214,477
214,478
214,479
214,480
214,481
214,482
214,483
214,484
214,485
214,486
214,487
214,488
214,539
214,540
214,541
214,542
214,543
214,544
214,545
214,546
214,547
214,548
214,549
214,550
214,551
214,552
214,553
214,554
214,555
214,556
214,557
214,558
214,559
214,560
214,561
214,562
214,563
214,564
214,565
214,566
214,567
214,568
214,569
214,570
214,571
214,572
214,573
214,574
214,575
214,576
214,577
214,578
214,579
214,580
214,581
214,582
214,583
214,584
214,585
214,586
214,587
214,588
214,589
214,590
214,591
214,592
214,593
214,594
214,595
214,596
214,597
214,598
214,599
214,600
214,601
215,312
215,313
215,314
215,315
215,316
215,317
215,318
215,319
215,320
215,321
215,322
215,323
215,324
215,325
215,326
215,327
215,328
215,329
215,330
215,331
215,332
215,333
215,334
215,335
215,336
215,337
215,338
215,339
215,340
215,342
215,343
215,344
215,345
215,346
215,347
215,348
215,349
215,350
215,351
215,352
215,353
215,354
215,355
215,356
215,357
215,358
215,359
215,360
215,361
215,362
215,363
215,364
215,365
215,366
215,367
215,368
215,369
215,370
215,371
215,372
215,373
215,374
215,375
215,376
215,377
215,378
215,379
215,380
215,381
215,382
215,383
215,384
215,385
215,386
215,387
215,388
215,389
215,390
215,391
215,392
215,393
215,394
215,467
215,468
215,469
215,470
215,471
215,472
215,473
215,474
215,475
215,476
215,477
215,478
215,479
215,480
215,481
215,482
215,483
215,484
215,485
215,486
215,487
215,488
215,489
215,490
215,491
215,539
215,540
215,541
215,542
215,543
215,544
215,545
215,546
215,547
215,548
215,549
215,550
215,551
215,552
215,553
215,554
215,555
215,556
215,557
215,558
215,559
215,560
215,561
215,562
215,563
215,564
215,565
215,566
215,567
215,568
215,569
215,570
215,571
215,572
215,573
215,574
215,575
215,576
215,577
215,578
215,579
215,580
215,581
215,582
215,583
215,584
215,585
215,586
215,587
215,588
215,589
215,590
215,591
215,592
215,593
215,594
215,595
215,596
215,597
215,598
215,599
215,600
215,601
216,311
216,312
216,313
216,314
216,315
216,316
216,317
216,318
216,319
216,320
216,321
216,322
216,323
216,324
216,325
216,326
216,327
216,328
216,329
216,330
216,331
216,332
216,333
216,334
216,335
216,336
216,337
216,338
216,339
216,340
216,343
216,344
216,345
216,346
216,347
216,348
216,349
216,350
216,351
216,352
216,353
216,354
216,355
216,356
216,357
216,358
216,359
216,360
216,361
216,362
216,363
216,364
216,365
216,366
216,367
216,368
216,369
216,370
216,371
216,372
216,373
216,374
216,375
216,376
216,377
216,378
216,379
216,380
216,381
216,382
216,383
216,384
216,385
216,386
216,387
216,388
216,389
216,390
216,391
216,392
216,393
216,394
216,465
216,466
216,467
216,468
216,469
216,470
216,471
216,472
216,473
216,474
216,475
216,476
216,477
216,478
216,479
216,480
216,481
216,482
216,483
216,484
216,485
216,486
216,487
216,488
216,489
216,490
216,491
216,492
216,493
216,538
216,539
216,540
216,541
216,542
216,543
216,544
216,545
216,546
216,547
216,548
216,549
216,550
216,551
216,552
216,553
216,554
216,555
216,556
216,557
216,558
216,559
216,560
216,561
216,562
216,563
216,564
216,565
216,566
216,567
216,568
216,569
216,570
216,571
216,572
216,573
216,574
216,575
216,576
216,577
216,578
216,579
216,580
216,581
216,582
216,583
216,584
216,585
216,586
216,587
216,588
216,589
216,590
216,591
216,592
216,593
216,594
216,595
216,596
216,597
216,598
216,599
216,600
216,601
216,602
217,310
217,311
217,312
217,313
217,314
217,315
217,316
217,317
217,318
217,319
217,320
217,321
217,322
217,323
217,324
217,325
217,326
217,327
217,328
217,329
217,330
217,331
217,332
217,333
217,334
217,335
217,336
217,337
217,338
217,339
217,344
217,345
217,346
217,347
217,348
217,349
217,350
217,351
217,352
217,353
217,354
217,355
217,356
217,357
217,358
217,359
217,360
217,361
217,362
217,363
217,364
217,365
217,366
217,367
217,368
217,369
217,370
217,371
217,372
217,373
217,374
217,375
217,376
217,377
217,378
217,379
217,380
217,381
217,382
217,383
217,384
217,385
217,386
217,387
217,388
217,389
217,390
217,391
217,392
217,393
217,394
217,395
217,463
217,464
217,465
217,466
217,467
217,468
217,469
217,470
217,471
217,472
217,473
217,474
217,475
217,476
217,477
217,478
217,479
217,480
217,481
217,482
217,483
217,484
217,485
217,486
217,487
217,488
217,489
217,490
217,491
217,492
217,493
217,494
217,495
217,538
217,539
217,540
217,541
217,542
217,543
217,544
217,545
217,546
217,547
217,548
217,549
217,550
217,551
217,552
217,553
217,554
217,555
217,556
217,557
217,558
217,559
217,560
217,561
217,562
217,563
217,564
217,565
217,566
217,567
217,568
217,569
217,570
217,571
217,572
217,573
217,574
217,575
217,576
217,577
217,578
217,579
217,580
217,581
217,582
217,583
217,584
217,585
217,586
217,587
217,588
217,589
217,590
217,591
217,592
217,593
217,594
217,595
217,596
217,597
217,598
217,599
217,600
217,601
217,602
218,310
218,311
218,312
218,313
218,314
218,315
218,316
218,317
218,318
218,319
218,320
218,321
218,322
218,323
218,324
218,325
218,326
218,327
218,328
218,329
218,330
218,331
218,332
218,333
218,334
218,335
218,336
218,337
218,338
218,339
218,344
218,345
218,346
218,347
218,348
218,349
218,350
218,351
218,352
218,353
218,354
218,355
218,356
218,357
218,358
218,359
218,360
218,361
218,362
218,363
218,364
218,365
218,366
218,367
218,368
218,369
218,370
218,371
218,372
218,373
218,374
218,375
218,376
218,377
218,378
218,379
218,380
218,381
218,382
218,383
218,384
218,385
218,386
218,387
218,388
218,389
218,390
218,391
218,392
218,393
218,394
218,395
218,462
218,463
218,464
218,465
218,466
218,467
218,468
218,469
218,470
218,471
218,472
218,473
218,474
218,475
218,476
218,477
218,478
218,479
218,480
218,481
218,482
218,483
218,484
218,485
218,486
218,487
218,488
218,489
218,490
218,491
218,492
218,493
218,494
218,495
218,496
218,538
218,539
218,540
218,541
218,542
218,543
218,544
218,545
218,546
218,547
218,548
218,549
218,550
218,551
218,552
218,553
218,554
218,555
218,556
218,557
218,558
218,559
218,560
218,561
218,562
218,563
218,564
218,565
218,566
218,567
218,568
218,569
218,570
218,571
218,572
218,573
218,574
218,575
218,576
218,577
218,578
218,579
218,580
218,581
218,582
218,583
218,584
218,585
218,586
218,587
218,588
218,589
218,590
218,591
218,592
218,593
218,594
218,595
218,596
218,597
218,598
218,599
218,600
218,601
218,602
219,309
219,310
219,311
219,312
219,313
219,314
219,315
219,316
219,317
219,318
219,319
219,320
219,321
219,322
219,323
219,324
219,325
219,326
219,327
219,328
219,329
219,330
219,331
219,332
219,333
219,334
219,335
219,336
219,337
219,338
219,339
219,345
219,346
219,347
219,348
219,349
219,350
219,351
219,352
219,353
219,354
219,355
219,356
219,357
219,358
219,359
219,360
219,361
219,362
219,363
219,364
219,365
219,366
219,367
219,368
219,369
219,370
219,371
219,372
219,373
219,374
219,375
219,376
219,377
219,378
219,379
219,380
219,381
219,382
219,383
219,384
219,385
219,386
219,387
219,388
219,389
219,390
219,391
219,392
219,393
219,394
219,395
219,460
219,461
219,462
219,463
219,464
219,465
219,466
219,467
219,468
219,469
219,470
219,471
219,472
219,473
219,474
219,475
219,476
219,477
219,478
219,479
219,480
219,481
219,482
219,483
219,484
219,485
219,486
219,487
219,488
219,489
219,490
219,491
219,492
219,493
219,494
219,495
219,496
219,497
219,498
219,538
219,539
219,540
219,541
219,542
219,543
219,544
219,545
219,546
219,547
219,548
219,549
219,550
219,551
219,552
219,553
219,554
219,555
219,556
219,557
219,558
219,559
219,560
219,561
219,562
219,563
219,564
219,565
219,566
219,567
219,568
219,569
219,570
219,571
219,572
219,573
219,574
219,575
219,576
219,577
219,578
219,579
219,580
219,581
219,582
219,583
219,584
219,585
219,586
219,587
219,588
219,589
219,590
219,591
219,592
219,593
219,594
219,595
219,596
219,597
219,598
219,599
219,600
219,601
219,602
220,309
220,310
220,311
220,312
220,313
220,314
220,315
220,316
220,317
220,318
220,319
220,320
220,321
220,322
220,323
220,324
220,325
220,326
220,327
220,328
220,329
220,330
220,331
220,332
220,333
220,334
220,335
220,336
220,337
220,338
220,339
220,345
220,346
220,347
220,348
220,349
220,350
220,351
220,352
220,353
220,354
220,355
220,356
220,357
220,358
220,359
220,360
220,361
220,362
220,363
220,364
220,365
220,366
220,367
220,368
220,369
220,370
220,371
220,372
220,373
220,374
220,375
220,376
220,377
220,378
220,379
220,380
220,381
220,382
220,383
220,384
220,385
220,386
220,387
220,388
220,389
220,390
220,391
220,392
220,393
220,394
220,395
220,459
220,460
220,461
220,462
220,463
220,464
220,465
220,466
220,467
220,468
220,469
220,470
220,471
220,472
220,473
220,474
220,475
220,476
220,477
220,478
220,479
220,480
220,481
220,482
220,483
220,484
220,485
220,486
220,487
220,488
220,489
220,490
220,491
220,492
220,493
220,494
220,495
220,496
220,497
220,498
220,499
220,537
220,538
220,539
220,540
220,541
220,542
220,543
220,544
220,545
220,546
220,547
220,548
220,549
220,550
220,551
220,552
220,553
220,554
220,555
220,556
220,557
220,558
220,559
220,560
220,561
220,562
220,563
220,564
220,565
220,566
220,567
220,568
220,569
220,570
220,571
220,572
220,573
220,574
220,575
220,576
220,577
220,578
220,579
220,580
220,581
220,582
220,583
220,584
220,585
220,586
220,587
220,588
220,589
220,590
220,591
220,592
220,593
220,594
220,595
220,596
220,597
220,598
220,599
220,600
220,601
220,602
220,603
221,309
221,310
221,311
221,312
221,313
221,314
221,315
221,316
221,317
221,318
221,319
221,320
221,321
221,322
221,323
221,324
221,325
221,326
221,327
221,328
221,329
221,330
221,331
221,332
221,333
221,334
221,335
221,336
221,337
221,338
221,339
221,345
221,346
221,347
221,348
221,349
221,350
221,351
221,352
221,353
221,354
221,355
221,356
221,357
221,358
221,359
221,360
221,361
221,362
221,363
221,364
221,365
221,366
221,367
221,368
221,369
221,370
221,371
221,372
221,373
221,374
221,375
221,376
221,377
221,378
221,379
221,380
221,381
221,382
221,383
221,384
221,385
221,386
221,387
221,388
221,389
221,390
221,391
221,392
221,393
221,394
221,395
221,458
221,459
221,460
221,461
221,462
221,463
221,464
221,465
221,466
221,467
221,468
221,469
221,470
221,471
221,472
221,473
221,474
221,475
221,476
221,477
221,478
221,479
221,480
221,481
221,482
221,483
221,484
221,485
221,486
221,487
221,488
221,489
221,490
221,491
221,492
221,493
221,494
221,495
221,496
221,497
221,498
221,499
221,500
221,537
221,538
221,539
221,540
221,541
221,542
221,543
221,544
221,545
221,546
221,547
221,548
221,549
221,550
221,551
221,552
221,553
221,554
221,555
221,556
221,557
221,558
221,559
221,560
221,561
221,562
221,563
221,564
221,565
221,566
221,567
221,568
221,569
221,570
221,571
221,572
221,573
221,574
221,575
221,576
221,577
221,578
221,579
221,580
221,581
221,582
221,583
221,584
221,585
221,586
221,587
221,588
221,589
221,590
221,591
221,592
221,593
221,594
221,595
221,596
221,597
221,598
221,599
221,600
221,601
221,602
221,603
222,308
222,309
222,310
222,311
222,312
222,313
222,314
222,315
222,316
222,317
222,318
222,319
222,320
222,321
222,322
222,323
222,324
222,325
222,326
222,327
222,328
222,329
222,330
222,331
222,332
222,333
222,334
222,335
222,336
222,337
222,338
222,339
222,346
222,347
222,348
222,349
222,350
222,351
222,352
222,353
222,354
222,355
222,356
222,357
222,358
222,359
222,360
222,361
222,362
222,363
222,364
222,365
222,366
222,367
222,368
222,369
222,370
222,371
222,372
222,373
222,374
222,375
222,376
222,377
222,378
222,379
222,380
222,381
222,382
222,383
222,384
222,385
222,386
222,387
222,388
222,389
222,390
222,391
222,392
222,393
222,394
222,395
222,457
222,458
222,459
222,460
222,461
222,462
222,463
222,464
222,465
222,466
222,467
222,468
222,469
222,470
222,471
222,472
222,473
222,474
222,475
222,476
222,477
222,478
222,479
222,480
222,481
222,482
222,483
222,484
222,485
222,486
222,487
222,488
222,489
222,490
222,491
222,492
222,493
222,494
222,495
222,496
222,497
222,498
222,499
222,500
222,501
222,537
222,538
222,539
222,540
222,541
222,542
222,543
222,544
222,545
222,546
222,547
222,548
222,549
222,550
222,551
222,552
222,553
222,554
222,555
222,556
222,557
222,558
222,559
222,560
222,561
222,562
222,563
222,564
222,565
222,566
222,567
222,568
222,569
222,570
222,571
222,572
222,573
222,574
222,575
222,576
222,577
222,578
222,579
222,580
222,581
222,582
222,583
222,584
222,585
222,586
222,587
222,588
222,589
222,590
222,591
222,592
222,593
222,594
222,595
222,596
222,597
222,598
222,599
222,600
222,601
222,602
222,603
223,308
223,309
223,310
223,311
223,312
223,313
223,314
223,315
223,316
223,317
223,318
223,319
223,320
223,321
223,322
223,323
223,324
223,325
223,326
223,327
223,328
223,329
223,330
223,331
223,332
223,333
223,334
223,335
223,336
223,337
223,338
223,339
223,346
223,347
223,348
223,349
223,350
223,351
223,352
223,353
223,354
223,355
223,356
223,357
223,358
223,359
223,360
223,361
223,362
223,363
223,364
223,365
223,366
223,367
223,368
223,369
223,370
223,371
223,372
223,373
223,374
223,375
223,376
223,377
223,378
223,379
223,380
223,381
223,382
223,383
223,384
223,385
223,386
223,387
223,388
223,389
223,390
223,391
223,392
223,393
223,394
223,395
223,456
223,457
223,458
223,459
223,460
223,461
223,462
223,463
223,464
223,465
223,466
223,467
223,468
223,469
223,470
223,471
223,472
223,473
223,474
223,475
223,476
223,477
223,478
223,479
223,480
223,481
223,482
223,483
223,484
223,485
223,486
223,487
223,488
223,489
223,490
223,491
223,492
223,493
223,494
223,495
223,496
223,497
223,498
223,499
223,500
223,501
223,502
223,537
223,538
223,539
223,540
223,541
223,542
223,543
223,544
223,545
223,546
223,547
223,548
223,549
223,550
223,551
223,552
223,553
223,554
223,555
223,556
223,557
223,558
223,559
223,560
223,561
223,562
223,563
223,564
223,565
223,566
223,567
223,568
223,569
223,570
223,571
223,572
223,573
223,574
223,575
223,576
223,577
223,578
223,579
223,580
223,581
223,582
223,583
223,584
223,585
223,586
223,587
223,588
223,589
223,590
223,591
223,592
223,593
223,594
223,595
223,596
223,597
223,598
223,599
223,600
223,601
223,602
223,603
224,308
224,309
224,310
224,311
224,312
224,313
224,314
224,315
224,316
224,317
224,318
224,319
224,320
224,321
224,322
224,323
224,324
224,325
224,326
224,327
224,328
224,329
224,330
224,331
224,332
224,333
224,334
224,335
224,336
224,337
224,338
224,339
224,346
224,347
224,348
224,349
224,350
224,351
224,352
224,353
224,354
224,355
224,356
224,357
224,358
224,359
224,360
224,361
224,362
224,363
224,364
224,365
224,366
224,367
224,368
224,369
224,370
224,371
224,372
224,373
224,374
224,375
224,376
224,377
224,378
224,379
224,380
224,381
224,382
224,383
224,384
224,385
224,386
224,387
224,388
224,389
224,390
224,391
224,392
224,393
224,394
224,395
224,455
224,456
224,457
224,458
224,459
224,460
224,461
224,462
224,463
224,464
224,465
224,466
224,467
224,468
224,469
224,470
224,471
224,472
224,473
224,474
224,475
224,476
224,477
224,478
224,479
224,480
224,481
224,482
224,483
224,484
224,485
224,486
224,487
224,488
224,489
224,490
224,491
224,492
224,493
224,494
224,495
224,496
224,497
224,498
224,499
224,500
224,501
224,502
224,503
224,537
224,538
224,539
224,540
224,541
224,542
224,543
224,544
224,545
224,546
224,547
224,548
224,549
224,550
224,551
224,552
224,553
224,554
224,555
224,556
224,557
224,558
224,559
224,560
224,561
224,562
224,563
224,564
224,565
224,566
224,567
224,568
224,569
224,570
224,571
224,572
224,573
224,574
224,575
224,576
224,577
224,578
224,579
224,580
224,581
224,582
224,583
224,584
224,585
224,586
224,587
224,588
224,589
224,590
224,591
224,592
224,593
224,594
224,595
224,596
224,597
224,598
224,599
224,600
224,601
224,602
224,603
225,308
225,309
225,310
225,311
225,312
225,313
225,314
225,315
225,316
225,317
225,318
225,319
225,320
225,321
225,322
225,323
225,324
225,325
225,326
225,327
225,328
225,329
225,330
225,331
225,332
225,333
225,334
225,335
225,336
225,337
225,338
225,339
225,346
225,347
225,348
225,349
225,350
225,351
225,352
225,353
225,354
225,355
225,356
225,357
225,358
225,359
225,360
225,361
225,362
225,363
225,364
225,365
225,366
225,367
225,368
225,369
225,370
225,371
225,372
225,373
225,374
225,375
225,376
225,377
225,378
225,379
225,380
225,381
225,382
225,383
225,384
225,385
225,386
225,387
225,388
225,389
225,390
225,391
225,392
225,393
225,394
225,395
225,454
225,455
225,456
225,457
225,458
225,459
225,460
225,461
225,462
225,463
225,464
225,465
225,466
225,467
225,468
225,469
225,470
225,471
225,472
225,473
225,474
225,475
225,476
225,477
225,478
225,479
225,480
225,481
225,482
225,483
225,484
225,485
225,486
225,487
225,488
225,489
225,490
225,491
225,492
225,493
225,494
225,495
225,496
225,497
225,498
225,499
225,500
225,501
225,502
225,503
225,504
225,537
225,538
225,539
225,540
225,541
225,542
225,543
225,544
225,545
225,546
225,547
225,548
225,549
225,550
225,551
225,552
225,553
225,554
225,555
225,556
225,557
225,558
225,559
225,560
225,561
225,562
225,563
225,564
225,565
225,566
225,567
225,568
225,569
225,570
225,571
225,572
225,573
225,574
225,575
225,576
225,577
225,578
225,579
225,580
225,581
225,582
225,583
225,584
225,585
225,586
225,587
225,588
225,589
225,590
225,591
225,592
225,593
225,594
225,595
225,596
225,597
225,598
225,599
225,600
225,601
225,602
225,603
226,308
226,309
226,310
226,311
226,312
226,313
226,314
226,315
226,316
226,317
226,318
226,319
226,320
226,321
226,322
226,323
226,324
226,325
226,326
226,327
226,328
226,329
226,330
226,331
226,332
226,333
226,334
226,335
226,336
226,337
226,338
226,339
226,346
226,347
226,348
226,349
226,350
226,351
226,352
226,353
226,354
226,355
226,356
226,357
226,358
226,359
226,360
226,361
226,362
226,363
226,364
226,365
226,366
226,367
226,368
226,369
226,370
226,371
226,372
226,373
226,374
226,375
226,376
226,377
226,378
226,379
226,380
226,381
226,382
226,383
226,384
226,385
226,386
226,387
226,388
226,389
226,390
226,391
226,392
226,393
226,394
226,395
226,453
226,454
226,455
226,456
226,457
226,458
226,459
226,460
226,461
226,462
226,463
226,464
226,465
226,466
226,467
226,468
226,469
226,470
226,471
226,472
226,473
226,474
226,475
226,476
226,477
226,478
226,479
226,480
226,481
226,482
226,483
226,484
226,485
226,486
226,487
226,488
226,489
226,490
226,491
226,492
226,493
226,494
226,495
226,496
226,497
226,498
226,499
226,500
226,501
226,502
226,503
226,504
226,505
226,537
226,538
226,539
226,540
226,541
226,542
226,543
226,544
226,545
226,546
226,547
226,548
226,549
226,550
226,551
226,552
226,553
226,554
226,555
226,556
226,557
226,558
226,559
226,560
226,561
226,562
226,563
226,564
226,565
226,566
226,567
226,568
226,569
226,570
226,571
226,572
226,573
226,574
226,575
226,576
226,577
226,578
226,579
226,580
226,581
226,582
226,583
226,584
226,585
226,586
226,587
226,588
226,589
226,590
226,591
226,592
226,593
226,594
226,595
226,596
226,597
226,598
226,599
226,600
226,601
226,602
226,603
227,308
227,309
227,310
227,311
227,312
227,313
227,314
227,315
227,316
227,317
227,318
227,319
227,320
227,321
227,322
227,323
227,324
227,325
227,326
227,327
227,328
227,329
227,330
227,331
227,332
227,333
227,334
227,335
227,336
227,337
227,338
227,339
227,346
227,347
227,348
227,349
227,350
227,351
227,352
227,353
227,354
227,355
227,356
227,357
227,358
227,359
227,360
227,361
227,362
227,363
227,364
227,365
227,366
227,367
227,368
227,369
227,370
227,371
227,372
227,373
227,374
227,375
227,376
227,377
227,378
227,379
227,380
227,381
227,382
227,383
227,384
227,385
227,386
227,387
227,388
227,389
227,390
227,391
227,392
227,393
227,394
227,395
227,453
227,454
227,455
227,456
227,457
227,458
227,459
227,460
227,461
227,462
227,463
227,464
227,465
227,466
227,467
227,468
227,469
227,470
227,471
227,472
227,473
227,474
227,475
227,476
227,477
227,478
227,479
227,480
227,481
227,482
227,483
227,484
227,485
227,486
227,487
227,488
227,489
227,490
227,491
227,492
227,493
227,494
227,495
227,496
227,497
227,498
227,499
227,500
227,501
227,502
227,503
227,504
227,505
227,537
227,538
227,539
227,540
227,541
227,542
227,543
227,544
227,545
227,546
227,547
227,548
227,549
227,550
227,551
227,552
227,553
227,554
227,555
227,556
227,557
227,558
227,559
227,560
227,561
227,562
227,563
227,564
227,565
227,566
227,567
227,568
227,569
227,570
227,571
227,572
227,573
227,574
227,575
227,576
227,577
227,578
227,579
227,580
227,581
227,582
227,583
227,584
227,585
227,586
227,587
227,588
227,589
227,590
227,591
227,592
227,593
227,594
227,595
227,596
227,597
227,598
227,599
227,600
227,601
227,602
227,603
228,308
228,309
228,310
228,311
228,312
228,313
228,314
228,315
228,316
228,317
228,318
228,319
228,320
228,321
228,322
228,323
228,324
228,325
228,326
228,327
228,328
228,329
228,330
228,331
228,332
228,333
228,334
228,335
228,336
228,337
228,338
228,339
228,340
228,346
228,347
228,348
228,349
228,350
228,351
228,352
228,353
228,354
228,355
228,356
228,357
228,358
228,359
228,360
228,361
228,362
228,363
228,364
228,365
228,366
228,367
228,368
228,369
228,370
228,371
228,372
228,373
228,374
228,375
228,376
228,377
228,378
228,379
228,380
228,381
228,382
228,383
228,384
228,385
228,386
228,387
228,388
228,389
228,390
228,391
228,392
228,393
228,394
228,452
228,453
228,454
228,455
228,456
228,457
228,458
228,459
228,460
228,461
228,462
228,463
228,464
228,465
228,466
228,467
228,468
228,469
228,470
228,471
228,472
228,473
228,474
228,475
228,476
228,477
228,478
228,479
228,480
228,481
228,482
228,483
228,484
228,485
228,486
228,487
228,488
228,489
228,490
228,491
228,492
228,493
228,494
228,495
228,496
228,497
228,498
228,499
228,500
228,501
228,502
228,503
228,504
228,505
228,506
228,537
228,538
228,539
228,540
228,541
228,542
228,543
228,544
228,545
228,546
228,547
228,548
228,549
228,550
228,551
228,552
228,553
228,554
228,555
228,556
228,557
228,558
228,559
228,560
228,561
228,562
228,563
228,564
228,565
228,566
228,567
228,568
228,569
228,570
228,571
228,572
228,573
228,574
228,575
228,576
228,577
228,578
228,579
228,580
228,581
228,582
228,583
228,584
228,585
228,586
228,587
228,588
228,589
228,590
228,591
228,592
228,593
228,594
228,595
228,596
228,597
228,598
228,599
228,600
228,601
228,602
228,603
229,308
229,309
229,310
229,311
229,312
229,313
229,314
229,315
229,316
229,317
229,318
229,319
229,320
229,321
229,322
229,323
229,324
229,325
229,326
229,327
229,328
229,329
229,330
229,331
229,332
229,333
229,334
229,335
229,336
229,337
229,338
229,339
229,340
229,346
229,347
229,348
229,349
229,350
229,351
229,352
229,353
229,354
229,355
229,356
229,357
229,358
229,359
229,360
229,361
229,362
229,363
229,364
229,365
229,366
229,367
229,368
229,369
229,370
229,371
229,372
229,373
229,374
229,375
229,376
229,377
229,378
229,379
229,380
229,381
229,382
229,383
229,384
229,385
229,386
229,387
229,388
229,389
229,390
229,391
229,392
229,393
229,394
229,451
229,452
229,453
229,454
229,455
229,456
229,457
229,458
229,459
229,460
229,461
229,462
229,463
229,464
229,465
229,466
229,467
229,468
229,469
229,470
229,471
229,472
229,473
229,474
229,475
229,476
229,477
229,478
229,479
229,480
229,481
229,482
229,483
229,484
229,485
229,486
229,487
229,488
229,489
229,490
229,491
229,492
229,493
229,494
229,495
229,496
229,497
229,498
229,499
229,500
229,501
229,502
229,503
229,504
229,505
229,506
229,507
229,537
229,538
229,539
229,540
229,541
229,542
229,543
229,544
229,545
229,546
229,547
229,548
229,549
229,550
229,551
229,552
229,553
229,554
229,555
229,556
229,557
229,558
229,559
229,560
229,561
229,562
229,563
229,564
229,565
229,566
229,567
229,568
229,569
229,570
229,571
229,572
229,573
229,574
229,575
229,576
229,577
229,578
229,579
229,580
229,581
229,582
229,583
229,584
229,585
229,586
229,587
229,588
229,589
229,590
229,591
229,592
229,593
229,594
229,595
229,596
229,597
229,598
229,599
229,600
229,601
229,602
229,603
230,308
230,309
230,310
230,311
230,312
230,313
230,314
230,315
230,316
230,317
230,318
230,319
230,320
230,321
230,322
230,323
230,324
230,325
230,326
230,327
230,328
230,329
230,330
230,331
230,332
230,333
230,334
230,335
230,336
230,337
230,338
230,339
230,340
230,346
230,347
230,348
230,349
230,350
230,351
230,352
230,353
230,354
230,355
230,356
230,357
230,358
230,359
230,360
230,361
230,362
230,363
230,364
230,365
230,366
230,367
230,368
230,369
230,370
230,371
230,372
230,373
230,374
230,375
230,376
230,377
230,378
230,379
230,380
230,381
230,382
230,383
230,384
230,385
230,386
230,387
230,388
230,389
230,390
230,391
230,392
230,393
230,394
230,451
230,452
230,453
230,454
230,455
230,456
230,457
230,458
230,459
230,460
230,461
230,462
230,463
230,464
230,465
230,466
230,467
230,468
230,469
230,470
230,471
230,472
230,473
230,474
230,475
230,476
230,477
230,478
230,479
230,480
230,481
230,482
230,483
230,484
230,485
230,486
230,487
230,488
230,489
230,490
230,491
230,492
230,493
230,494
230,495
230,496
230,497
230,498
230,499
230,500
230,501
230,502
230,503
230,504
230,505
230,506
230,507
230,537
230,538
230,539
230,540
230,541
230,542
230,543
230,544
230,545
230,546
230,547
230,548
230,549
230,550
230,551
230,552
230,553
230,554
230,555
230,556
230,557
230,558
230,559
230,560
230,561
230,562
230,563
230,564
230,565
230,566
230,567
230,568
230,569
230,570
230,571
230,572
230,573
230,574
230,575
230,576
230,577
230,578
230,579
230,580
230,581
230,582
230,583
230,584
230,585
230,586
230,587
230,588
230,589
230,590
230,591
230,592
230,593
230,594
230,595
230,596
230,597
230,598
230,599
230,600
230,601
230,602
230,603
231,309
231,310
231,311
231,312
231,313
231,314
231,315
231,316
231,317
231,318
231,319
231,320
231,321
231,322
231,323
231,324
231,325
231,326
231,327
231,328
231,329
231,330
231,331
231,332
231,333
231,334
231,335
231,336
231,337
231,338
231,339
231,340
231,345
231,346
231,347
231,348
231,349
231,350
231,351
231,352
231,353
231,354
231,355
231,356
231,357
231,358
231,359
231,360
231,361
231,362
231,363
231,364
231,365
231,366
231,367
231,368
231,369
231,370
231,371
231,372
231,373
231,374
231,375
231,376
231,377
231,378
231,379
231,380
231,381
231,382
231,383
231,384
231,385
231,386
231,387
231,388
231,389
231,390
231,391
231,392
231,393
231,394
231,450
231,451
231,452
231,453
231,454
231,455
231,456
231,457
231,458
231,459
231,460
231,461
231,462
231,463
231,464
231,465
231,466
231,467
231,468
231,469
231,470
231,471
231,472
231,473
231,474
231,475
231,476
231,477
231,478
231,479
231,480
231,481
231,482
231,483
231,484
231,485
231,486
231,487
231,488
231,489
231,490
231,491
231,492
231,493
231,494
231,495
231,496
231,497
231,498
231,499
231,500
231,501
231,502
231,503
231,504
231,505
231,506
231,507
231,508
231,538
231,539
231,540
231,541
231,542
231,543
231,544
231,545
231,546
231,547
231,548
231,549
231,550
231,551
231,552
231,553
231,554
231,555
231,556
231,557
231,558
231,559
231,560
231,561
231,562
231,563
231,564
231,565
231,566
231,567
231,568
231,569
231,570
231,571
231,572
231,573
231,574
231,575
231,576
231,577
231,578
231,579
231,580
231,581
231,582
231,583
231,584
231,585
231,586
231,587
231,588
231,589
231,590
231,591
231,592
231,593
231,594
231,595
231,596
231,597
231,598
231,599
231,600
231,601
231,602
232,309
232,310
232,311
232,312
232,313
232,314
232,315
232,316
232,317
232,318
232,319
232,320
232,321
232,322
232,323
232,324
232,325
232,326
232,327
232,328
232,329
232,330
232,331
232,332
232,333
232,334
232,335
232,336
232,337
232,338
232,339
232,340
232,341
232,345
232,346
232,347
232,348
232,349
232,350
232,351
232,352
232,353
232,354
232,355
232,356
232,357
232,358
232,359
232,360
232,361
232,362
232,363
232,364
232,365
232,366
232,367
232,368
232,369
232,370
232,371
232,372
232,373
232,374
232,375
232,376
232,377
232,378
232,379
232,380
232,381
232,382
232,383
232,384
232,385
232,386
232,387
232,388
232,389
232,390
232,391
232,392
232,393
232,450
232,451
232,452
232,453
232,454
232,455
232,456
232,457
232,458
232,459
232,460
232,461
232,462
232,463
232,464
232,465
232,466
232,467
232,468
232,469
232,470
232,471
232,472
232,473
232,474
232,475
232,476
232,477
232,478
232,479
232,480
232,481
232,482
232,483
232,484
232,485
232,486
232,487
232,488
232,489
232,490
232,491
232,492
232,493
232,494
232,495
232,496
232,497
232,498
232,499
232,500
232,501
232,502
232,503
232,504
232,505
232,506
232,507
232,508
232,538
232,539
232,540
232,541
232,542
232,543
232,544
232,545
232,546
232,547
232,548
232,549
232,550
232,551
232,552
232,553
232,554
232,555
232,556
232,557
232,558
232,559
232,560
232,561
232,562
232,563
232,564
232,565
232,566
232,567
232,568
232,569
232,570
232,571
232,572
232,573
232,574
232,575
232,576
232,577
232,578
232,579
232,580
232,581
232,582
232,583
232,584
232,585
232,586
232,587
232,588
232,589
232,590
232,591
232,592
232,593
232,594
232,595
232,596
232,597
232,598
232,599
232,600
232,601
232,602
233,309
233,310
233,311
233,312
233,313
233,314
233,315
233,316
233,317
233,318
233,319
233,320
233,321
233,322
233,323
233,324
233,325
233,326
233,327
233,328
233,329
233,330
233,331
233,332
233,333
233,334
233,335
233,336
233,337
233,338
233,339
233,340
233,341
233,345
233,346
233,347
233,348
233,349
233,350
233,351
233,352
233,353
233,354
233,355
233,356
233,357
233,358
233,359
233,360
233,361
233,362
233,363
233,364
233,365
233,366
233,367
233,368
233,369
233,370
233,371
233,372
233,373
233,374
233,375
233,376
233,377
233,378
233,379
233,380
233,381
233,382
233,383
233,384
233,385
233,386
233,387
233,388
233,389
233,390
233,391
233,392
233,393
233,449
233,450
233,451
233,452
233,453
233,454
233,455
233,456
233,457
233,458
233,459
233,460
233,461
233,462
233,463
233,464
233,465
233,466
233,467
233,468
233,469
233,470
233,471
233,472
233,473
233,474
233,475
233,476
233,477
233,478
233,479
233,480
233,481
233,482
233,483
233,484
233,485
233,486
233,487
233,488
233,489
233,490
233,491
233,492
233,493
233,494
233,495
233,496
233,497
233,498
233,499
233,500
233,501
233,502
233,503
233,504
233,505
233,506
233,507
233,508
233,509
233,538
233,539
233,540
233,541
233,542
233,543
233,544
233,545
233,546
233,547
233,548
233,549
233,550
233,551
233,552
233,553
233,554
233,555
233,556
233,557
233,558
233,559
233,560
233,561
233,562
233,563
233,564
233,565
233,566
233,567
233,568
233,569
233,570
233,571
233,572
233,573
233,574
233,575
233,576
233,577
233,578
233,579
233,580
233,581
233,582
233,583
233,584
233,585
233,586
233,587
233,588
233,589
233,590
233,591
233,592
233,593
233,594
233,595
233,596
233,597
233,598
233,599
233,600
233,601
233,602
234,310
234,311
234,312
234,313
234,314
234,315
234,316
234,317
234,318
234,319
234,320
234,321
234,322
234,323
234,324
234,325
234,326
234,327
234,328
234,329
234,330
234,331
234,332
234,333
234,334
234,335
234,336
234,337
234,338
234,339
234,340
234,341
234,342
234,344
234,345
234,346
234,347
234,348
234,349
234,350
234,351
234,352
234,353
234,354
234,355
234,356
234,357
234,358
234,359
234,360
234,361
234,362
234,363
234,364
234,365
234,366
234,367
234,368
234,369
234,370
234,371
234,372
234,373
234,374
234,375
234,376
234,377
234,378
234,379
234,380
234,381
234,382
234,383
234,384
234,385
234,386
234,387
234,388
234,389
234,390
234,391
234,392
234,449
234,450
234,451
234,452
234,453
234,454
234,455
234,456
234,457
234,458
234,459
234,460
234,461
234,462
234,463
234,464
234,465
234,466
234,467
234,468
234,469
234,470
234,471
234,472
234,473
234,474
234,475
234,476
234,477
234,478
234,479
234,480
234,481
234,482
234,483
234,484
234,485
234,486
234,487
234,488
234,489
234,490
234,491
234,492
234,493
234,494
234,495
234,496
234,497
234,498
234,499
234,500
234,501
234,502
234,503
234,504
234,505
234,506
234,507
234,508
234,509
234,538
234,539
234,540
234,541
234,542
234,543
234,544
234,545
234,546
234,547
234,548
234,549
234,550
234,551
234,552
234,553
234,554
234,555
234,556
234,557
234,558
234,559
234,560
234,561
234,562
234,563
234,564
234,565
234,566
234,567
234,568
234,569
234,570
234,571
234,572
234,573
234,574
234,575
234,576
234,577
234,578
234,579
234,580
234,581
234,582
234,583
234,584
234,585
234,586
234,587
234,588
234,589
234,590
234,591
234,592
234,593
234,594
234,595
234,596
234,597
234,598
234,599
234,600
234,601
234,602
235,310
235,311
235,312
235,313
235,314
235,315
235,316
235,317
235,318
235,319
235,320
235,321
235,322
235,323
235,324
235,325
235,326
235,327
235,328
235,329
235,330
235,331
235,332
235,333
235,334
235,335
235,336
235,337
235,338
235,339
235,340
235,341
235,342
235,344
235,345
235,346
235,347
235,348
235,349
235,350
235,351
235,352
235,353
235,354
235,355
235,356
235,357
235,358
235,359
235,360
235,361
235,362
235,363
235,364
235,365
235,366
235,367
235,368
235,369
235,370
235,371
235,372
235,373
235,374
235,375
235,376
235,377
235,378
235,379
235,380
235,381
235,382
235,383
235,384
235,385
235,386
235,387
235,388
235,389
235,390
235,391
235,392
235,449
235,450
235,451
235,452
235,453
235,454
235,455
235,456
235,457
235,458
235,459
235,460
235,461
235,462
235,463
235,464
235,465
235,466
235,467
235,468
235,469
235,470
235,471
235,472
235,473
235,474
235,475
235,476
235,477
235,478
235,479
235,480
235,481
235,482
235,483
235,484
235,485
235,486
235,487
235,488
235,489
235,490
235,491
235,492
235,493
235,494
235,495
235,496
235,497
235,498
235,499
235,500
235,501
235,502
235,503
235,504
235,505
235,506
235,507
235,508
235,509
235,539
235,540
235,541
235,542
235,543
235,544
235,545
235,546
235,547
235,548
235,549
235,550
235,551
235,552
235,553
235,554
235,555
235,556
235,557
235,558
235,559
235,560
235,561
235,562
235,563
235,564
235,565
235,566
235,567
235,568
235,569
235,570
235,571
235,572
235,573
235,574
235,575
235,576
235,577
235,578
235,579
235,580
235,581
235,582
235,583
235,584
235,585
235,586
235,587
235,588
235,589
235,590
235,591
235,592
235,593
235,594
235,595
235,596
235,597
235,598
235,599
235,600
235,601
236,311
236,312
236,313
236,314
236,315
236,316
236,317
236,318
236,319
236,320
236,321
236,322
236,323
236,324
236,325
236,326
236,327
236,328
236,329
236,330
236,331
236,332
236,333
236,334
236,335
236,336
236,337
236,338
236,339
236,340
236,341
236,342
236,343
236,344
236,345
236,346
236,347
236,348
236,349
236,350
236,351
236,352
236,353
236,354
236,355
236,356
236,357
236,358
236,359
236,360
236,361
236,362
236,363
236,364
236,365
236,366
236,367
236,368
236,369
236,370
236,371
236,372
236,373
236,374
236,375
236,376
236,377
236,378
236,379
236,380
236,381
236,382
236,383
236,384
236,385
236,386
236,387
236,388
236,389
236,390
236,391
236,448
236,449
236,450
236,451
236,452
236,453
236,454
236,455
236,456
236,457
236,458
236,459
236,460
236,461
236,462
236,463
236,464
236,465
236,466
236,467
236,468
236,469
236,470
236,471
236,472
236,473
236,474
236,475
236,476
236,477
236,478
236,479
236,480
236,481
236,482
236,483
236,484
236,485
236,486
236,487
236,488
236,489
236,490
236,491
236,492
236,493
236,494
236,495
236,496
236,497
236,498
236,499
236,500
236,501
236,502
236,503
236,504
236,505
236,506
236,507
236,508
236,509
236,510
236,539
236,540
236,541
236,542
236,543
236,544
236,545
236,546
236,547
236,548
236,549
236,550
236,551
236,552
236,553
236,554
236,555
236,556
236,557
236,558
236,559
236,560
236,561
236,562
236,563
236,564
236,565
236,566
236,567
236,568
236,569
236,570
236,571
236,572
236,573
236,574
236,575
236,576
236,577
236,578
236,579
236,580
236,581
236,582
236,583
236,584
236,585
236,586
236,587
236,588
236,589
236,590
236,591
236,592
236,593
236,594
236,595
236,596
236,597
236,598
236,599
236,600
236,601
237,312
237,313
237,314
237,315
237,316
237,317
237,318
237,319
237,320
237,321
237,322
237,323
237,324
237,325
237,326
237,327
237,328
237,329
237,330
237,331
237,332
237,333
237,334
237,335
237,336
237,337
237,338
237,339
237,340
237,341
237,342
237,343
237,344
237,345
237,346
237,347
237,348
237,349
237,350
237,351
237,352
237,353
237,354
237,355
237,356
237,357
237,358
237,359
237,360
237,361
237,362
237,363
237,364
237,365
237,366
237,367
237,368
237,369
237,370
237,371
237,372
237,373
237,374
237,375
237,376
237,377
237,378
237,379
237,380
237,381
237,382
237,383
237,384
237,385
237,386
237,387
237,388
237,389
237,390
237,391
237,448
237,449
237,450
237,451
237,452
237,453
237,454
237,455
237,456
237,457
237,458
237,459
237,460
237,461
237,462
237,463
237,464
237,465
237,466
237,467
237,468
237,469
237,470
237,471
237,472
237,473
237,474
237,475
237,476
237,477
237,478
237,479
237,480
237,481
237,482
237,483
237,484
237,485
237,486
237,487
237,488
237,489
237,490
237,491
237,492
237,493
237,494
237,495
237,496
237,497
237,498
237,499
237,500
237,501
237,502
237,503
237,504
237,505
237,506
237,507
237,508
237,509
237,510
237,539
237,540
237,541
237,542
237,543
237,544
237,545
237,546
237,547
237,548
237,549
237,550
237,551
237,552
237,553
237,554
237,555
237,556
237,557
237,558
237,559
237,560
237,561
237,562
237,563
237,564
237,565
237,566
237,567
237,568
237,569
237,570
237,571
237,572
237,573
237,574
237,575
237,576
237,577
237,578
237,579
237,580
237,581
237,582
237,583
237,584
237,585
237,586
237,587
237,588
237,589
237,590
237,591
237,592
237,593
237,594
237,595
237,596
237,597
237,598
237,599
237,600
237,601
238,312
238,313
238,314
238,315
238,316
238,317
238,318
238,319
238,320
238,321
238,322
238,323
238,324
238,325
238,326
238,327
238,328
238,329
238,330
238,331
238,332
238,333
238,334
238,335
238,336
238,337
238,338
238,339
238,340
238,341
238,342
238,344
238,345
238,346
238,347
238,348
238,349
238,350
238,351
238,352
238,353
238,354
238,355
238,356
238,357
238,358
238,359
238,360
238,361
238,362
238,363
238,364
238,365
238,366
238,367
238,368
238,369
238,370
238,371
238,372
238,373
238,374
238,375
238,376
238,377
238,378
238,379
238,380
238,381
238,382
238,383
238,384
238,385
238,386
238,387
238,388
238,389
238,390
238,448
238,449
238,450
238,451
238,452
238,453
238,454
238,455
238,456
238,457
238,458
238,459
238,460
238,461
238,462
238,463
238,464
238,465
238,466
238,467
238,468
238,469
238,470
238,471
238,472
238,473
238,474
238,475
238,476
238,477
238,478
238,479
238,480
238,481
238,482
238,483
238,484
238,485
238,486
238,487
238,488
238,489
238,490
238,491
238,492
238,493
238,494
238,495
238,496
238,497
238,498
238,499
238,500
238,501
238,502
238,503
238,504
238,505
238,506
238,507
238,508
238,509
238,510
238,540
238,541
238,542
238,543
238,544
238,545
238,546
238,547
238,548
238,549
238,550
238,551
238,552
238,553
238,554
238,555
238,556
238,557
238,558
238,559
238,560
238,561
238,562
238,563
238,564
238,565
238,566
238,567
238,568
238,569
238,570
238,571
238,572
238,573
238,574
238,575
238,576
238,577
238,578
238,579
238,580
238,581
238,582
238,583
238,584
238,585
238,586
238,587
238,588
238,589
238,590
238,591
238,592
238,593
238,594
238,595
238,596
238,597
238,598
238,599
238,600
239,313
239,314
239,315
239,316
239,317
239,318
239,319
239,320
239,321
239,322
239,323
239,324
239,325
239,326
239,327
239,328
239,329
239,330
239,331
239,332
239,333
239,334
239,335
239,336
239,337
239,338
239,339
239,340
239,341
239,345
239,346
239,347
239,348
239,349
239,350
239,351
239,352
239,353
239,354
239,355
239,356
239,357
239,358
239,359
239,360
239,361
239,362
239,363
239,364
239,365
239,366
239,367
239,368
239,369
239,370
239,371
239,372
239,373
239,374
239,375
239,376
239,377
239,378
239,379
239,380
239,381
239,382
239,383
239,384
239,385
239,386
239,387
239,388
239,389
239,448
239,449
239,450
239,451
239,452
239,453
239,454
239,455
239,456
239,457
239,458
239,459
239,460
239,461
239,462
239,463
239,464
239,465
239,466
239,467
239,468
239,469
239,470
239,471
239,472
239,473
239,474
239,475
239,476
239,477
239,478
239,479
239,480
239,481
239,482
239,483
239,484
239,485
239,486
239,487
239,488
239,489
239,490
239,491
239,492
239,493
239,494
239,495
239,496
239,497
239,498
239,499
239,500
239,501
239,502
239,503
239,504
239,505
239,506
239,507
239,508
239,509
239,510
239,540
239,541
239,542
239,543
239,544
239,545
239,546
239,547
239,548
239,549
239,550
239,551
239,552
239,553
239,554
239,555
239,556
239,557
239,558
239,559
239,560
239,561
239,562
239,563
239,564
239,565
239,566
239,567
239,568
239,569
239,570
239,571
239,572
239,573
239,574
239,575
239,576
239,577
239,578
239,579
239,580
239,581
239,582
239,583
239,584
239,585
239,586
239,587
239,588
239,589
239,590
239,591
239,592
239,593
239,594
239,595
239,596
239,597
239,598
239,599
239,600
240,314
240,315
240,316
240,317
240,318
240,319
240,320
240,321
240,322
240,323
240,324
240,325
240,326
240,327
240,328
240,329
240,330
240,331
240,332
240,333
240,334
240,335
240,336
240,337
240,338
240,339
240,340
240,346
240,347
240,348
240,349
240,350
240,351
240,352
240,353
240,354
240,355
240,356
240,357
240,358
240,359
240,360
240,361
240,362
240,363
240,364
240,365
240,366
240,367
240,368
240,369
240,370
240,371
240,372
240,373
240,374
240,375
240,376
240,377
240,378
240,379
240,380
240,381
240,382
240,383
240,384
240,385
240,386
240,387
240,388
240,447
240,448
240,449
240,450
240,451
240,452
240,453
240,454
240,455
240,456
240,457
240,458
240,459
240,460
240,461
240,462
240,463
240,464
240,465
240,466
240,467
240,468
240,469
240,470
240,471
240,472
240,473
240,474
240,475
240,476
240,477
240,478
240,479
240,480
240,481
240,482
240,483
240,484
240,485
240,486
240,487
240,488
240,489
240,490
240,491
240,492
240,493
240,494
240,495
240,496
240,497
240,498
240,499
240,500
240,501
240,502
240,503
240,504
240,505
240,506
240,507
240,508
240,509
240,510
240,511
240,541
240,542
240,543
240,544
240,545
240,546
240,547
240,548
240,549
240,550
240,551
240,552
240,553
240,554
240,555
240,556
240,557
240,558
240,559
240,560
240,561
240,562
240,563
240,564
240,565
240,566
240,567
240,568
240,569
240,570
240,571
240,572
240,573
240,574
240,575
240,576
240,577
240,578
240,579
240,580
240,581
240,582
240,583
240,584
240,585
240,586
240,587
240,588
240,589
240,590
240,591
240,592
240,593
240,594
240,595
240,596
240,597
240,598
240,599
241,315
241,316
241,317
241,318
241,319
241,320
241,321
241,322
241,323
241,324
241,325
241,326
241,327
241,328
241,329
241,330
241,331
241,332
241,333
241,334
241,335
241,336
241,337
241,338
241,339
241,346
241,347
241,348
241,349
241,350
241,351
241,352
241,353
241,354
241,355
241,356
241,357
241,358
241,359
241,360
241,361
241,362
241,363
241,364
241,365
241,366
241,367
241,368
241,369
241,370
241,371
241,372
241,373
241,374
241,375
241,376
241,377
241,378
241,379
241,380
241,381
241,382
241,383
241,384
241,385
241,386
241,387
241,388
241,447
241,448
241,449
241,450
241,451
241,452
241,453
241,454
241,455
241,456
241,457
241,458
241,459
241,460
241,461
241,462
241,463
241,464
241,465
241,466
241,467
241,468
241,469
241,470
241,471
241,472
241,473
241,474
241,475
241,476
241,477
241,478
241,479
241,480
241,481
241,482
241,483
241,484
241,485
241,486
241,487
241,488
241,489
241,490
241,491
241,492
241,493
241,494
241,495
241,496
241,497
241,498
241,499
241,500
241,501
241,502
241,503
241,504
241,505
241,506
241,507
241,508
241,509
241,510
241,511
241,541
241,542
241,543
241,544
241,545
241,546
241,547
241,548
241,549
241,550
241,551
241,552
241,553
241,554
241,555
241,556
241,557
241,558
241,559
241,560
241,561
241,562
241,563
241,564
241,565
241,566
241,567
241,568
241,569
241,570
241,571
241,572
241,573
241,574
241,575
241,576
241,577
241,578
241,579
241,580
241,581
241,582
241,583
241,584
241,585
241,586
241,587
241,588
241,589
241,590
241,591
241,592
241,593
241,594
241,595
241,596
241,597
241,598
241,599
242,317
242,318
242,319
242,320
242,321
242,322
242,323
242,324
242,325
242,326
242,327
242,328
242,329
242,330
242,331
242,332
242,333
242,334
242,335
242,336
242,337
242,347
242,348
242,349
242,350
242,351
242,352
242,353
242,354
242,355
242,356
242,357
242,358
242,359
242,360
242,361
242,362
242,363
242,364
242,365
242,366
242,367
242,368
242,369
242,370
242,371
242,372
242,373
242,374
242,375
242,376
242,377
242,378
242,379
242,380
242,381
242,382
242,383
242,384
242,385
242,386
242,387
242,447
242,448
242,449
242,450
242,451
242,452
242,453
242,454
242,455
242,456
242,457
242,458
242,459
242,460
242,461
242,462
242,463
242,464
242,465
242,466
242,467
242,468
242,469
242,470
242,471
242,472
242,473
242,474
242,475
242,476
242,477
242,478
242,479
242,480
242,481
242,482
242,483
242,484
242,485
242,486
242,487
242,488
242,489
242,490
242,491
242,492
242,493
242,494
242,495
242,496
242,497
242,498
242,499
242,500
242,501
242,502
242,503
242,504
242,505
242,506
242,507
242,508
242,509
242,510
242,511
242,542
242,543
242,544
242,545
242,546
242,547
242,548
242,549
242,550
242,551
242,552
242,553
242,554
242,555
242,556
242,557
242,558
242,559
242,560
242,561
242,562
242,563
242,564
242,565
242,566
242,567
242,568
242,569
242,570
242,571
242,572
242,573
242,574
242,575
242,576
242,577
242,578
242,579
242,580
242,581
242,582
242,583
242,584
242,585
242,586
242,587
242,588
242,589
242,590
242,591
242,592
242,593
242,594
242,595
242,596
242,597
242,598
243,318
243,319
243,320
243,321
243,322
243,323
243,324
243,325
243,326
243,327
243,328
243,329
243,330
243,331
243,332
243,333
243,334
243,335
243,336
243,348
243,349
243,350
243,351
243,352
243,353
243,354
243,355
243,356
243,357
243,358
243,359
243,360
243,361
243,362
243,363
243,364
243,365
243,366
243,367
243,368
243,369
243,370
243,371
243,372
243,373
243,374
243,375
243,376
243,377
243,378
243,379
243,380
243,381
243,382
243,383
243,384
243,385
243,386
243,447
243,448
243,449
243,450
243,451
243,452
243,453
243,454
243,455
243,456
243,457
243,458
243,459
243,460
243,461
243,462
243,463
243,464
243,465
243,466
243,467
243,468
243,469
243,470
243,471
243,472
243,473
243,474
243,475
243,476
243,477
243,478
243,479
243,480
243,481
243,482
243,483
243,484
243,485
243,486
243,487
243,488
243,489
243,490
243,491
243,492
243,493
243,494
243,495
243,496
243,497
243,498
243,499
243,500
243,501
243,502
243,503
243,504
243,505
243,506
243,507
243,508
243,509
243,510
243,511
243,542
243,543
243,544
243,545
243,546
243,547
243,548
243,549
243,550
243,551
243,552
243,553
243,554
243,555
243,556
243,557
243,558
243,559
243,560
243,561
243,562
243,563
243,564
243,565
243,566
243,567
243,568
243,569
243,570
243,571
243,572
243,573
243,574
243,575
243,576
243,577
243,578
243,579
243,580
243,581
243,582
243,583
243,584
243,585
243,586
243,587
243,588
243,589
243,590
243,591
243,592
243,593
243,594
243,595
243,596
243,597
243,598
244,320
244,321
244,322
244,323
244,324
244,325
244,326
244,327
244,328
244,329
244,330
244,331
244,332
244,333
244,334
244,350
244,351
244,352
244,353
244,354
244,355
244,356
244,357
244,358
244,359
244,360
244,361
244,362
244,363
244,364
244,365
244,366
244,367
244,368
244,369
244,370
244,371
244,372
244,373
244,374
244,375
244,376
244,377
244,378
244,379
244,380
244,381
244,382
244,383
244,384
244,447
244,448
244,449
244,450
244,451
244,452
244,453
244,454
244,455
244,456
244,457
244,458
244,459
244,460
244,461
244,462
244,463
244,464
244,465
244,466
244,467
244,468
244,469
244,470
244,471
244,472
244,473
244,474
244,475
244,476
244,477
244,478
244,479
244,480
244,481
244,482
244,483
244,484
244,485
244,486
244,487
244,488
244,489
244,490
244,491
244,492
244,493
244,494
244,495
244,496
244,497
244,498
244,499
244,500
244,501
244,502
244,503
244,504
244,505
244,506
244,507
244,508
244,509
244,510
244,511
244,543
244,544
244,545
244,546
244,547
244,548
244,549
244,550
244,551
244,552
244,553
244,554
244,555
244,556
244,557
244,558
244,559
244,560
244,561
244,562
244,563
244,564
244,565
244,566
244,567
244,568
244,569
244,570
244,571
244,572
244,573
244,574
244,575
244,576
244,577
244,578
244,579
244,580
244,581
244,582
244,583
244,584
244,585
244,586
244,587
244,588
244,589
244,590
244,591
244,592
244,593
244,594
244,595
244,596
244,597
245,323
245,324
245,325
245,326
245,327
245,328
245,329
245,330
245,331
245,351
245,352
245,353
245,354
245,355
245,356
245,357
245,358
245,359
245,360
245,361
245,362
245,363
245,364
245,365
245,366
245,367
245,368
245,369
245,370
245,371
245,372
245,373
245,374
245,375
245,376
245,377
245,378
245,379
245,380
245,381
245,382
245,383
245,447
245,448
245,449
245,450
245,451
245,452
245,453
245,454
245,455
245,456
245,457
245,458
245,459
245,460
245,461
245,462
245,463
245,464
245,465
245,466
245,467
245,468
245,469
245,470
245,471
245,472
245,473
245,474
245,475
245,476
245,477
245,478
245,479
245,480
245,481
245,482
245,483
245,484
245,485
245,486
245,487
245,488
245,489
245,490
245,491
245,492
245,493
245,494
245,495
245,496
245,497
245,498
245,499
245,500
245,501
245,502
245,503
245,504
245,505
245,506
245,507
245,508
245,509
245,510
245,511
245,544
245,545
245,546
245,547
245,548
245,549
245,550
245,551
245,552
245,553
245,554
245,555
245,556
245,557
245,558
245,559
245,560
245,561
245,562
245,563
245,564
245,565
245,566
245,567
245,568
245,569
245,570
245,571
245,572
245,573
245,574
245,575
245,576
245,577
245,578
245,579
245,580
245,581
245,582
245,583
245,584
245,585
245,586
245,587
245,588
245,589
245,590
245,591
245,592
245,593
245,594
245,595
245,596
246,352
246,353
246,354
246,355
246,356
246,357
246,358
246,359
246,360
246,361
246,362
246,363
246,364
246,365
246,366
246,367
246,368
246,369
246,370
246,371
246,372
246,373
246,374
246,375
246,376
246,377
246,378
246,379
246,380
246,381
246,382
246,447
246,448
246,449
246,450
246,451
246,452
246,453
246,454
246,455
246,456
246,457
246,458
246,459
246,460
246,461
246,462
246,463
246,464
246,465
246,466
246,467
246,468
246,469
246,470
246,471
246,472
246,473
246,474
246,475
246,476
246,477
246,478
246,479
246,480
246,481
246,482
246,483
246,484
246,485
246,486
246,487
246,488
246,489
246,490
246,491
246,492
246,493
246,494
246,495
246,496
246,497
246,498
246,499
246,500
246,501
246,502
246,503
246,504
246,505
246,506
246,507
246,508
246,509
246,510
246,511
246,545
246,546
246,547
246,548
246,549
246,550
246,551
246,552
246,553
246,554
246,555
246,556
246,557
246,558
246,559
246,560
246,561
246,562
246,563
246,564
246,565
246,566
246,567
246,568
246,569
246,570
246,571
246,572
246,573
246,574
246,575
246,576
246,577
246,578
246,579
246,580
246,581
246,582
246,583
246,584
246,585
246,586
246,587
246,588
246,589
246,590
246,591
246,592
246,593
246,594
246,595
247,354
247,355
247,356
247,357
247,358
247,359
247,360
247,361
247,362
247,363
247,364
247,365
247,366
247,367
247,368
247,369
247,370
247,371
247,372
247,373
247,374
247,375
247,376
247,377
247,378
247,379
247,380
247,447
247,448
247,449
247,450
247,451
247,452
247,453
247,454
247,455
247,456
247,457
247,458
247,459
247,460
247,461
247,462
247,463
247,464
247,465
247,466
247,467
247,468
247,469
247,470
247,471
247,472
247,473
247,474
247,475
247,476
247,477
247,478
247,479
247,480
247,481
247,482
247,483
247,484
247,485
247,486
247,487
247,488
247,489
247,490
247,491
247,492
247,493
247,494
247,495
247,496
247,497
247,498
247,499
247,500
247,501
247,502
247,503
247,504
247,505
247,506
247,507
247,508
247,509
247,510
247,511
247,545
247,546
247,547
247,548
247,549
247,550
247,551
247,552
247,553
247,554
247,555
247,556
247,557
247,558
247,559
247,560
247,561
247,562
247,563
247,564
247,565
247,566
247,567
247,568
247,569
247,570
247,571
247,572
247,573
247,574
247,575
247,576
247,577
247,578
247,579
247,580
247,581
247,582
247,583
247,584
247,585
247,586
247,587
247,588
247,589
247,590
247,591
247,592
247,593
247,594
247,595
248,356
248,357
248,358
248,359
248,360
248,361
248,362
248,363
248,364
248,365
248,366
248,367
248,368
248,369
248,370
248,371
248,372
248,373
248,374
248,375
248,376
248,377
248,378
248,447
248,448
248,449
248,450
248,451
248,452
248,453
248,454
248,455
248,456
248,457
248,458
248,459
248,460
248,461
248,462
248,463
248,464
248,465
248,466
248,467
248,468
248,469
248,470
248,471
248,472
248,473
248,474
248,475
248,476
248,477
248,478
248,479
248,480
248,481
248,482
248,483
248,484
248,485
248,486
248,487
248,488
248,489
248,490
248,491
248,492
248,493
248,494
248,495
248,496
248,497
248,498
248,499
248,500
248,501
248,502
248,503
248,504
248,505
248,506
248,507
248,508
248,509
248,510
248,511
248,546
248,547
248,548
248,549
248,550
248,551
248,552
248,553
248,554
248,555
248,556
248,557
248,558
248,559
248,560
248,561
248,562
248,563
248,564
248,565
248,579
248,580
248,581
248,582
248,583
248,584
248,585
248,586
248,587
248,588
248,589
248,590
248,591
248,592
248,593
248,594
249,358
249,359
249,360
249,361
249,362
249,363
249,364
249,365
249,366
249,367
249,368
249,369
249,370
249,371
249,372
249,373
249,374
249,375
249,376
249,447
249,448
249,449
249,450
249,451
249,452
249,453
249,454
249,455
249,456
249,457
249,458
249,459
249,460
249,461
249,462
249,463
249,464
249,465
249,466
249,467
249,468
249,469
249,470
249,471
249,472
249,473
249,474
249,475
249,476
249,477
249,478
249,479
249,480
249,481
249,482
249,483
249,484
249,485
249,486
249,487
249,488
249,489
249,490
249,491
249,492
249,493
249,494
249,495
249,496
249,497
249,498
249,499
249,500
249,501
249,502
249,503
249,504
249,505
249,506
249,507
249,508
249,509
249,510
249,511
249,512
249,513
249,514
249,515
249,516
249,547
249,548
249,549
249,550
249,551
249,552
249,553
249,554
249,555
249,556
249,557
249,558
249,559
249,560
249,584
249,585
249,586
249,587
249,588
249,589
249,590
249,591
249,592
249,593
250,362
250,363
250,364
250,365
250,366
250,367
250,368
250,369
250,370
250,371
250,372
250,447
250,448
250,449
250,450
250,451
250,452
250,453
250,454
250,455
250,456
250,457
250,458
250,459
250,460
250,461
250,462
250,463
250,464
250,465
250,466
250,467
250,468
250,469
250,470
250,471
250,472
250,473
250,474
250,475
250,476
250,477
250,478
250,479
250,480
250,481
250,482
250,483
250,484
250,485
250,486
250,487
250,488
250,489
250,490
250,491
250,492
250,493
250,494
250,495
250,496
250,497
250,498
250,499
250,500
250,501
250,502
250,503
250,504
250,505
250,511
250,512
250,513
250,514
250,515
250,516
250,517
250,518
250,519
250,520
250,548
250,549
250,550
250,551
250,552
250,553
250,554
250,555
250,556
250,557
250,587
250,588
250,589
250,590
250,591
250,592
251,448
251,449
251,450
251,451
251,452
251,453
251,454
251,455
251,456
251,457
251,458
251,459
251,460
251,461
251,462
251,463
251,464
251,465
251,466
251,467
251,468
251,469
251,470
251,471
251,472
251,473
251,474
251,475
251,476
251,477
251,478
251,479
251,480
251,481
251,482
251,483
251,484
251,485
251,486
251,487
251,488
251,489
251,490
251,491
251,492
251,493
251,494
251,495
251,496
251,497
251,498
251,499
251,500
251,501
251,510
251,511
251,512
251,513
251,514
251,515
251,516
251,517
251,518
251,519
251,520
251,521
251,522
251,523
251,550
251,551
251,552
251,553
251,554
251,555
251,589
251,590
251,591
252,448
252,449
252,450
252,451
252,452
252,453
252,454
252,455
252,456
252,457
252,458
252,459
252,460
252,461
252,462
252,463
252,464
252,465
252,466
252,467
252,468
252,469
252,470
252,471
252,472
252,473
252,474
252,475
252,476
252,477
252,478
252,479
252,480
252,481
252,482
252,483
252,484
252,485
252,486
252,487
252,488
252,489
252,490
252,491
252,492
252,493
252,494
252,495
252,496
252,497
252,498
252,510
252,511
252,512
252,513
252,514
252,515
252,516
252,517
252,518
252,519
252,520
252,521
252,522
252,523
252,524
252,525
252,551
252,552
252,589
252,590
252,591
252,592
252,593
253,448
253,449
253,450
253,451
253,452
253,453
253,454
253,455
253,456
253,457
253,458
253,459
253,460
253,461
253,462
253,463
253,464
253,465
253,466
253,467
253,468
253,469
253,470
253,471
253,472
253,473
253,474
253,475
253,476
253,477
253,478
253,479
253,480
253,481
253,482
253,483
253,484
253,485
253,486
253,487
253,488
253,489
253,490
253,491
253,492
253,493
253,494
253,495
253,496
253,510
253,511
253,512
253,513
253,514
253,515
253,516
253,517
253,518
253,519
253,520
253,521
253,522
253,523
253,524
253,525
253,526
253,527
253,550
253,551
253,552
253,553
253,587
253,588
253,589
253,590
253,591
253,592
253,593
253,594
254,448
254,449
254,450
254,451
254,452
254,453
254,454
254,455
254,456
254,457
254,458
254,459
254,460
254,461
254,462
254,463
254,464
254,465
254,466
254,467
254,468
254,469
254,470
254,471
254,472
254,473
254,474
254,475
254,476
254,477
254,478
254,479
254,480
254,481
254,482
254,483
254,484
254,485
254,486
254,487
254,488
254,489
254,490
254,491
254,492
254,493
254,494
254,510
254,511
254,512
254,513
254,514
254,515
254,516
254,517
254,518
254,519
254,520
254,521
254,522
254,523
254,524
254,525
254,526
254,527
254,528
254,529
254,548
254,549
254,550
254,551
254,552
254,553
254,554
254,555
254,585
254,586
254,587
254,588
254,589
254,590
254,591
254,592
254,593
254,594
254,595
254,596
255,449
255,450
255,451
255,452
255,453
255,454
255,455
255,456
255,457
255,458
255,459
255,460
255,461
255,462
255,463
255,464
255,465
255,466
255,467
255,468
255,469
255,470
255,471
255,472
255,473
255,474
255,475
255,476
255,477
255,478
255,479
255,480
255,481
255,482
255,483
255,484
255,485
255,486
255,487
255,488
255,489
255,490
255,491
255,492
255,509
255,510
255,511
255,512
255,513
255,514
255,515
255,516
255,517
255,518
255,519
255,520
255,521
255,522
255,523
255,524
255,525
255,526
255,527
255,528
255,529
255,530
255,547
255,548
255,549
255,550
255,551
255,552
255,553
255,554
255,555
255,556
255,557
255,583
255,584
255,585
255,586
255,587
255,588
255,589
255,590
255,591
255,592
255,593
255,594
255,595
255,596
255,597
256,449
256,450
256,451
256,452
256,453
256,454
256,455
256,456
256,457
256,458
256,459
256,460
256,461
256,462
256,463
256,464
256,465
256,466
256,467
256,468
256,469
256,470
256,471
256,472
256,473
256,474
256,475
256,476
256,477
256,478
256,479
256,480
256,481
256,482
256,483
256,484
256,485
256,486
256,487
256,488
256,489
256,490
256,491
256,509
256,510
256,511
256,512
256,513
256,514
256,515
256,516
256,517
256,518
256,519
256,520
256,521
256,522
256,523
256,524
256,525
256,526
256,527
256,528
256,529
256,530
256,531
256,546
256,547
256,548
256,549
256,550
256,551
256,552
256,553
256,554
256,555
256,556
256,557
256,558
256,559
256,560
256,580
256,581
256,582
256,583
256,584
256,585
256,586
256,587
256,588
256,589
256,590
256,591
256,592
256,593
256,594
256,595
256,596
256,597
256,598
257,449
257,450
257,451
257,452
257,453
257,454
257,455
257,456
257,457
257,458
257,459
257,460
257,461
257,462
257,463
257,464
257,465
257,466
257,467
257,468
257,469
257,470
257,471
257,472
257,473
257,474
257,475
257,476
257,477
257,478
257,479
257,480
257,481
257,482
257,483
257,484
257,485
257,486
257,487
257,488
257,489
257,490
257,509
257,510
257,511
257,512
257,513
257,514
257,515
257,516
257,517
257,518
257,519
257,520
257,521
257,522
257,523
257,524
257,525
257,526
257,527
257,528
257,529
257,530
257,531
257,532
257,533
257,544
257,545
257,546
257,547
257,548
257,549
257,550
257,551
257,552
257,553
257,554
257,555
257,556
257,557
257,558
257,559
257,560
257,561
257,562
257,563
257,564
257,576
257,577
257,578
257,579
257,580
257,581
257,582
257,583
257,584
257,585
257,586
257,587
257,588
257,589
257,590
257,591
257,592
257,593
257,594
257,595
257,596
257,597
257,598
257,599
257,600
258,450
258,451
258,452
258,453
258,454
258,455
258,456
258,457
258,458
258,459
258,460
258,461
258,462
258,463
258,464
258,465
258,466
258,467
258,468
258,469
258,470
258,471
258,472
258,473
258,474
258,475
258,476
258,477
258,478
258,479
258,480
258,481
258,482
258,483
258,484
258,485
258,486
258,487
258,488
258,508
258,509
258,510
258,511
258,512
258,513
258,514
258,515
258,516
258,517
258,518
258,519
258,520
258,521
258,522
258,523
258,524
258,525
258,526
258,527
258,528
258,529
258,530
258,531
258,532
258,533
258,534
258,543
258,544
258,545
258,546
258,547
258,548
258,549
258,550
258,551
258,552
258,553
258,554
258,555
258,556
258,557
258,558
258,559
258,560
258,561
258,562
258,563
258,564
258,565
258,566
258,567
258,568
258,569
258,570
258,571
258,572
258,573
258,574
258,575
258,576
258,577
258,578
258,579
258,580
258,581
258,582
258,583
258,584
258,585
258,586
258,587
258,588
258,589
258,590
258,591
258,592
258,593
258,594
258,595
258,596
258,597
258,598
258,599
258,600
258,601
259,450
259,451
259,452
259,453
259,454
259,455
259,456
259,457
259,458
259,459
259,460
259,461
259,462
259,463
259,464
259,465
259,466
259,467
259,468
259,469
259,470
259,471
259,472
259,473
259,474
259,475
259,476
259,477
259,478
259,479
259,480
259,481
259,482
259,483
259,484
259,485
259,486
259,487
259,508
259,509
259,510
259,511
259,512
259,513
259,514
259,515
259,516
259,517
259,518
259,519
259,520
259,521
259,522
259,523
259,524
259,525
259,526
259,527
259,528
259,529
259,530
259,531
259,532
259,533
259,534
259,535
259,542
259,543
259,544
259,545
259,546
259,547
259,548
259,549
259,550
259,551
259,552
259,553
259,554
259,555
259,556
259,557
259,558
259,559
259,560
259,561
259,562
259,563
259,564
259,565
259,566
259,567
259,568
259,569
259,570
259,571
259,572
259,573
259,574
259,575
259,576
259,577
259,578
259,579
259,580
259,581
259,582
259,583
259,584
259,585
259,586
259,587
259,588
259,589
259,590
259,591
259,592
259,593
259,594
259,595
259,596
259,597
259,598
259,599
259,600
259,601
259,602
260,451
260,452
260,453
260,454
260,455
260,456
260,457
260,458
260,459
260,460
260,461
260,462
260,463
260,464
260,465
260,466
260,467
260,468
260,469
260,470
260,471
260,472
260,473
260,474
260,475
260,476
260,477
260,478
260,479
260,480
260,481
260,482
260,483
260,484
260,485
260,486
260,507
260,508
260,509
260,510
260,511
260,512
260,513
260,514
260,515
260,516
260,517
260,518
260,519
260,520
260,521
260,522
260,523
260,524
260,525
260,526
260,527
260,528
260,529
260,530
260,531
260,532
260,533
260,534
260,535
260,536
260,541
260,542
260,543
260,544
260,545
260,546
260,547
260,548
260,549
260,550
260,551
260,552
260,553
260,554
260,555
260,556
260,557
260,558
260,559
260,560
260,561
260,562
260,563
260,564
260,565
260,566
260,567
260,568
260,569
260,570
260,571
260,572
260,573
260,574
260,575
260,576
260,577
260,578
260,579
260,580
260,581
260,582
260,583
260,584
260,585
260,586
260,587
260,588
260,589
260,590
260,591
260,592
260,593
260,594
260,595
260,596
260,597
260,598
260,599
260,600
260,601
260,602
260,603
261,451
261,452
261,453
261,454
261,455
261,456
261,457
261,458
261,459
261,460
261,461
261,462
261,463
261,464
261,465
261,466
261,467
261,468
261,469
261,470
261,471
261,472
261,473
261,474
261,475
261,476
261,477
261,478
261,479
261,480
261,481
261,482
261,483
261,484
261,485
261,486
261,507
261,508
261,509
261,510
261,511
261,512
261,513
261,514
261,515
261,516
261,517
261,518
261,519
261,520
261,521
261,522
261,523
261,524
261,525
261,526
261,527
261,528
261,529
261,530
261,531
261,532
261,533
261,534
261,535
261,536
261,540
261,541
261,542
261,543
261,544
261,545
261,546
261,547
261,548
261,549
261,550
261,551
261,552
261,553
261,554
261,555
261,556
261,557
261,558
261,559
261,560
261,561
261,562
261,563
261,564
261,565
261,566
261,567
261,568
261,569
261,570
261,571
261,572
261,573
261,574
261,575
261,576
261,577
261,578
261,579
261,580
261,581
261,582
261,583
261,584
261,585
261,586
261,587
261,588
261,589
261,590
261,591
261,592
261,593
261,594
261,595
261,596
261,597
261,598
261,599
261,600
261,601
261,602
261,603
261,604
262,452
262,453
262,454
262,455
262,456
262,457
262,458
262,459
262,460
262,461
262,462
262,463
262,464
262,465
262,466
262,467
262,468
262,469
262,470
262,471
262,472
262,473
262,474
262,475
262,476
262,477
262,478
262,479
262,480
262,481
262,482
262,483
262,484
262,485
262,506
262,507
262,508
262,509
262,510
262,511
262,512
262,513
262,514
262,515
262,516
262,517
262,518
262,519
262,520
262,521
262,522
262,523
262,524
262,525
262,526
262,527
262,528
262,529
262,530
262,531
262,532
262,533
262,534
262,535
262,536
262,537
262,539
262,540
262,541
262,542
262,543
262,544
262,545
262,546
262,547
262,548
262,549
262,550
262,551
262,552
262,553
262,554
262,555
262,556
262,557
262,558
262,559
262,560
262,561
262,562
262,563
262,564
262,565
262,566
262,567
262,568
262,569
262,570
262,571
262,572
262,573
262,574
262,575
262,576
262,577
262,578
262,579
262,580
262,581
262,582
262,583
262,584
262,585
262,586
262,587
262,588
262,589
262,590
262,591
262,592
262,593
262,594
262,595
262,596
262,597
262,598
262,599
262,600
262,601
262,602
262,603
262,604
262,605
263,453
263,454
263,455
263,456
263,457
263,458
263,459
263,460
263,461
263,462
263,463
263,464
263,465
263,466
263,467
263,468
263,469
263,470
263,471
263,472
263,473
263,474
263,475
263,476
263,477
263,478
263,479
263,480
263,481
263,482
263,483
263,484
263,505
263,506
263,507
263,508
263,509
263,510
263,511
263,512
263,513
263,514
263,515
263,516
263,517
263,518
263,519
263,520
263,521
263,522
263,523
263,524
263,525
263,526
263,527
263,528
263,529
263,530
263,531
263,532
263,533
263,534
263,535
263,536
263,537
263,538
263,539
263,540
263,541
263,542
263,543
263,544
263,545
263,546
263,547
263,548
263,549
263,550
263,551
263,552
263,553
263,554
263,555
263,556
263,557
263,558
263,559
263,560
263,561
263,562
263,563
263,564
263,565
263,566
263,567
263,568
263,569
263,570
263,571
263,572
263,573
263,574
263,575
263,576
263,577
263,578
263,579
263,580
263,581
263,582
263,583
263,584
263,585
263,586
263,587
263,588
263,589
263,590
263,591
263,592
263,593
263,594
263,595
263,596
263,597
263,598
263,599
263,600
263,601
263,602
263,603
263,604
263,605
264,453
264,454
264,455
264,456
264,457
264,458
264,459
264,460
264,461
264,462
264,463
264,464
264,465
264,466
264,467
264,468
264,469
264,470
264,471
264,472
264,473
264,474
264,475
264,476
264,477
264,478
264,479
264,480
264,481
264,482
264,483
264,505
264,506
264,507
264,508
264,509
264,510
264,511
264,512
264,513
264,514
264,515
264,516
264,517
264,518
264,519
264,520
264,521
264,522
264,523
264,524
264,525
264,526
264,527
264,528
264,529
264,530
264,531
264,532
264,533
264,534
264,535
264,536
264,537
264,538
264,539
264,540
264,541
264,542
264,543
264,544
264,545
264,546
264,547
264,548
264,549
264,550
264,551
264,552
264,553
264,554
264,555
264,556
264,557
264,558
264,559
264,560
264,561
264,562
264,563
264,564
264,565
264,566
264,567
264,568
264,569
264,570
264,571
264,572
264,573
264,574
264,575
264,576
264,577
264,578
264,579
264,580
264,581
264,582
264,583
264,584
264,585
264,586
264,587
264,588
264,589
264,590
264,591
264,592
264,593
264,594
264,595
264,596
264,597
264,598
264,599
264,600
264,601
264,602
264,603
264,604
264,605
264,606
265,454
265,455
265,456
265,457
265,458
265,459
265,460
265,461
265,462
265,463
265,464
265,465
265,466
265,467
265,468
265,469
265,470
265,471
265,472
265,473
265,474
265,475
265,476
265,477
265,478
265,479
265,480
265,481
265,482
265,483
265,504
265,505
265,506
265,507
265,508
265,509
265,510
265,511
265,512
265,513
265,514
265,515
265,516
265,517
265,518
265,519
265,520
265,521
265,522
265,523
265,524
265,525
265,526
265,527
265,528
265,529
265,530
265,531
265,532
265,533
265,534
265,535
265,536
265,537
265,539
265,540
265,541
265,542
265,543
265,544
265,545
265,546
265,547
265,548
265,549
265,550
265,551
265,552
265,553
265,554
265,555
265,556
265,557
265,558
265,559
265,560
265,561
265,562
265,563
265,564
265,565
265,566
265,567
265,568
265,569
265,570
265,571
265,572
265,573
265,574
265,575
265,576
265,577
265,578
265,579
265,580
265,581
265,582
265,583
265,584
265,585
265,586
265,587
265,588
265,589
265,590
265,591
265,592
265,593
265,594
265,595
265,596
265,597
265,598
265,599
265,600
265,601
265,602
265,603
265,604
265,605
265,606
265,607
266,455
266,456
266,457
266,458
266,459
266,460
266,461
266,462
266,463
266,464
266,465
266,466
266,467
266,468
266,469
266,470
266,471
266,472
266,473
266,474
266,475
266,476
266,477
266,478
266,479
266,480
266,481
266,482
266,503
266,504
266,505
266,506
266,507
266,508
266,509
266,510
266,511
266,512
266,513
266,514
266,515
266,516
266,517
266,518
266,519
266,520
266,521
266,522
266,523
266,524
266,525
266,526
266,527
266,528
266,529
266,530
266,531
266,532
266,533
266,534
266,535
266,536
266,540
266,541
266,542
266,543
266,544
266,545
266,546
266,547
266,548
266,549
266,550
266,551
266,552
266,553
266,554
266,555
266,556
266,557
266,558
266,559
266,560
266,561
266,562
266,563
266,564
266,565
266,566
266,567
266,568
266,569
266,570
266,571
266,572
266,573
266,574
266,575
266,576
266,577
266,578
266,579
266,580
266,581
266,582
266,583
266,584
266,585
266,586
266,587
266,588
266,589
266,590
266,591
266,592
266,593
266,594
266,595
266,596
266,597
266,598
266,599
266,600
266,601
266,602
266,603
266,604
266,605
266,606
266,607
266,608
267,456
267,457
267,458
267,459
267,460
267,461
267,462
267,463
267,464
267,465
267,466
267,467
267,468
267,469
267,470
267,471
267,472
267,473
267,474
267,475
267,476
267,477
267,478
267,479
267,480
267,481
267,482
267,502
267,503
267,504
267,505
267,506
267,507
267,508
267,509
267,510
267,511
267,512
267,513
267,514
267,515
267,516
267,517
267,518
267,519
267,520
267,521
267,522
267,523
267,524
267,525
267,526
267,527
267,528
267,529
267,530
267,531
267,532
267,533
267,534
267,535
267,536
267,540
267,541
267,542
267,543
267,544
267,545
267,546
267,547
267,548
267,549
267,550
267,551
267,552
267,553
267,554
267,555
267,556
267,557
267,558
267,559
267,560
267,561
267,562
267,563
267,564
267,565
267,566
267,567
267,568
267,569
267,570
267,571
267,572
267,573
267,574
267,575
267,576
267,577
267,578
267,579
267,580
267,581
267,582
267,583
267,584
267,585
267,586
267,587
267,588
267,589
267,590
267,591
267,592
267,593
267,594
267,595
267,596
267,597
267,598
267,599
267,600
267,601
267,602
267,603
267,604
267,605
267,606
267,607
267,608
268,457
268,458
268,459
268,460
268,461
268,462
268,463
268,464
268,465
268,466
268,467
268,468
268,469
268,470
268,471
268,472
268,473
268,474
268,475
268,476
268,477
268,478
268,479
268,480
268,481
268,501
268,502
268,503
268,504
268,505
268,506
268,507
268,508
268,509
268,510
268,511
268,512
268,513
268,514
268,515
268,516
268,517
268,518
268,519
268,520
268,521
268,522
268,523
268,524
268,525
268,526
268,527
268,528
268,529
268,530
268,531
268,532
268,533
268,534
268,535
268,541
268,542
268,543
268,544
268,545
268,546
268,547
268,548
268,549
268,550
268,551
268,552
268,553
268,554
268,555
268,556
268,557
268,558
268,559
268,560
268,561
268,562
268,563
268,564
268,565
268,566
268,567
268,568
268,569
268,570
268,571
268,572
268,573
268,574
268,575
268,576
268,577
268,578
268,579
268,580
268,581
268,582
268,583
268,584
268,585
268,586
268,587
268,588
268,589
268,590
268,591
268,592
268,593
268,594
268,595
268,596
268,597
268,598
268,599
268,600
268,601
268,602
268,603
268,604
268,605
268,606
268,607
268,608
268,609
269,458
269,459
269,460
269,461
269,462
269,463
269,464
269,465
269,466
269,467
269,468
269,469
269,470
269,471
269,472
269,473
269,474
269,475
269,476
269,477
269,478
269,479
269,480
269,481
269,500
269,501
269,502
269,503
269,504
269,505
269,506
269,507
269,508
269,509
269,510
269,511
269,512
269,513
269,514
269,515
269,516
269,517
269,518
269,519
269,520
269,521
269,522
269,523
269,524
269,525
269,526
269,527
269,528
269,529
269,530
269,531
269,532
269,533
269,534
269,541
269,542
269,543
269,544
269,545
269,546
269,547
269,548
269,549
269,550
269,551
269,552
269,553
269,554
269,555
269,556
269,557
269,558
269,559
269,560
269,561
269,562
269,563
269,564
269,565
269,566
269,567
269,568
269,569
269,570
269,571
269,572
269,573
269,574
269,575
269,576
269,577
269,578
269,579
269,580
269,581
269,582
269,583
269,584
269,585
269,586
269,587
269,588
269,589
269,590
269,591
269,592
269,593
269,594
269,595
269,596
269,597
269,598
269,599
269,600
269,601
269,602
269,603
269,604
269,605
269,606
269,607
269,608
269,609
269,610
270,459
270,460
270,461
270,462
270,463
270,464
270,465
270,466
270,467
270,468
270,469
270,470
270,471
270,472
270,473
270,474
270,475
270,476
270,477
270,478
270,479
270,480
270,499
270,500
270,501
270,502
270,503
270,504
270,505
270,506
270,507
270,508
270,509
270,510
270,511
270,512
270,513
270,514
270,515
270,516
270,517
270,518
270,519
270,520
270,521
270,522
270,523
270,524
270,525
270,526
270,527
270,528
270,529
270,530
270,531
270,532
270,533
270,534
270,542
270,543
270,544
270,545
270,546
270,547
270,548
270,549
270,550
270,551
270,552
270,553
270,554
270,555
270,556
270,557
270,558
270,559
270,560
270,561
270,562
270,563
270,564
270,565
270,566
270,567
270,568
270,569
270,570
270,571
270,572
270,573
270,574
270,575
270,576
270,577
270,578
270,579
270,580
270,581
270,582
270,583
270,584
270,585
270,586
270,587
270,588
270,589
270,590
270,591
270,592
270,593
270,594
270,595
270,596
270,597
270,598
270,599
270,600
270,601
270,602
270,603
270,604
270,605
270,606
270,607
270,608
270,609
270,610
271,460
271,461
271,462
271,463
271,464
271,465
271,466
271,467
271,468
271,469
271,470
271,471
271,472
271,473
271,474
271,475
271,476
271,477
271,478
271,479
271,480
271,497
271,498
271,499
271,500
271,501
271,502
271,503
271,504
271,505
271,506
271,507
271,508
271,509
271,510
271,511
271,512
271,513
271,514
271,515
271,516
271,517
271,518
271,519
271,520
271,521
271,522
271,523
271,524
271,525
271,526
271,527
271,528
271,529
271,530
271,531
271,532
271,533
271,542
271,543
271,544
271,545
271,546
271,547
271,548
271,549
271,550
271,551
271,552
271,553
271,554
271,555
271,556
271,557
271,558
271,559
271,560
271,561
271,562
271,563
271,564
271,565
271,566
271,567
271,568
271,569
271,570
271,571
271,572
271,573
271,574
271,575
271,576
271,577
271,578
271,579
271,580
271,581
271,582
271,583
271,584
271,585
271,586
271,587
271,588
271,589
271,590
271,591
271,592
271,593
271,594
271,595
271,596
271,597
271,598
271,599
271,600
271,601
271,602
271,603
271,604
271,605
271,606
271,607
271,608
271,609
271,610
271,611
272,462
272,463
272,464
272,465
272,466
272,467
272,468
272,469
272,470
272,471
272,472
272,473
272,474
272,475
272,476
272,477
272,478
272,479
272,480
272,496
272,497
272,498
272,499
272,500
272,501
272,502
272,503
272,504
272,505
272,506
272,507
272,508
272,509
272,510
272,511
272,512
272,513
272,514
272,515
272,516
272,517
272,518
272,519
272,520
272,521
272,522
272,523
272,524
272,525
272,526
272,527
272,528
272,529
272,530
272,531
272,532
272,533
272,542
272,543
272,544
272,545
272,546
272,547
272,548
272,549
272,550
272,551
272,552
272,553
272,554
272,555
272,556
272,557
272,558
272,559
272,560
272,561
272,562
272,563
272,564
272,565
272,566
272,567
272,568
272,569
272,570
272,571
272,572
272,573
272,574
272,575
272,576
272,577
272,578
272,579
272,580
272,581
272,582
272,583
272,584
272,585
272,586
272,587
272,588
272,589
272,590
272,591
272,592
272,593
272,594
272,595
272,596
272,597
272,598
272,599
272,600
272,601
272,602
272,603
272,604
272,605
272,606
272,607
272,608
272,609
272,610
272,611
273,463
273,464
273,465
273,466
273,467
273,468
273,469
273,470
273,471
273,472
273,473
273,474
273,475
273,476
273,477
273,478
273,479
273,494
273,495
273,496
273,497
273,498
273,499
273,500
273,501
273,502
273,503
273,504
273,505
273,506
273,507
273,508
273,509
273,510
273,511
273,512
273,513
273,514
273,515
273,516
273,517
273,518
273,519
273,520
273,521
273,522
273,523
273,524
273,525
273,526
273,527
273,528
273,529
273,530
273,531
273,532
273,533
273,543
273,544
273,545
273,546
273,547
273,548
273,549
273,550
273,551
273,552
273,553
273,554
273,555
273,556
273,557
273,558
273,559
273,560
273,561
273,562
273,563
273,564
273,565
273,566
273,567
273,568
273,569
273,570
273,571
273,572
273,573
273,574
273,575
273,576
273,577
273,578
273,579
273,580
273,581
273,582
273,583
273,584
273,585
273,586
273,587
273,588
273,589
273,590
273,591
273,592
273,593
273,594
273,595
273,596
273,597
273,598
273,599
273,600
273,601
273,602
273,603
273,604
273,605
273,606
273,607
273,608
273,609
273,610
273,611
274,465
274,466
274,467
274,468
274,469
274,470
274,471
274,472
274,473
274,474
274,475
274,476
274,477
274,478
274,479
274,492
274,493
274,494
274,495
274,496
274,497
274,498
274,499
274,500
274,501
274,502
274,503
274,504
274,505
274,506
274,507
274,508
274,509
274,510
274,511
274,512
274,513
274,514
274,515
274,516
274,517
274,518
274,519
274,520
274,521
274,522
274,523
274,524
274,525
274,526
274,527
274,528
274,529
274,530
274,531
274,532
274,543
274,544
274,545
274,546
274,547
274,548
274,549
274,550
274,551
274,552
274,553
274,554
274,555
274,556
274,557
274,558
274,559
274,560
274,561
274,562
274,563
274,564
274,565
274,566
274,567
274,568
274,569
274,570
274,571
274,572
274,573
274,574
274,575
274,576
274,577
274,578
274,579
274,580
274,581
274,582
274,583
274,584
274,585
274,586
274,587
274,588
274,589
274,590
274,591
274,592
274,593
274,594
274,595
274,596
274,597
274,598
274,599
274,600
274,601
274,602
274,603
274,604
274,605
274,606
274,607
274,608
274,609
274,610
274,611
274,612
275,467
275,468
275,469
275,470
275,471
275,472
275,473
275,474
275,475
275,476
275,477
275,478
275,479
275,489
275,490
275,491
275,492
275,493
275,494
275,495
275,496
275,497
275,498
275,499
275,500
275,501
275,502
275,503
275,504
275,505
275,506
275,507
275,508
275,509
275,510
275,511
275,512
275,513
275,514
275,515
275,516
275,517
275,518
275,519
275,520
275,521
275,522
275,523
275,524
275,525
275,526
275,527
275,528
275,529
275,530
275,531
275,532
275,543
275,544
275,545
275,546
275,547
275,548
275,549
275,550
275,551
275,552
275,553
275,554
275,555
275,556
275,557
275,558
275,559
275,560
275,561
275,562
275,563
275,564
275,565
275,566
275,567
275,568
275,569
275,570
275,571
275,572
275,573
275,574
275,575
275,576
275,577
275,578
275,579
275,580
275,581
275,582
275,583
275,584
275,585
275,586
275,587
275,588
275,589
275,590
275,591
275,592
275,593
275,594
275,595
275,596
275,597
275,598
275,599
275,600
275,601
275,602
275,603
275,604
275,605
275,606
275,607
275,608
275,609
275,610
275,611
275,612
276,470
276,471
276,472
276,473
276,474
276,475
276,476
276,477
276,478
276,479
276,485
276,486
276,487
276,488
276,489
276,490
276,491
276,492
276,493
276,494
276,495
276,496
276,497
276,498
276,499
276,500
276,501
276,502
276,503
276,504
276,505
276,506
276,507
276,508
276,509
276,510
276,511
276,512
276,513
276,514
276,515
276,516
276,517
276,518
276,519
276,520
276,521
276,522
276,523
276,524
276,525
276,526
276,527
276,528
276,529
276,530
276,531
276,543
276,544
276,545
276,546
276,547
276,548
276,549
276,550
276,551
276,552
276,553
276,554
276,555
276,556
276,557
276,558
276,559
276,560
276,561
276,562
276,563
276,564
276,565
276,566
276,567
276,568
276,569
276,570
276,571
276,572
276,573
276,574
276,575
276,576
276,577
276,578
276,579
276,580
276,581
276,582
276,583
276,584
276,585
276,586
276,587
276,588
276,589
276,590
276,591
276,592
276,593
276,594
276,595
276,596
276,597
276,598
276,599
276,600
276,601
276,602
276,603
276,604
276,605
276,606
276,607
276,608
276,609
276,610
276,611
276,612
276,613
277,474
277,475
277,476
277,477
277,478
277,479
277,480
277,481
277,482
277,483
277,484
277,485
277,486
277,487
277,488
277,489
277,490
277,491
277,492
277,493
277,494
277,495
277,496
277,497
277,498
277,499
277,500
277,501
277,502
277,503
277,504
277,505
277,506
277,507
277,508
277,509
277,510
277,511
277,512
277,513
277,514
277,515
277,516
277,517
277,518
277,519
277,520
277,521
277,522
277,523
277,524
277,525
277,526
277,527
277,528
277,529
277,530
277,531
277,544
277,545
277,546
277,547
277,548
277,549
277,550
277,551
277,552
277,553
277,554
277,555
277,556
277,557
277,558
277,559
277,560
277,561
277,562
277,563
277,564
277,565
277,566
277,567
277,568
277,569
277,570
277,571
277,572
277,573
277,574
277,575
277,576
277,577
277,578
277,579
277,580
277,581
277,582
277,583
277,584
277,585
277,586
277,587
277,588
277,589
277,590
277,591
277,592
277,593
277,594
277,595
277,596
277,597
277,598
277,599
277,600
277,601
277,602
277,603
277,604
277,605
277,606
277,607
277,608
277,609
277,610
277,611
277,612
277,613
278,478
278,479
278,480
278,481
278,482
278,483
278,484
278,485
278,486
278,487
278,488
278,489
278,490
278,491
278,492
278,493
278,494
278,495
278,496
278,497
278,498
278,499
278,500
278,501
278,502
278,503
278,504
278,505
278,506
278,507
278,508
278,509
278,510
278,511
278,512
278,513
278,514
278,515
278,516
278,517
278,518
278,519
278,520
278,521
278,522
278,523
278,524
278,525
278,526
278,527
278,528
278,529
278,530
278,531
278,544
278,545
278,546
278,547
278,548
278,549
278,550
278,551
278,552
278,553
278,554
278,555
278,556
278,557
278,558
278,559
278,560
278,561
278,562
278,563
278,564
278,565
278,566
278,567
278,568
278,569
278,570
278,571
278,572
278,573
278,574
278,575
278,576
278,577
278,578
278,579
278,580
278,581
278,582
278,583
278,584
278,585
278,586
278,587
278,588
278,589
278,590
278,591
278,592
278,593
278,594
278,595
278,596
278,597
278,598
278,599
278,600
278,601
278,602
278,603
278,604
278,605
278,606
278,607
278,608
278,609
278,610
278,611
278,612
278,613
279,478
279,479
279,480
279,481
279,482
279,483
279,484
279,485
279,486
279,487
279,488
279,489
279,490
279,491
279,492
279,493
279,494
279,495
279,496
279,497
279,498
279,499
279,500
279,501
279,502
279,503
279,504
279,505
279,506
279,507
279,508
279,509
279,510
279,511
279,512
279,513
279,514
279,515
279,516
279,517
279,518
279,519
279,520
279,521
279,522
279,523
279,524
279,525
279,526
279,527
279,528
279,529
279,530
279,544
279,545
279,546
279,547
279,548
279,549
279,550
279,551
279,552
279,553
279,554
279,555
279,556
279,557
279,558
279,559
279,560
279,561
279,562
279,563
279,564
279,565
279,566
279,567
279,568
279,569
279,570
279,571
279,572
279,573
279,574
279,575
279,576
279,577
279,578
279,579
279,580
279,581
279,582
279,583
279,584
279,585
279,586
279,587
279,588
279,589
279,590
279,591
279,592
279,593
279,594
279,595
279,596
279,597
279,598
279,599
279,600
279,601
279,602
279,603
279,604
279,605
279,606
279,607
279,608
279,609
279,610
279,611
279,612
279,613
279,614
280,478
280,479
280,480
280,481
280,482
280,483
280,484
280,485
280,486
280,487
280,488
280,489
280,490
280,491
280,492
280,493
280,494
280,495
280,496
280,497
280,498
280,499
280,500
280,501
280,502
280,503
280,504
280,505
280,506
280,507
280,508
280,509
280,510
280,511
280,512
280,513
280,514
280,515
280,516
280,517
280,518
280,519
280,520
280,521
280,522
280,523
280,524
280,525
280,526
280,527
280,528
280,529
280,530
280,544
280,545
280,546
280,547
280,548
280,549
280,550
280,551
280,552
280,553
280,554
280,555
280,556
280,557
280,558
280,559
280,560
280,561
280,562
280,563
280,564
280,565
280,566
280,567
280,568
280,569
280,570
280,571
280,572
280,573
280,574
280,575
280,576
280,577
280,578
280,579
280,580
280,581
280,582
280,583
280,584
280,585
280,586
280,587
280,588
280,589
280,590
280,591
280,592
280,593
280,594
280,595
280,596
280,597
280,598
280,599
280,600
280,601
280,602
280,603
280,604
280,605
280,606
280,607
280,608
280,609
280,610
280,611
280,612
280,613
280,614
281,478
281,479
281,480
281,481
281,482
281,483
281,484
281,485
281,486
281,487
281,488
281,489
281,490
281,491
281,492
281,493
281,494
281,495
281,496
281,497
281,498
281,499
281,500
281,501
281,502
281,503
281,504
281,505
281,506
281,507
281,508
281,509
281,510
281,511
281,512
281,513
281,514
281,515
281,516
281,517
281,518
281,519
281,520
281,521
281,522
281,523
281,524
281,525
281,526
281,527
281,528
281,529
281,530
281,544
281,545
281,546
281,547
281,548
281,549
281,550
281,551
281,552
281,553
281,554
281,555
281,556
281,557
281,558
281,559
281,560
281,561
281,562
281,563
281,564
281,565
281,566
281,567
281,568
281,569
281,570
281,571
281,572
281,573
281,574
281,575
281,576
281,577
281,578
281,579
281,580
281,581
281,582
281,583
281,584
281,585
281,586
281,587
281,588
281,589
281,590
281,591
281,592
281,593
281,594
281,595
281,596
281,597
281,598
281,599
281,600
281,601
281,602
281,603
281,604
281,605
281,606
281,607
281,608
281,609
281,610
281,611
281,612
281,613
281,614
282,478
282,479
282,480
282,481
282,482
282,483
282,484
282,485
282,486
282,487
282,488
282,489
282,490
282,491
282,492
282,493
282,494
282,495
282,496
282,497
282,498
282,499
282,500
282,501
282,502
282,503
282,504
282,505
282,506
282,507
282,508
282,509
282,510
282,511
282,512
282,513
282,514
282,515
282,516
282,517
282,518
282,519
282,520
282,521
282,522
282,523
282,524
282,525
282,526
282,527
282,528
282,529
282,530
282,544
282,545
282,546
282,547
282,548
282,549
282,550
282,551
282,552
282,553
282,554
282,555
282,556
282,557
282,558
282,559
282,560
282,561
282,562
282,563
282,564
282,565
282,566
282,567
282,568
282,569
282,570
282,571
282,572
282,573
282,574
282,575
282,576
282,577
282,578
282,579
282,580
282,581
282,582
282,583
282,584
282,585
282,586
282,587
282,588
282,589
282,590
282,591
282,592
282,593
282,594
282,595
282,596
282,597
282,598
282,599
282,600
282,601
282,602
282,603
282,604
282,605
282,606
282,607
282,608
282,609
282,610
282,611
282,612
282,613
282,614
283,478
283,479
283,480
283,481
283,482
283,483
283,484
283,485
283,486
283,487
283,488
283,489
283,490
283,491
283,492
283,493
283,494
283,495
283,496
283,497
283,498
283,499
283,500
283,501
283,502
283,503
283,504
283,505
283,506
283,507
283,508
283,509
283,510
283,511
283,512
283,513
283,514
283,515
283,516
283,517
283,518
283,519
283,520
283,521
283,522
283,523
283,524
283,525
283,526
283,527
283,528
283,529
283,530
283,544
283,545
283,546
283,547
283,548
283,549
283,550
283,551
283,552
283,553
283,554
283,555
283,556
283,557
283,558
283,559
283,560
283,561
283,562
283,563
283,564
283,565
283,566
283,567
283,568
283,569
283,570
283,571
283,572
283,573
283,574
283,575
283,576
283,577
283,578
283,579
283,580
283,581
283,582
283,583
283,584
283,585
283,586
283,587
283,588
283,589
283,590
283,591
283,592
283,593
283,594
283,595
283,596
283,597
283,598
283,599
283,600
283,601
283,602
283,603
283,604
283,605
283,606
283,607
283,608
283,609
283,610
283,611
283,612
283,613
283,614
284,478
284,479
284,480
284,481
284,482
284,483
284,484
284,485
284,486
284,487
284,488
284,489
284,490
284,491
284,492
284,493
284,494
284,495
284,496
284,497
284,498
284,499
284,500
284,501
284,502
284,503
284,504
284,505
284,506
284,507
284,508
284,509
284,510
284,511
284,512
284,513
284,514
284,515
284,516
284,517
284,518
284,519
284,520
284,521
284,522
284,523
284,524
284,525
284,526
284,527
284,528
284,529
284,544
284,545
284,546
284,547
284,548
284,549
284,550
284,551
284,552
284,553
284,554
284,555
284,556
284,557
284,558
284,559
284,560
284,561
284,562
284,563
284,564
284,565
284,566
284,567
284,568
284,569
284,570
284,571
284,572
284,573
284,574
284,575
284,576
284,577
284,578
284,579
284,580
284,581
284,582
284,583
284,584
284,585
284,586
284,587
284,588
284,589
284,590
284,591
284,592
284,593
284,594
284,595
284,596
284,597
284,598
284,599
284,600
284,601
284,602
284,603
284,604
284,605
284,606
284,607
284,608
284,609
284,610
284,611
284,612
284,613
284,614
284,615
285,333
285,334
285,335
285,336
285,337
285,338
285,339
285,340
285,341
285,342
285,343
285,389
285,390
285,391
285,392
285,393
285,394
285,395
285,396
285,397
285,478
285,479
285,480
285,481
285,482
285,483
285,484
285,485
285,486
285,487
285,488
285,489
285,490
285,491
285,492
285,493
285,494
285,495
285,496
285,497
285,498
285,499
285,500
285,501
285,502
285,503
285,504
285,505
285,506
285,507
285,508
285,509
285,510
285,511
285,512
285,513
285,514
285,515
285,516
285,517
285,518
285,519
285,520
285,521
285,522
285,523
285,524
285,525
285,526
285,527
285,528
285,529
285,544
285,545
285,546
285,547
285,548
285,549
285,550
285,551
285,552
285,553
285,554
285,555
285,556
285,557
285,558
285,559
285,560
285,561
285,562
285,563
285,564
285,565
285,566
285,567
285,568
285,569
285,570
285,571
285,572
285,573
285,574
285,575
285,576
285,577
285,578
285,579
285,580
285,581
285,582
285,583
285,584
285,585
285,586
285,587
285,588
285,589
285,590
285,591
285,592
285,593
285,594
285,595
285,596
285,597
285,598
285,599
285,600
285,601
285,602
285,603
285,604
285,605
285,606
285,607
285,608
285,609
285,610
285,611
285,612
285,613
285,614
285,615
286,329
286,330
286,331
286,332
286,333
286,334
286,335
286,336
286,337
286,338
286,339
286,340
286,341
286,342
286,343
286,344
286,345
286,346
286,347
286,386
286,387
286,388
286,389
286,390
286,391
286,392
286,393
286,394
286,395
286,396
286,397
286,398
286,399
286,400
286,478
286,479
286,480
286,481
286,482
286,483
286,484
286,485
286,486
286,487
286,488
286,489
286,490
286,491
286,492
286,493
286,494
286,495
286,496
286,497
286,498
286,499
286,500
286,501
286,502
286,503
286,504
286,505
286,506
286,507
286,508
286,509
286,510
286,511
286,512
286,513
286,514
286,515
286,516
286,517
286,518
286,519
286,520
286,521
286,522
286,523
286,524
286,525
286,526
286,527
286,528
286,529
286,544
286,545
286,546
286,547
286,548
286,549
286,550
286,551
286,552
286,553
286,554
286,555
286,556
286,557
286,558
286,559
286,560
286,561
286,562
286,563
286,564
286,565
286,566
286,567
286,568
286,569
286,570
286,571
286,572
286,573
286,574
286,575
286,576
286,577
286,578
286,579
286,580
286,581
286,582
286,583
286,584
286,585
286,586
286,587
286,588
286,589
286,590
286,591
286,592
286,593
286,594
286,595
286,596
286,597
286,598
286,599
286,600
286,601
286,602
286,603
286,604
286,605
286,606
286,607
286,608
286,609
286,610
286,611
286,612
286,613
286,614
286,615
287,326
287,327
287,328
287,329
287,330
287,331
287,332
287,333
287,334
287,335
287,336
287,337
287,338
287,339
287,340
287,341
287,342
287,343
287,344
287,345
287,346
287,347
287,348
287,349
287,350
287,384
287,385
287,386
287,387
287,388
287,389
287,390
287,391
287,392
287,393
287,394
287,395
287,396
287,397
287,398
287,399
287,400
287,401
287,402
287,478
287,479
287,480
287,481
287,482
287,483
287,484
287,485
287,486
287,487
287,488
287,489
287,490
287,491
287,492
287,493
287,494
287,495
287,496
287,497
287,498
287,499
287,500
287,501
287,502
287,503
287,504
287,505
287,506
287,507
287,508
287,509
287,510
287,511
287,512
287,513
287,514
287,515
287,516
287,517
287,518
287,519
287,520
287,521
287,522
287,523
287,524
287,525
287,526
287,527
287,528
287,529
287,544
287,545
287,546
287,547
287,548
287,549
287,550
287,551
287,552
287,553
287,554
287,555
287,556
287,557
287,558
287,559
287,560
287,561
287,562
287,563
287,564
287,565
287,566
287,567
287,568
287,569
287,570
287,571
287,572
287,573
287,574
287,575
287,576
287,577
287,578
287,579
287,580
287,581
287,582
287,583
287,584
287,585
287,586
287,587
287,588
287,589
287,590
287,591
287,592
287,593
287,594
287,595
287,596
287,597
287,598
287,599
287,600
287,601
287,602
287,603
287,604
287,605
287,606
287,607
287,608
287,609
287,610
287,611
287,612
287,613
287,614
287,615
288,324
288,325
288,326
288,327
288,328
288,329
288,330
288,331
288,332
288,333
288,334
288,335
288,336
288,337
288,338
288,339
288,340
288,341
288,342
288,343
288,344
288,345
288,346
288,347
288,348
288,349
288,350
288,351
288,352
288,383
288,384
288,385
288,386
288,387
288,388
288,389
288,390
288,391
288,392
288,393
288,394
288,395
288,396
288,397
288,398
288,399
288,400
288,401
288,402
288,403
288,479
288,480
288,481
288,482
288,483
288,484
288,485
288,486
288,487
288,488
288,489
288,490
288,491
288,492
288,493
288,494
288,495
288,496
288,497
288,498
288,499
288,500
288,501
288,502
288,503
288,504
288,505
288,506
288,507
288,508
288,509
288,510
288,511
288,512
288,513
288,514
288,515
288,516
288,517
288,518
288,519
288,520
288,521
288,522
288,523
288,524
288,525
288,526
288,527
288,528
288,529
288,543
288,544
288,545
288,546
288,547
288,548
288,549
288,550
288,551
288,552
288,553
288,554
288,555
288,556
288,557
288,558
288,559
288,560
288,561
288,562
288,563
288,564
288,565
288,566
288,567
288,568
288,569
288,570
288,571
288,572
288,573
288,574
288,575
288,576
288,577
288,578
288,579
288,580
288,581
288,582
288,583
288,584
288,585
288,586
288,587
288,588
288,589
288,590
288,591
288,592
288,593
288,594
288,595
288,596
288,597
288,598
288,599
288,600
288,601
288,602
288,603
288,604
288,605
288,606
288,607
288,608
288,609
288,610
288,611
288,612
288,613
288,614
288,615
289,322
289,323
289,324
289,325
289,326
289,327
289,328
289,329
289,330
289,331
289,332
289,333
289,334
289,335
289,336
289,337
289,338
289,339
289,340
289,341
289,342
289,343
289,344
289,345
289,346
289,347
289,348
289,349
289,350
289,351
289,352
289,353
289,354
289,381
289,382
289,383
289,384
289,385
289,386
289,387
289,388
289,389
289,390
289,391
289,392
289,393
289,394
289,395
289,396
289,397
289,398
289,399
289,400
289,401
289,402
289,403
289,404
289,405
289,479
289,480
289,481
289,482
289,483
289,484
289,485
289,486
289,487
289,488
289,489
289,490
289,491
289,492
289,493
289,494
289,495
289,496
289,497
289,498
289,499
289,500
289,501
289,502
289,503
289,504
289,505
289,506
289,507
289,508
289,509
289,510
289,511
289,512
289,513
289,514
289,515
289,516
289,517
289,518
289,519
289,520
289,521
289,522
289,523
289,524
289,525
289,526
289,527
289,528
289,529
289,543
289,544
289,545
289,546
289,547
289,548
289,549
289,550
289,551
289,552
289,553
289,554
289,555
289,556
289,557
289,558
289,559
289,560
289,561
289,562
289,563
289,564
289,565
289,566
289,567
289,568
289,569
289,570
289,571
289,572
289,573
289,574
289,575
289,576
289,577
289,578
289,579
289,580
289,581
289,582
289,583
289,584
289,585
289,586
289,587
289,588
289,589
289,590
289,591
289,592
289,593
289,594
289,595
289,596
289,597
289,598
289,599
289,600
289,601
289,602
289,603
289,604
289,605
289,606
289,607
289,608
289,609
289,610
289,611
289,612
289,613
289,614
289,615
290,321
290,322
290,323
290,324
290,325
290,326
290,327
290,328
290,329
290,330
290,331
290,332
290,333
290,334
290,335
290,336
290,337
290,338
290,339
290,340
290,341
290,342
290,343
290,344
290,345
290,346
290,347
290,348
290,349
290,350
290,351
290,352
290,353
290,354
290,355
290,380
290,381
290,382
290,383
290,384
290,385
290,386
290,387
290,388
290,389
290,390
290,391
290,392
290,393
290,394
290,395
290,396
290,397
290,398
290,399
290,400
290,401
290,402
290,403
290,404
290,405
290,406
290,479
290,480
290,481
290,482
290,483
290,484
290,485
290,486
290,487
290,488
290,489
290,490
290,491
290,492
290,493
290,494
290,495
290,496
290,497
290,498
290,499
290,500
290,501
290,502
290,503
290,504
290,505
290,506
290,507
290,508
290,509
290,510
290,511
290,512
290,513
290,514
290,515
290,516
290,517
290,518
290,519
290,520
290,521
290,522
290,523
290,524
290,525
290,526
290,527
290,528
290,529
290,543
290,544
290,545
290,546
290,547
290,548
290,549
290,550
290,551
290,552
290,553
290,554
290,555
290,556
290,557
290,558
290,559
290,560
290,561
290,562
290,563
290,564
290,565
290,566
290,567
290,568
290,569
290,570
290,571
290,572
290,573
290,574
290,575
290,576
290,577
290,578
290,579
290,580
290,581
290,582
290,583
290,584
290,585
290,586
290,587
290,588
290,589
290,590
290,591
290,592
290,593
290,594
290,595
290,596
290,597
290,598
290,599
290,600
290,601
290,602
290,603
290,604
290,605
290,606
290,607
290,608
290,609
290,610
290,611
290,612
290,613
290,614
290,615
291,319
291,320
291,321
291,322
291,323
291,324
291,325
291,326
291,327
291,328
291,329
291,330
291,331
291,332
291,333
291,334
291,335
291,336
291,337
291,338
291,339
291,340
291,341
291,342
291,343
291,344
291,345
291,346
291,347
291,348
291,349
291,350
291,351
291,352
291,353
291,354
291,355
291,356
291,357
291,379
291,380
291,381
291,382
291,383
291,384
291,385
291,386
291,387
291,388
291,389
291,390
291,391
291,392
291,393
291,394
291,395
291,396
291,397
291,398
291,399
291,400
291,401
291,402
291,403
291,404
291,405
291,406
291,407
291,479
291,480
291,481
291,482
291,483
291,484
291,485
291,486
291,487
291,488
291,489
291,490
291,491
291,492
291,493
291,494
291,495
291,496
291,497
291,498
291,499
291,500
291,501
291,502
291,503
291,504
291,505
291,506
291,507
291,508
291,509
291,510
291,511
291,512
291,513
291,514
291,515
291,516
291,517
291,518
291,519
291,520
291,521
291,522
291,523
291,524
291,525
291,526
291,527
291,528
291,529
291,543
291,544
291,545
291,546
291,547
291,548
291,549
291,550
291,551
291,552
291,553
291,554
291,555
291,556
291,557
291,558
291,559
291,560
291,561
291,562
291,563
291,564
291,565
291,566
291,567
291,568
291,569
291,570
291,571
291,572
291,573
291,574
291,575
291,576
291,577
291,578
291,579
291,580
291,581
291,582
291,583
291,584
291,585
291,586
291,587
291,588
291,589
291,590
291,591
291,592
291,593
291,594
291,595
291,596
291,597
291,598
291,599
291,600
291,601
291,602
291,603
291,604
291,605
291,606
291,607
291,608
291,609
291,610
291,611
291,612
291,613
291,614
291,615
292,318
292,319
292,320
292,321
292,322
292,323
292,324
292,325
292,326
292,327
292,328
292,329
292,330
292,331
292,332
292,333
292,334
292,335
292,336
292,337
292,338
292,339
292,340
292,341
292,342
292,343
292,344
292,345
292,346
292,347
292,348
292,349
292,350
292,351
292,352
292,353
292,354
292,355
292,356
292,357
292,358
292,378
292,379
292,380
292,381
292,382
292,383
292,384
292,385
292,386
292,387
292,388
292,389
292,390
292,391
292,392
292,393
292,394
292,395
292,396
292,397
292,398
292,399
292,400
292,401
292,402
292,403
292,404
292,405
292,406
292,407
292,408
292,480
292,481
292,482
292,483
292,484
292,485
292,486
292,487
292,488
292,489
292,490
292,491
292,492
292,493
292,494
292,495
292,496
292,497
292,498
292,499
292,500
292,501
292,502
292,503
292,504
292,505
292,506
292,507
292,508
292,509
292,510
292,511
292,512
292,513
292,514
292,515
292,516
292,517
292,518
292,519
292,520
292,521
292,522
292,523
292,524
292,525
292,526
292,527
292,528
292,529
292,542
292,543
292,544
292,545
292,546
292,547
292,548
292,549
292,550
292,551
292,552
292,553
292,554
292,555
292,556
292,557
292,558
292,559
292,560
292,561
292,562
292,563
292,564
292,565
292,566
292,567
292,568
292,569
292,570
292,571
292,572
292,573
292,574
292,575
292,576
292,577
292,578
292,579
292,580
292,581
292,582
292,583
292,584
292,585
292,586
292,587
292,588
292,589
292,590
292,591
292,592
292,593
292,594
292,595
292,596
292,597
292,598
292,599
292,600
292,601
292,602
292,603
292,604
292,605
292,606
292,607
292,608
292,609
292,610
292,611
292,612
292,613
292,614
292,615
293,317
293,318
293,319
293,320
293,321
293,322
293,323
293,324
293,325
293,326
293,327
293,328
293,329
293,330
293,331
293,332
293,333
293,334
293,335
293,336
293,337
293,338
293,339
293,340
293,341
293,342
293,343
293,344
293,345
293,346
293,347
293,348
293,349
293,350
293,351
293,352
293,353
293,354
293,355
293,356
293,357
293,358
293,359
293,378
293,379
293,380
293,381
293,382
293,383
293,384
293,385
293,386
293,387
293,388
293,389
293,390
293,391
293,392
293,393
293,394
293,395
293,396
293,397
293,398
293,399
293,400
293,401
293,402
293,403
293,404
293,405
293,406
293,407
293,408
293,480
293,481
293,482
293,483
293,484
293,485
293,486
293,487
293,488
293,489
293,490
293,491
293,492
293,493
293,494
293,495
293,496
293,497
293,498
293,499
293,500
293,501
293,502
293,503
293,504
293,505
293,506
293,507
293,508
293,509
293,510
293,511
293,512
293,513
293,514
293,515
293,516
293,517
293,518
293,519
293,520
293,521
293,522
293,523
293,524
293,525
293,526
293,527
293,528
293,529
293,542
293,543
293,544
293,545
293,546
293,547
293,548
293,549
293,550
293,551
293,552
293,553
293,554
293,555
293,556
293,557
293,558
293,559
293,560
293,561
293,562
293,563
293,564
293,565
293,566
293,567
293,568
293,569
293,570
293,571
293,572
293,573
293,574
293,575
293,576
293,577
293,578
293,579
293,580
293,581
293,582
293,583
293,584
293,585
293,586
293,587
293,588
293,589
293,590
293,591
293,592
293,593
293,594
293,595
293,596
293,597
293,598
293,599
293,600
293,601
293,602
293,603
293,604
293,605
293,606
293,607
293,608
293,609
293,610
293,611
293,612
293,613
293,614
293,615
294,316
294,317
294,318
294,319
294,320
294,321
294,322
294,323
294,324
294,325
294,326
294,327
294,328
294,329
294,330
294,331
294,332
294,333
294,334
294,335
294,336
294,337
294,338
294,339
294,340
294,341
294,342
294,343
294,344
294,345
294,346
294,347
294,348
294,349
294,350
294,351
294,352
294,353
294,354
294,355
294,356
294,357
294,358
294,359
294,360
294,377
294,378
294,379
294,380
294,381
294,382
294,383
294,384
294,385
294,386
294,387
294,388
294,389
294,390
294,391
294,392
294,393
294,394
294,395
294,396
294,397
294,398
294,399
294,400
294,401
294,402
294,403
294,404
294,405
294,406
294,407
294,408
294,409
294,480
294,481
294,482
294,483
294,484
294,485
294,486
294,487
294,488
294,489
294,490
294,491
294,492
294,493
294,494
294,495
294,496
294,497
294,498
294,499
294,500
294,501
294,502
294,503
294,504
294,505
294,506
294,507
294,508
294,509
294,510
294,511
294,512
294,513
294,514
294,515
294,516
294,517
294,518
294,519
294,520
294,521
294,522
294,523
294,524
294,525
294,526
294,527
294,528
294,529
294,542
294,543
294,544
294,545
294,546
294,547
294,548
294,549
294,550
294,551
294,552
294,553
294,554
294,555
294,556
294,557
294,558
294,559
294,560
294,561
294,562
294,563
294,564
294,565
294,566
294,567
294,568
294,569
294,570
294,571
294,572
294,573
294,574
294,575
294,576
294,577
294,578
294,579
294,580
294,581
294,582
294,583
294,584
294,585
294,586
294,587
294,588
294,589
294,590
294,591
294,592
294,593
294,594
294,595
294,596
294,597
294,598
294,599
294,600
294,601
294,602
294,603
294,604
294,605
294,606
294,607
294,608
294,609
294,610
294,611
294,612
294,613
294,614
294,615
295,315
295,316
295,317
295,318
295,319
295,320
295,321
295,322
295,323
295,324
295,325
295,326
295,327
295,328
295,329
295,330
295,331
295,332
295,333
295,334
295,335
295,336
295,337
295,338
295,339
295,340
295,341
295,342
295,343
295,344
295,345
295,346
295,347
295,348
295,349
295,350
295,351
295,352
295,353
295,354
295,355
295,356
295,357
295,358
295,359
295,360
295,361
295,376
295,377
295,378
295,379
295,380
295,381
295,382
295,383
295,384
295,385
295,386
295,387
295,388
295,389
295,390
295,391
295,392
295,393
295,394
295,395
295,396
295,397
295,398
295,399
295,400
295,401
295,402
295,403
295,404
295,405
295,406
295,407
295,408
295,409
295,410
295,481
295,482
295,483
295,484
295,485
295,486
295,487
295,488
295,489
295,490
295,491
295,492
295,493
295,494
295,495
295,496
295,497
295,498
295,499
295,500
295,501
295,502
295,503
295,504
295,505
295,506
295,507
295,508
295,509
295,510
295,511
295,512
295,513
295,514
295,515
295,516
295,517
295,518
295,519
295,520
295,521
295,522
295,523
295,524
295,525
295,526
295,527
295,528
295,529
295,541
295,542
295,543
295,544
295,545
295,546
295,547
295,548
295,549
295,550
295,551
295,552
295,553
295,554
295,555
295,556
295,557
295,558
295,559
295,560
295,561
295,562
295,563
295,564
295,565
295,566
295,567
295,568
295,569
295,570
295,571
295,572
295,573
295,574
295,575
295,576
295,577
295,578
295,579
295,580
295,581
295,582
295,583
295,584
295,585
295,586
295,587
295,588
295,589
295,590
295,591
295,592
295,593
295,594
295,595
295,596
295,597
295,598
295,599
295,600
295,601
295,602
295,603
295,604
295,605
295,606
295,607
295,608
295,609
295,610
295,611
295,612
295,613
295,614
295,615
296,314
296,315
296,316
296,317
296,318
296,319
296,320
296,321
296,322
296,323
296,324
296,325
296,326
296,327
296,328
296,329
296,330
296,331
296,332
296,333
296,334
296,335
296,336
296,337
296,338
296,339
296,340
296,341
296,342
296,343
296,344
296,345
296,346
296,347
296,348
296,349
296,350
296,351
296,352
296,353
296,354
296,355
296,356
296,357
296,358
296,359
296,360
296,361
296,362
296,376
296,377
296,378
296,379
296,380
296,381
296,382
296,383
296,384
296,385
296,386
296,387
296,388
296,389
296,390
296,391
296,392
296,393
296,394
296,395
296,396
296,397
296,398
296,399
296,400
296,401
296,402
296,403
296,404
296,405
296,406
296,407
296,408
296,409
296,410
296,481
296,482
296,483
296,484
296,485
296,486
296,487
296,488
296,489
296,490
296,491
296,492
296,493
296,494
296,495
296,496
296,497
296,498
296,499
296,500
296,501
296,502
296,503
296,504
296,505
296,506
296,507
296,508
296,509
296,510
296,511
296,512
296,513
296,514
296,515
296,516
296,517
296,518
296,519
296,520
296,521
296,522
296,523
296,524
296,525
296,526
296,527
296,528
296,529
296,541
296,542
296,543
296,544
296,545
296,546
296,547
296,548
296,549
296,550
296,551
296,552
296,553
296,554
296,555
296,556
296,557
296,558
296,559
296,560
296,561
296,562
296,563
296,564
296,565
296,566
296,567
296,568
296,569
296,570
296,571
296,572
296,573
296,574
296,575
296,576
296,577
296,578
296,579
296,580
296,581
296,582
296,583
296,584
296,585
296,586
296,587
296,588
296,589
296,590
296,591
296,592
296,593
296,594
296,595
296,596
296,597
296,598
296,599
296,600
296,601
296,602
296,603
296,604
296,605
296,606
296,607
296,608
296,609
296,610
296,611
296,612
296,613
296,614
296,615
297,313
297,314
297,315
297,316
297,317
297,318
297,319
297,320
297,321
297,322
297,323
297,324
297,325
297,326
297,327
297,328
297,329
297,330
297,331
297,332
297,333
297,334
297,335
297,336
297,337
297,338
297,339
297,340
297,341
297,342
297,343
297,344
297,345
297,346
297,347
297,348
297,349
297,350
297,351
297,352
297,353
297,354
297,355
297,356
297,357
297,358
297,359
297,360
297,361
297,362
297,363
297,375
297,376
297,377
297,378
297,379
297,380
297,381
297,382
297,383
297,384
297,385
297,386
297,387
297,388
297,389
297,390
297,391
297,392
297,393
297,394
297,395
297,396
297,397
297,398
297,399
297,400
297,401
297,402
297,403
297,404
297,405
297,406
297,407
297,408
297,409
297,410
297,411
297,482
297,483
297,484
297,485
297,486
297,487
297,488
297,489
297,490
297,491
297,492
297,493
297,494
297,495
297,496
297,497
297,498
297,499
297,500
297,501
297,502
297,503
297,504
297,505
297,506
297,507
297,508
297,509
297,510
297,511
297,512
297,513
297,514
297,515
297,516
297,517
297,518
297,519
297,520
297,521
297,522
297,523
297,524
297,525
297,526
297,527
297,528
297,529
297,530
297,540
297,541
297,542
297,543
297,544
297,545
297,546
297,547
297,548
297,549
297,550
297,551
297,552
297,553
297,554
297,555
297,556
297,557
297,558
297,559
297,560
297,561
297,562
297,563
297,564
297,565
297,566
297,567
297,568
297,569
297,570
297,571
297,572
297,573
297,574
297,575
297,576
297,577
297,578
297,579
297,580
297,581
297,582
297,583
297,584
297,585
297,586
297,587
297,588
297,589
297,590
297,591
297,592
297,593
297,594
297,595
297,596
297,597
297,598
297,599
297,600
297,601
297,602
297,603
297,604
297,605
297,606
297,607
297,608
297,609
297,610
297,611
297,612
297,613
297,614
298,312
298,313
298,314
298,315
298,316
298,317
298,318
298,319
298,320
298,321
298,322
298,323
298,324
298,325
298,326
298,327
298,328
298,329
298,330
298,331
298,332
298,333
298,334
298,335
298,336
298,337
298,338
298,339
298,340
298,341
298,342
298,343
298,344
298,345
298,346
298,347
298,348
298,349
298,350
298,351
298,352
298,353
298,354
298,355
298,356
298,357
298,358
298,359
298,360
298,361
298,362
298,363
298,364
298,375
298,376
298,377
298,378
298,379
298,380
298,381
298,382
298,383
298,384
298,385
298,386
298,387
298,388
298,389
298,390
298,391
298,392
298,393
298,394
298,395
298,396
298,397
298,398
298,399
298,400
298,401
298,402
298,403
298,404
298,405
298,406
298,407
298,408
298,409
298,410
298,411
298,482
298,483
298,484
298,485
298,486
298,487
298,488
298,489
298,490
298,491
298,492
298,493
298,494
298,495
298,496
298,497
298,498
298,499
298,500
298,501
298,502
298,503
298,504
298,505
298,506
298,507
298,508
298,509
298,510
298,511
298,512
298,513
298,514
298,515
298,516
298,517
298,518
298,519
298,520
298,521
298,522
298,523
298,524
298,525
298,526
298,527
298,528
298,529
298,530
298,540
298,541
298,542
298,543
298,544
298,545
298,546
298,547
298,548
298,549
298,550
298,551
298,552
298,553
298,554
298,555
298,556
298,557
298,558
298,559
298,560
298,561
298,562
298,563
298,564
298,565
298,566
298,567
298,568
298,569
298,570
298,571
298,572
298,573
298,574
298,575
298,576
298,577
298,578
298,579
298,580
298,581
298,582
298,583
298,584
298,585
298,586
298,587
298,588
298,589
298,590
298,591
298,592
298,593
298,594
298,595
298,596
298,597
298,598
298,599
298,600
298,601
298,602
298,603
298,604
298,605
298,606
298,607
298,608
298,609
298,610
298,611
298,612
298,613
298,614
299,312
299,313
299,314
299,315
299,316
299,317
299,318
299,319
299,320
299,321
299,322
299,323
299,324
299,325
299,326
299,327
299,328
299,329
299,330
299,331
299,332
299,333
299,334
299,335
299,336
299,337
299,338
299,339
299,340
299,341
299,342
299,343
299,344
299,345
299,346
299,347
299,348
299,349
299,350
299,351
299,352
299,353
299,354
299,355
299,356
299,357
299,358
299,359
299,360
299,361
299,362
299,363
299,364
299,375
299,376
299,377
299,378
299,379
299,380
299,381
299,382
299,383
299,384
299,385
299,386
299,387
299,388
299,389
299,390
299,391
299,392
299,393
299,394
299,395
299,396
299,397
299,398
299,399
299,400
299,401
299,402
299,403
299,404
299,405
299,406
299,407
299,408
299,409
299,410
299,411
299,483
299,484
299,485
299,486
299,487
299,488
299,489
299,490
299,491
299,492
299,493
299,494
299,495
299,496
299,497
299,498
299,499
299,500
299,501
299,502
299,503
299,504
299,505
299,506
299,507
299,508
299,509
299,510
299,511
299,512
299,513
299,514
299,515
299,516
299,517
299,518
299,519
299,520
299,521
299,522
299,523
299,524
299,525
299,526
299,527
299,528
299,529
299,530
299,539
299,540
299,541
299,542
299,543
299,544
299,545
299,546
299,547
299,548
299,549
299,550
299,551
299,552
299,553
299,554
299,555
299,556
299,557
299,558
299,559
299,560
299,561
299,562
299,563
299,564
299,565
299,566
299,567
299,568
299,569
299,570
299,571
299,572
299,573
299,574
299,575
299,576
299,577
299,578
299,579
299,580
299,581
299,582
299,583
299,584
299,585
299,586
299,587
299,588
299,589
299,590
299,591
299,592
299,593
299,594
299,595
299,596
299,597
299,598
299,599
299,600
299,601
299,602
299,603
299,604
299,605
299,606
299,607
299,608
299,609
299,610
299,611
299,612
299,613
299,614
300,311
300,312
300,313
300,314
300,315
300,316
300,317
300,318
300,319
300,320
300,321
300,322
300,323
300,324
300,325
300,326
300,327
300,328
300,329
300,330
300,331
300,332
300,333
300,334
300,335
300,336
300,337
300,338
300,339
300,340
300,341
300,342
300,343
300,344
300,345
300,346
300,347
300,348
300,349
300,350
300,351
300,352
300,353
300,354
300,355
300,356
300,357
300,358
300,359
300,360
300,361
300,362
300,363
300,364
300,365
300,374
300,375
300,376
300,377
300,378
300,379
300,380
300,381
300,382
300,383
300,384
300,385
300,386
300,387
300,388
300,389
300,390
300,391
300,392
300,393
300,394
300,395
300,396
300,397
300,398
300,399
300,400
300,401
300,402
300,403
300,404
300,405
300,406
300,407
300,408
300,409
300,410
300,411
300,412
300,483
300,484
300,485
300,486
300,487
300,488
300,489
300,490
300,491
300,492
300,493
300,494
300,495
300,496
300,497
300,498
300,499
300,500
300,501
300,502
300,503
300,504
300,505
300,506
300,507
300,508
300,509
300,510
300,511
300,512
300,513
300,514
300,515
300,516
300,517
300,518
300,519
300,520
300,521
300,522
300,523
300,524
300,525
300,526
300,527
300,528
300,529
300,530
300,539
300,540
300,541
300,542
300,543
300,544
300,545
300,546
300,547
300,548
300,549
300,550
300,551
300,552
300,553
300,554
300,555
300,556
300,557
300,558
300,559
300,560
300,561
300,562
300,563
300,564
300,565
300,566
300,567
300,568
300,569
300,570
300,571
300,572
300,573
300,574
300,575
300,576
300,577
300,578
300,579
300,580
300,581
300,582
300,583
300,584
300,585
300,586
300,587
300,588
300,589
300,590
300,591
300,592
300,593
300,594
300,595
300,596
300,597
300,598
300,599
300,600
300,601
300,602
300,603
300,604
300,605
300,606
300,607
300,608
300,609
300,610
300,611
300,612
300,613
300,614
301,310
301,311
301,312
301,313
301,314
301,315
301,316
301,317
301,318
301,319
301,320
301,321
301,322
301,323
301,324
301,325
301,326
301,327
301,328
301,329
301,330
301,331
301,332
301,333
301,334
301,335
301,336
301,337
301,338
301,339
301,340
301,341
301,342
301,343
301,344
301,345
301,346
301,347
301,348
301,349
301,350
301,351
301,352
301,353
301,354
301,355
301,356
301,357
301,358
301,359
301,360
301,361
301,362
301,363
301,364
301,365
301,366
301,374
301,375
301,376
301,377
301,378
301,379
301,380
301,381
301,382
301,383
301,384
301,385
301,386
301,387
301,388
301,389
301,390
301,391
301,392
301,393
301,394
301,395
301,396
301,397
301,398
301,399
301,400
301,401
301,402
301,403
301,404
301,405
301,406
301,407
301,408
301,409
301,410
301,411
301,412
301,484
301,485
301,486
301,487
301,488
301,489
301,490
301,491
301,492
301,493
301,494
301,495
301,496
301,497
301,498
301,499
301,500
301,501
301,502
301,503
301,504
301,505
301,506
301,507
301,508
301,509
301,510
301,511
301,512
301,513
301,514
301,515
301,516
301,517
301,518
301,519
301,520
301,521
301,522
301,523
301,524
301,525
301,526
301,527
301,528
301,529
301,530
301,538
301,539
301,540
301,541
301,542
301,543
301,544
301,545
301,546
301,547
301,548
301,549
301,550
301,551
301,552
301,553
301,554
301,555
301,556
301,557
301,558
301,559
301,560
301,561
301,562
301,563
301,564
301,565
301,566
301,567
301,568
301,569
301,570
301,571
301,572
301,573
301,574
301,575
301,576
301,577
301,578
301,579
301,580
301,581
301,582
301,583
301,584
301,585
301,586
301,587
301,588
301,589
301,590
301,591
301,592
301,593
301,594
301,595
301,596
301,597
301,598
301,599
301,600
301,601
301,602
301,603
301,604
301,605
301,606
301,607
301,608
301,609
301,610
301,611
301,612
301,613
301,614
302,310
302,311
302,312
302,313
302,314
302,315
302,316
302,317
302,318
302,319
302,320
302,321
302,322
302,323
302,324
302,325
302,326
302,327
302,328
302,329
302,330
302,331
302,332
302,333
302,334
302,335
302,336
302,337
302,338
302,339
302,340
302,341
302,342
302,343
302,344
302,345
302,346
302,347
302,348
302,349
302,350
302,351
302,352
302,353
302,354
302,355
302,356
302,357
302,358
302,359
302,360
302,361
302,362
302,363
302,364
302,365
302,366
302,374
302,375
302,376
302,377
302,378
302,379
302,380
302,381
302,382
302,383
302,384
302,385
302,386
302,387
302,388
302,389
302,390
302,391
302,392
302,393
302,394
302,395
302,396
302,397
302,398
302,399
302,400
302,401
302,402
302,403
302,404
302,405
302,406
302,407
302,408
302,409
302,410
302,411
302,412
302,485
302,486
302,487
302,488
302,489
302,490
302,491
302,492
302,493
302,494
302,495
302,496
302,497
302,498
302,499
302,500
302,501
302,502
302,503
302,504
302,505
302,506
302,507
302,508
302,509
302,510
302,511
302,512
302,513
302,514
302,515
302,516
302,517
302,518
302,519
302,520
302,521
302,522
302,523
302,524
302,525
302,526
302,527
302,528
302,529
302,530
302,531
302,537
302,538
302,539
302,540
302,541
302,542
302,543
302,544
302,545
302,546
302,547
302,548
302,549
302,550
302,551
302,552
302,553
302,554
302,555
302,556
302,557
302,558
302,559
302,560
302,561
302,562
302,563
302,564
302,565
302,566
302,567
302,568
302,569
302,570
302,571
302,572
302,573
302,574
302,575
302,576
302,577
302,578
302,579
302,580
302,581
302,582
302,583
302,584
302,585
302,586
302,587
302,588
302,589
302,590
302,591
302,592
302,593
302,594
302,595
302,596
302,597
302,598
302,599
302,600
302,601
302,602
302,603
302,604
302,605
302,606
302,607
302,608
302,609
302,610
302,611
302,612
302,613
303,309
303,310
303,311
303,312
303,313
303,314
303,315
303,316
303,317
303,318
303,319
303,320
303,321
303,322
303,323
303,324
303,325
303,326
303,327
303,328
303,329
303,330
303,331
303,332
303,333
303,334
303,335
303,336
303,337
303,338
303,339
303,340
303,341
303,342
303,343
303,344
303,345
303,346
303,347
303,348
303,349
303,350
303,351
303,352
303,353
303,354
303,355
303,356
303,357
303,358
303,359
303,360
303,361
303,362
303,363
303,364
303,365
303,366
303,367
303,374
303,375
303,376
303,377
303,378
303,379
303,380
303,381
303,382
303,383
303,384
303,385
303,386
303,387
303,388
303,389
303,390
303,391
303,392
303,393
303,394
303,395
303,396
303,397
303,398
303,399
303,400
303,401
303,402
303,403
303,404
303,405
303,406
303,407
303,408
303,409
303,410
303,411
303,412
303,486
303,487
303,488
303,489
303,490
303,491
303,492
303,493
303,494
303,495
303,496
303,497
303,498
303,499
303,500
303,501
303,502
303,503
303,504
303,505
303,506
303,507
303,508
303,509
303,510
303,511
303,512
303,513
303,514
303,515
303,516
303,517
303,518
303,519
303,520
303,521
303,522
303,523
303,524
303,525
303,526
303,527
303,528
303,529
303,530
303,531
303,536
303,537
303,538
303,539
303,540
303,541
303,542
303,543
303,544
303,545
303,546
303,547
303,548
303,549
303,550
303,551
303,552
303,553
303,554
303,555
303,556
303,557
303,558
303,559
303,560
303,561
303,562
303,563
303,564
303,565
303,566
303,567
303,568
303,569
303,570
303,571
303,572
303,573
303,574
303,575
303,576
303,577
303,578
303,579
303,580
303,581
303,582
303,583
303,584
303,585
303,586
303,587
303,588
303,589
303,590
303,591
303,592
303,593
303,594
303,595
303,596
303,597
303,598
303,599
303,600
303,601
303,602
303,603
303,604
303,605
303,606
303,607
303,608
303,609
303,610
303,611
303,612
303,613
304,309
304,310
304,311
304,312
304,313
304,314
304,315
304,316
304,317
304,318
304,319
304,320
304,321
304,322
304,323
304,324
304,325
304,326
304,327
304,328
304,329
304,330
304,331
304,332
304,333
304,334
304,335
304,336
304,337
304,338
304,339
304,340
304,341
304,342
304,343
304,344
304,345
304,346
304,347
304,348
304,349
304,350
304,351
304,352
304,353
304,354
304,355
304,356
304,357
304,358
304,359
304,360
304,361
304,362
304,363
304,364
304,365
304,366
304,367
304,374
304,375
304,376
304,377
304,378
304,379
304,380
304,381
304,382
304,383
304,384
304,385
304,386
304,387
304,388
304,389
304,390
304,391
304,392
304,393
304,394
304,395
304,396
304,397
304,398
304,399
304,400
304,401
304,402
304,403
304,404
304,405
304,406
304,407
304,408
304,409
304,410
304,411
304,412
304,486
304,487
304,488
304,489
304,490
304,491
304,492
304,493
304,494
304,495
304,496
304,497
304,498
304,499
304,500
304,501
304,502
304,503
304,504
304,505
304,506
304,507
304,508
304,509
304,510
304,511
304,512
304,513
304,514
304,515
304,516
304,517
304,518
304,519
304,520
304,521
304,522
304,523
304,524
304,525
304,526
304,527
304,528
304,529
304,530
304,531
304,536
304,537
304,538
304,539
304,540
304,541
304,542
304,543
304,544
304,545
304,546
304,547
304,548
304,549
304,550
304,551
304,552
304,553
304,554
304,555
304,556
304,557
304,558
304,559
304,560
304,561
304,562
304,563
304,564
304,565
304,566
304,567
304,568
304,569
304,570
304,571
304,572
304,573
304,574
304,575
304,576
304,577
304,578
304,579
304,580
304,581
304,582
304,583
304,584
304,585
304,586
304,587
304,588
304,589
304,590
304,591
304,592
304,593
304,594
304,595
304,596
304,597
304,598
304,599
304,600
304,601
304,602
304,603
304,604
304,605
304,606
304,607
304,608
304,609
304,610
304,611
304,612
304,613
305,308
305,309
305,310
305,311
305,312
305,313
305,314
305,315
305,316
305,317
305,318
305,319
305,320
305,321
305,322
305,323
305,324
305,325
305,326
305,327
305,328
305,329
305,330
305,331
305,332
305,333
305,334
305,335
305,336
305,337
305,338
305,339
305,340
305,341
305,342
305,343
305,344
305,345
305,346
305,347
305,348
305,349
305,350
305,351
305,352
305,353
305,354
305,355
305,356
305,357
305,358
305,359
305,360
305,361
305,362
305,363
305,364
305,365
305,366
305,367
305,368
305,374
305,375
305,376
305,377
305,378
305,379
305,380
305,381
305,382
305,383
305,384
305,385
305,386
305,387
305,388
305,389
305,390
305,391
305,392
305,393
305,394
305,395
305,396
305,397
305,398
305,399
305,400
305,401
305,402
305,403
305,404
305,405
305,406
305,407
305,408
305,409
305,410
305,411
305,412
305,487
305,488
305,489
305,490
305,491
305,492
305,493
305,494
305,495
305,496
305,497
305,498
305,499
305,500
305,501
305,502
305,503
305,504
305,505
305,506
305,507
305,508
305,509
305,510
305,511
305,512
305,513
305,514
305,515
305,516
305,517
305,518
305,519
305,520
305,521
305,522
305,523
305,524
305,525
305,526
305,527
305,528
305,529
305,530
305,531
305,532
305,535
305,536
305,537
305,538
305,539
305,540
305,541
305,542
305,543
305,544
305,545
305,546
305,547
305,548
305,549
305,550
305,551
305,552
305,553
305,554
305,555
305,556
305,557
305,558
305,559
305,560
305,561
305,562
305,563
305,564
305,565
305,566
305,567
305,568
305,569
305,570
305,571
305,572
305,573
305,574
305,575
305,576
305,577
305,578
305,579
305,580
305,581
305,582
305,583
305,584
305,585
305,586
305,587
305,588
305,589
305,590
305,591
305,592
305,593
305,594
305,595
305,596
305,597
305,598
305,599
305,600
305,601
305,602
305,603
305,604
305,605
305,606
305,607
305,608
305,609
305,610
305,611
305,612
305,637
305,638
305,639
305,640
305,641
305,642
305,643
305,644
305,645
306,308
306,309
306,310
306,311
306,312
306,313
306,314
306,315
306,316
306,317
306,318
306,319
306,320
306,321
306,322
306,323
306,324
306,325
306,326
306,327
306,328
306,329
306,330
306,331
306,332
306,333
306,334
306,335
306,336
306,337
306,338
306,339
306,340
306,341
306,342
306,343
306,344
306,345
306,346
306,347
306,348
306,349
306,350
306,351
306,352
306,353
306,354
306,355
306,356
306,357
306,358
306,359
306,360
306,361
306,362
306,363
306,364
306,365
306,366
306,367
306,368
306,374
306,375
306,376
306,377
306,378
306,379
306,380
306,381
306,382
306,383
306,384
306,385
306,386
306,387
306,388
306,389
306,390
306,391
306,392
306,393
306,394
306,395
306,396
306,397
306,398
306,399
306,400
306,401
306,402
306,403
306,404
306,405
306,406
306,407
306,408
306,409
306,410
306,411
306,412
306,488
306,489
306,490
306,491
306,492
306,493
306,494
306,495
306,496
306,497
306,498
306,499
306,500
306,501
306,502
306,503
306,504
306,505
306,506
306,507
306,508
306,509
306,510
306,511
306,512
306,513
306,514
306,515
306,516
306,517
306,518
306,519
306,520
306,521
306,522
306,523
306,524
306,525
306,526
306,527
306,528
306,529
306,530
306,531
306,532
306,534
306,535
306,536
306,537
306,538
306,539
306,540
306,541
306,542
306,543
306,544
306,545
306,546
306,547
306,548
306,549
306,550
306,551
306,552
306,553
306,554
306,555
306,556
306,557
306,558
306,559
306,560
306,561
306,562
306,563
306,564
306,565
306,566
306,567
306,568
306,569
306,570
306,571
306,572
306,573
306,574
306,575
306,576
306,577
306,578
306,579
306,580
306,581
306,582
306,583
306,584
306,585
306,586
306,587
306,588
306,589
306,590
306,591
306,592
306,593
306,594
306,595
306,596
306,597
306,598
306,599
306,600
306,601
306,602
306,603
306,604
306,605
306,606
306,607
306,608
306,609
306,610
306,611
306,612
306,633
306,634
306,635
306,636
306,637
306,638
306,639
306,640
306,641
306,642
306,643
306,644
306,645
306,646
306,647
306,648
306,649
307,308
307,309
307,310
307,311
307,312
307,313
307,314
307,315
307,316
307,317
307,318
307,319
307,320
307,321
307,322
307,323
307,324
307,325
307,326
307,327
307,328
307,329
307,330
307,331
307,332
307,333
307,334
307,335
307,336
307,337
307,338
307,339
307,340
307,341
307,342
307,343
307,344
307,345
307,346
307,347
307,348
307,349
307,350
307,351
307,352
307,353
307,354
307,355
307,356
307,357
307,358
307,359
307,360
307,361
307,362
307,363
307,364
307,365
307,366
307,367
307,368
307,374
307,375
307,376
307,377
307,378
307,379
307,380
307,381
307,382
307,383
307,384
307,385
307,386
307,387
307,388
307,389
307,390
307,391
307,392
307,393
307,394
307,395
307,396
307,397
307,398
307,399
307,400
307,401
307,402
307,403
307,404
307,405
307,406
307,407
307,408
307,409
307,410
307,411
307,412
307,489
307,490
307,491
307,492
307,493
307,494
307,495
307,496
307,497
307,498
307,499
307,500
307,501
307,502
307,503
307,504
307,505
307,506
307,507
307,508
307,509
307,510
307,511
307,512
307,513
307,514
307,515
307,516
307,517
307,518
307,519
307,520
307,521
307,522
307,523
307,524
307,525
307,526
307,527
307,528
307,529
307,530
307,531
307,532
307,533
307,534
307,535
307,536
307,537
307,538
307,539
307,540
307,541
307,542
307,543
307,544
307,545
307,546
307,547
307,548
307,549
307,550
307,551
307,552
307,553
307,554
307,555
307,556
307,557
307,558
307,559
307,560
307,561
307,562
307,563
307,564
307,565
307,566
307,567
307,568
307,569
307,570
307,571
307,572
307,573
307,574
307,575
307,576
307,577
307,578
307,579
307,580
307,581
307,582
307,583
307,584
307,585
307,586
307,587
307,588
307,589
307,590
307,591
307,592
307,593
307,594
307,595
307,596
307,597
307,598
307,599
307,600
307,601
307,602
307,603
307,604
307,605
307,606
307,607
307,608
307,609
307,610
307,611
307,631
307,632
307,633
307,634
307,635
307,636
307,637
307,638
307,639
307,640
307,641
307,642
307,643
307,644
307,645
307,646
307,647
307,648
307,649
307,650
307,651
308,307
308,308
308,309
308,310
308,311
308,312
308,313
308,314
308,315
308,316
308,317
308,318
308,319
308,320
308,321
308,322
308,323
308,324
308,325
308,326
308,327
308,328
308,329
308,330
308,331
308,332
308,333
308,334
308,335
308,336
308,337
308,338
308,339
308,340
308,341
308,342
308,343
308,344
308,345
308,346
308,347
308,348
308,349
308,350
308,351
308,352
308,353
308,354
308,355
308,356
308,357
308,358
308,359
308,360
308,361
308,362
308,363
308,364
308,365
308,366
308,367
308,368
308,369
308,374
308,375
308,376
308,377
308,378
308,379
308,380
308,381
308,382
308,383
308,384
308,385
308,386
308,387
308,388
308,389
308,390
308,391
308,392
308,393
308,394
308,395
308,396
308,397
308,398
308,399
308,400
308,401
308,402
308,403
308,404
308,405
308,406
308,407
308,408
308,409
308,410
308,411
308,412
308,491
308,492
308,493
308,494
308,495
308,496
308,497
308,498
308,499
308,500
308,501
308,502
308,503
308,504
308,505
308,506
308,507
308,508
308,509
308,510
308,511
308,512
308,513
308,514
308,515
308,516
308,517
308,518
308,519
308,520
308,521
308,522
308,523
308,524
308,525
308,526
308,527
308,528
308,529
308,530
308,531
308,533
308,534
308,535
308,536
308,537
308,538
308,539
308,540
308,541
308,542
308,543
308,544
308,545
308,546
308,547
308,548
308,549
308,550
308,551
308,552
308,553
308,554
308,555
308,556
308,557
308,558
308,559
308,560
308,561
308,562
308,563
308,564
308,565
308,566
308,567
308,568
308,569
308,570
308,571
308,572
308,573
308,574
308,575
308,576
308,577
308,578
308,579
308,580
308,581
308,582
308,583
308,584
308,585
308,586
308,587
308,588
308,589
308,590
308,591
308,592
308,593
308,594
308,595
308,596
308,597
308,598
308,599
308,600
308,601
308,602
308,603
308,604
308,605
308,606
308,607
308,608
308,609
308,610
308,611
308,629
308,630
308,631
308,632
308,633
308,634
308,635
308,636
308,637
308,638
308,639
308,640
308,641
308,642
308,643
308,644
308,645
308,646
308,647
308,648
308,649
308,650
308,651
308,652
308,653
309,307
309,308
309,309
309,310
309,311
309,312
309,313
309,314
309,315
309,316
309,317
309,318
309,319
309,320
309,321
309,322
309,323
309,324
309,325
309,326
309,327
309,328
309,329
309,330
309,331
309,332
309,333
309,334
309,335
309,336
309,337
309,338
309,339
309,340
309,341
309,342
309,343
309,344
309,345
309,346
309,347
309,348
309,349
309,350
309,351
309,352
309,353
309,354
309,355
309,356
309,357
309,358
309,359
309,360
309,361
309,362
309,363
309,364
309,365
309,366
309,367
309,368
309,369
309,375
309,376
309,377
309,378
309,379
309,380
309,381
309,382
309,383
309,384
309,385
309,386
309,387
309,388
309,389
309,390
309,391
309,392
309,393
309,394
309,395
309,396
309,397
309,398
309,399
309,400
309,401
309,402
309,403
309,404
309,405
309,406
309,407
309,408
309,409
309,410
309,411
309,492
309,493
309,494
309,495
309,496
309,497
309,498
309,499
309,500
309,501
309,502
309,503
309,504
309,505
309,506
309,507
309,508
309,509
309,510
309,511
309,512
309,513
309,514
309,515
309,516
309,517
309,518
309,519
309,520
309,521
309,522
309,523
309,524
309,525
309,526
309,527
309,528
309,529
309,530
309,533
309,534
309,535
309,536
309,537
309,538
309,539
309,540
309,541
309,542
309,543
309,544
309,545
309,546
309,547
309,548
309,549
309,550
309,551
309,552
309,553
309,554
309,555
309,556
309,557
309,558
309,559
309,560
309,561
309,562
309,563
309,564
309,565
309,566
309,567
309,568
309,569
309,570
309,571
309,572
309,573
309,574
309,575
309,576
309,577
309,578
309,579
309,580
309,581
309,582
309,583
309,584
309,585
309,586
309,587
309,588
309,589
309,590
309,591
309,592
309,593
309,594
309,595
309,596
309,597
309,598
309,599
309,600
309,601
309,602
309,603
309,604
309,605
309,606
309,607
309,608
309,609
309,610
309,611
309,628
309,629
309,630
309,631
309,632
309,633
309,634
309,635
309,636
309,637
309,638
309,639
309,640
309,641
309,642
309,643
309,644
309,645
309,646
309,647
309,648
309,649
309,650
309,651
309,652
309,653
309,654
310,307
310,308
310,309
310,310
310,311
310,312
310,313
310,314
310,315
310,316
310,317
310,318
310,319
310,320
310,321
310,322
310,323
310,324
310,325
310,326
310,327
310,328
310,329
310,330
310,331
310,332
310,333
310,334
310,335
310,336
310,337
310,338
310,339
310,340
310,341
310,342
310,343
310,344
310,345
310,346
310,347
310,348
310,349
310,350
310,351
310,352
310,353
310,354
310,355
310,356
310,357
310,358
310,359
310,360
310,361
310,362
310,363
310,364
310,365
310,366
310,367
310,368
310,369
310,375
310,376
310,377
310,378
310,379
310,380
310,381
310,382
310,383
310,384
310,385
310,386
310,387
310,388
310,389
310,390
310,391
310,392
310,393
310,394
310,395
310,396
310,397
310,398
310,399
310,400
310,401
310,402
310,403
310,404
310,405
310,406
310,407
310,408
310,409
310,410
310,411
310,493
310,494
310,495
310,496
310,497
310,498
310,499
310,500
310,501
310,502
310,503
310,504
310,505
310,506
310,507
310,508
310,509
310,510
310,511
310,512
310,513
310,514
310,515
310,516
310,517
310,518
310,519
310,520
310,521
310,522
310,523
310,524
310,525
310,526
310,527
310,528
310,529
310,534
310,535
310,536
310,537
310,538
310,539
310,540
310,541
310,542
310,543
310,544
310,545
310,546
310,547
310,548
310,549
310,550
310,551
310,552
310,553
310,554
310,555
310,556
310,557
310,558
310,559
310,560
310,561
310,562
310,563
310,564
310,565
310,566
310,567
310,568
310,569
310,570
310,571
310,572
310,573
310,574
310,575
310,576
310,577
310,578
310,579
310,580
310,581
310,582
310,583
310,584
310,585
310,586
310,587
310,588
310,589
310,590
310,591
310,592
310,593
310,594
310,595
310,596
310,597
310,598
310,599
310,600
310,601
310,602
310,603
310,604
310,605
310,606
310,607
310,608
310,609
310,610
310,626
310,627
310,628
310,629
310,630
310,631
310,632
310,633
310,634
310,635
310,636
310,637
310,638
310,639
310,640
310,641
310,642
310,643
310,644
310,645
310,646
310,647
310,648
310,649
310,650
310,651
310,652
310,653
310,654
310,655
310,656
311,307
311,308
311,309
311,310
311,311
311,312
311,313
311,314
311,315
311,316
311,317
311,318
311,319
311,320
311,321
311,322
311,323
311,324
311,325
311,326
311,327
311,328
311,329
311,330
311,331
311,332
311,333
311,334
311,335
311,336
311,337
311,338
311,339
311,340
311,341
311,342
311,343
311,344
311,345
311,346
311,347
311,348
311,349
311,350
311,351
311,352
311,353
311,354
311,355
311,356
311,357
311,358
311,359
311,360
311,361
311,362
311,363
311,364
311,365
311,366
311,367
311,368
311,369
311,375
311,376
311,377
311,378
311,379
311,380
311,381
311,382
311,383
311,384
311,385
311,386
311,387
311,388
311,389
311,390
311,391
311,392
311,393
311,394
311,395
311,396
311,397
311,398
311,399
311,400
311,401
311,402
311,403
311,404
311,405
311,406
311,407
311,408
311,409
311,410
311,411
311,495
311,496
311,497
311,498
311,499
311,500
311,501
311,502
311,503
311,504
311,505
311,506
311,507
311,508
311,509
311,510
311,511
311,512
311,513
311,514
311,515
311,516
311,517
311,518
311,519
311,520
311,521
311,522
311,523
311,524
311,525
311,526
311,527
311,534
311,535
311,536
311,537
311,538
311,539
311,540
311,541
311,542
311,543
311,544
311,545
311,546
311,547
311,548
311,549
311,550
311,551
311,552
311,553
311,554
311,555
311,556
311,557
311,558
311,559
311,560
311,561
311,562
311,563
311,564
311,565
311,566
311,567
311,568
311,569
311,570
311,571
311,572
311,573
311,574
311,575
311,576
311,577
311,578
311,579
311,580
311,581
311,582
311,583
311,584
311,585
311,586
311,587
311,588
311,589
311,590
311,591
311,592
311,593
311,594
311,595
311,596
311,597
311,598
311,599
311,600
311,601
311,602
311,603
311,604
311,605
311,606
311,607
311,608
311,609
311,610
311,625
311,626
311,627
311,628
311,629
311,630
311,631
311,632
311,633
311,634
311,635
311,636
311,637
311,638
311,639
311,640
311,641
311,642
311,643
311,644
311,645
311,646
311,647
311,648
311,649
311,650
311,651
311,652
311,653
311,654
311,655
311,656
311,657
312,306
312,307
312,308
312,309
312,310
312,311
312,312
312,313
312,314
312,315
312,316
312,317
312,318
312,319
312,320
312,321
312,322
312,323
312,324
312,325
312,326
312,327
312,328
312,329
312,330
312,331
312,332
312,333
312,334
312,335
312,336
312,337
312,338
312,339
312,340
312,341
312,342
312,343
312,344
312,345
312,346
312,347
312,348
312,349
312,350
312,351
312,352
312,353
312,354
312,355
312,356
312,357
312,358
312,359
312,360
312,361
312,362
312,363
312,364
312,365
312,366
312,367
312,368
312,369
312,370
312,376
312,377
312,378
312,379
312,380
312,381
312,382
312,383
312,384
312,385
312,386
312,387
312,388
312,389
312,390
312,391
312,392
312,393
312,394
312,395
312,396
312,397
312,398
312,399
312,400
312,401
312,402
312,403
312,404
312,405
312,406
312,407
312,408
312,409
312,410
312,497
312,498
312,499
312,500
312,501
312,502
312,503
312,504
312,505
312,506
312,507
312,508
312,509
312,510
312,511
312,512
312,513
312,514
312,515
312,516
312,517
312,518
312,519
312,520
312,521
312,522
312,523
312,524
312,525
312,535
312,536
312,537
312,538
312,539
312,540
312,541
312,542
312,543
312,544
312,545
312,546
312,547
312,548
312,549
312,550
312,551
312,552
312,553
312,554
312,555
312,556
312,557
312,558
312,559
312,560
312,561
312,562
312,563
312,564
312,565
312,566
312,567
312,568
312,569
312,570
312,571
312,572
312,573
312,574
312,575
312,576
312,577
312,578
312,579
312,580
312,581
312,582
312,583
312,584
312,585
312,586
312,587
312,588
312,589
312,590
312,591
312,592
312,593
312,594
312,595
312,596
312,597
312,598
312,599
312,600
312,601
312,602
312,603
312,604
312,605
312,606
312,607
312,608
312,609
312,624
312,625
312,626
312,627
312,628
312,629
312,630
312,631
312,632
312,633
312,634
312,635
312,636
312,637
312,638
312,639
312,640
312,641
312,642
312,643
312,644
312,645
312,646
312,647
312,648
312,649
312,650
312,651
312,652
312,653
312,654
312,655
312,656
312,657
312,658
313,306
313,307
313,308
313,309
313,310
313,311
313,312
313,313
313,314
313,315
313,316
313,317
313,318
313,319
313,320
313,321
313,322
313,323
313,324
313,325
313,326
313,327
313,328
313,329
313,330
313,331
313,332
313,333
313,334
313,335
313,336
313,337
313,338
313,339
313,340
313,341
313,342
313,343
313,344
313,345
313,346
313,347
313,348
313,349
313,350
313,351
313,352
313,353
313,354
313,355
313,356
313,357
313,358
313,359
313,360
313,361
313,362
313,363
313,364
313,365
313,366
313,367
313,368
313,369
313,370
313,376
313,377
313,378
313,379
313,380
313,381
313,382
313,383
313,384
313,385
313,386
313,387
313,388
313,389
313,390
313,391
313,392
313,393
313,394
313,395
313,396
313,397
313,398
313,399
313,400
313,401
313,402
313,403
313,404
313,405
313,406
313,407
313,408
313,409
313,410
313,499
313,500
313,501
313,502
313,503
313,504
313,505
313,506
313,507
313,508
313,509
313,510
313,511
313,512
313,513
313,514
313,515
313,516
313,517
313,518
313,519
313,520
313,521
313,522
313,523
313,536
313,537
313,538
313,539
313,540
313,541
313,542
313,543
313,544
313,545
313,546
313,547
313,548
313,549
313,550
313,551
313,552
313,553
313,554
313,555
313,556
313,557
313,558
313,559
313,560
313,561
313,562
313,563
313,564
313,565
313,566
313,567
313,568
313,569
313,570
313,571
313,572
313,573
313,574
313,575
313,576
313,577
313,578
313,579
313,580
313,581
313,582
313,583
313,584
313,585
313,586
313,587
313,588
313,589
313,590
313,591
313,592
313,593
313,594
313,595
313,596
313,597
313,598
313,599
313,600
313,601
313,602
313,603
313,604
313,605
313,606
313,607
313,608
313,623
313,624
313,625
313,626
313,627
313,628
313,629
313,630
313,631
313,632
313,633
313,634
313,635
313,636
313,637
313,638
313,639
313,640
313,641
313,642
313,643
313,644
313,645
313,646
313,647
313,648
313,649
313,650
313,651
313,652
313,653
313,654
313,655
313,656
313,657
313,658
313,659
314,306
314,307
314,308
314,309
314,310
314,311
314,312
314,313
314,314
314,315
314,316
314,317
314,318
314,319
314,320
314,321
314,322
314,323
314,324
314,325
314,326
314,327
314,328
314,329
314,330
314,331
314,332
314,333
314,334
314,335
314,336
314,337
314,338
314,339
314,340
314,341
314,342
314,343
314,344
314,345
314,346
314,347
314,348
314,349
314,350
314,351
314,352
314,353
314,354
314,355
314,356
314,357
314,358
314,359
314,360
314,361
314,362
314,363
314,364
314,365
314,366
314,367
314,368
314,369
314,370
314,377
314,378
314,379
314,380
314,381
314,382
314,383
314,384
314,385
314,386
314,387
314,388
314,389
314,390
314,391
314,392
314,393
314,394
314,395
314,396
314,397
314,398
314,399
314,400
314,401
314,402
314,403
314,404
314,405
314,406
314,407
314,408
314,409
314,502
314,503
314,504
314,505
314,506
314,507
314,508
314,509
314,510
314,511
314,512
314,513
314,514
314,515
314,516
314,517
314,518
314,519
314,520
314,536
314,537
314,538
314,539
314,540
314,541
314,542
314,543
314,544
314,545
314,546
314,547
314,548
314,549
314,550
314,551
314,552
314,553
314,554
314,555
314,556
314,557
314,558
314,559
314,560
314,561
314,562
314,563
314,564
314,565
314,566
314,567
314,568
314,569
314,570
314,571
314,572
314,573
314,574
314,575
314,576
314,577
314,578
314,579
314,580
314,581
314,582
314,583
314,584
314,585
314,586
314,587
314,588
314,589
314,590
314,591
314,592
314,593
314,594
314,595
314,596
314,597
314,598
314,599
314,600
314,601
314,602
314,603
314,604
314,605
314,606
314,607
314,608
314,622
314,623
314,624
314,625
314,626
314,627
314,628
314,629
314,630
314,631
314,632
314,633
314,634
314,635
314,636
314,637
314,638
314,639
314,640
314,641
314,642
314,643
314,644
314,645
314,646
314,647
314,648
314,649
314,650
314,651
314,652
314,653
314,654
314,655
314,656
314,657
314,658
314,659
314,660
315,306
315,307
315,308
315,309
315,310
315,311
315,312
315,313
315,314
315,315
315,316
315,317
315,318
315,319
315,320
315,321
315,322
315,323
315,324
315,325
315,326
315,327
315,328
315,329
315,330
315,331
315,332
315,333
315,334
315,335
315,336
315,337
315,338
315,339
315,340
315,341
315,342
315,343
315,344
315,345
315,346
315,347
315,348
315,349
315,350
315,351
315,352
315,353
315,354
315,355
315,356
315,357
315,358
315,359
315,360
315,361
315,362
315,363
315,364
315,365
315,366
315,367
315,368
315,369
315,370
315,378
315,379
315,380
315,381
315,382
315,383
315,384
315,385
315,386
315,387
315,388
315,389
315,390
315,391
315,392
315,393
315,394
315,395
315,396
315,397
315,398
315,399
315,400
315,401
315,402
315,403
315,404
315,405
315,406
315,407
315,408
315,506
315,507
315,508
315,509
315,510
315,511
315,512
315,513
315,514
315,515
315,516
315,537
315,538
315,539
315,540
315,541
315,542
315,543
315,544
315,545
315,546
315,547
315,548
315,549
315,550
315,551
315,552
315,553
315,554
315,555
315,556
315,557
315,558
315,559
315,560
315,561
315,562
315,563
315,564
315,565
315,566
315,567
315,568
315,569
315,570
315,571
315,572
315,573
315,574
315,575
315,576
315,577
315,578
315,579
315,580
315,581
315,582
315,583
315,584
315,585
315,586
315,587
315,588
315,589
315,590
315,591
315,592
315,593
315,594
315,595
315,596
315,597
315,598
315,599
315,600
315,601
315,602
315,603
315,604
315,605
315,606
315,607
315,622
315,623
315,624
315,625
315,626
315,627
315,628
315,629
315,630
315,631
315,632
315,633
315,634
315,635
315,636
315,637
315,638
315,639
315,640
315,641
315,642
315,643
315,644
315,645
315,646
315,647
315,648
315,649
315,650
315,651
315,652
315,653
315,654
315,655
315,656
315,657
315,658
315,659
315,660
316,306
316,307
316,308
316,309
316,310
316,311
316,312
316,313
316,314
316,315
316,316
316,317
316,318
316,319
316,320
316,321
316,322
316,323
316,324
316,325
316,326
316,327
316,328
316,329
316,330
316,331
316,332
316,333
316,334
316,335
316,336
316,337
316,338
316,339
316,340
316,341
316,342
316,343
316,344
316,345
316,346
316,347
316,348
316,349
316,350
316,351
316,352
316,353
316,354
316,355
316,356
316,357
316,358
316,359
316,360
316,361
316,362
316,363
316,364
316,365
316,366
316,367
316,368
316,369
316,370
316,378
316,379
316,380
316,381
316,382
316,383
316,384
316,385
316,386
316,387
316,388
316,389
316,390
316,391
316,392
316,393
316,394
316,395
316,396
316,397
316,398
316,399
316,400
316,401
316,402
316,403
316,404
316,405
316,406
316,407
316,408
316,538
316,539
316,540
316,541
316,542
316,543
316,544
316,545
316,546
316,547
316,548
316,549
316,550
316,551
316,552
316,553
316,554
316,555
316,556
316,557
316,558
316,559
316,560
316,561
316,562
316,563
316,564
316,565
316,566
316,567
316,568
316,569
316,570
316,571
316,572
316,573
316,574
316,575
316,576
316,577
316,578
316,579
316,580
316,581
316,582
316,583
316,584
316,585
316,586
316,587
316,588
316,589
316,590
316,591
316,592
316,593
316,594
316,595
316,596
316,597
316,598
316,599
316,600
316,601
316,602
316,603
316,604
316,605
316,606
316,621
316,622
316,623
316,624
316,625
316,626
316,627
316,628
316,629
316,630
316,631
316,632
316,633
316,634
316,635
316,636
316,637
316,638
316,639
316,640
316,641
316,642
316,643
316,644
316,645
316,646
316,647
316,648
316,649
316,650
316,651
316,652
316,653
316,654
316,655
316,656
316,657
316,658
316,659
316,660
316,661
317,306
317,307
317,308
317,309
317,310
317,311
317,312
317,313
317,314
317,315
317,316
317,317
317,318
317,319
317,320
317,321
317,322
317,323
317,324
317,325
317,326
317,327
317,328
317,329
317,330
317,331
317,332
317,333
317,334
317,335
317,336
317,337
317,338
317,339
317,340
317,341
317,342
317,343
317,344
317,345
317,346
317,347
317,348
317,349
317,350
317,351
317,352
317,353
317,354
317,355
317,356
317,357
317,358
317,359
317,360
317,361
317,362
317,363
317,364
317,365
317,366
317,367
317,368
317,369
317,370
317,379
317,380
317,381
317,382
317,383
317,384
317,385
317,386
317,387
317,388
317,389
317,390
317,391
317,392
317,393
317,394
317,395
317,396
317,397
317,398
317,399
317,400
317,401
317,402
317,403
317,404
317,405
317,406
317,407
317,539
317,540
317,541
317,542
317,543
317,544
317,545
317,546
317,547
317,548
317,549
317,550
317,551
317,552
317,553
317,554
317,555
317,556
317,557
317,558
317,559
317,560
317,561
317,562
317,563
317,564
317,565
317,566
317,567
317,568
317,569
317,570
317,571
317,572
317,573
317,574
317,575
317,576
317,577
317,578
317,579
317,580
317,581
317,582
317,583
317,584
317,585
317,586
317,587
317,588
317,589
317,590
317,591
317,592
317,593
317,594
317,595
317,596
317,597
317,598
317,599
317,600
317,601
317,602
317,603
317,604
317,605
317,620
317,621
317,622
317,623
317,624
317,625
317,626
317,627
317,628
317,629
317,630
317,631
317,632
317,633
317,634
317,635
317,636
317,637
317,638
317,639
317,640
317,641
317,642
317,643
317,644
317,645
317,646
317,647
317,648
317,649
317,650
317,651
317,652
317,653
317,654
317,655
317,656
317,657
317,658
317,659
317,660
317,661
317,662
318,306
318,307
318,308
318,309
318,310
318,311
318,312
318,313
318,314
318,315
318,316
318,317
318,318
318,319
318,320
318,321
318,322
318,323
318,324
318,325
318,326
318,327
318,328
318,329
318,330
318,331
318,332
318,333
318,334
318,335
318,336
318,337
318,338
318,339
318,340
318,341
318,342
318,343
318,344
318,345
318,346
318,347
318,348
318,349
318,350
318,351
318,352
318,353
318,354
318,355
318,356
318,357
318,358
318,359
318,360
318,361
318,362
318,363
318,364
318,365
318,366
318,367
318,368
318,369
318,370
318,380
318,381
318,382
318,383
318,384
318,385
318,386
318,387
318,388
318,389
318,390
318,391
318,392
318,393
318,394
318,395
318,396
318,397
318,398
318,399
318,400
318,401
318,402
318,403
318,404
318,405
318,406
318,539
318,540
318,541
318,542
318,543
318,544
318,545
318,546
318,547
318,548
318,549
318,550
318,551
318,552
318,553
318,554
318,555
318,556
318,557
318,558
318,559
318,560
318,561
318,562
318,563
318,564
318,565
318,566
318,567
318,568
318,569
318,570
318,571
318,572
318,573
318,574
318,575
318,576
318,577
318,578
318,579
318,580
318,581
318,582
318,583
318,584
318,585
318,586
318,587
318,588
318,589
318,590
318,591
318,592
318,593
318,594
318,595
318,596
318,597
318,598
318,599
318,600
318,601
318,602
318,603
318,604
318,605
318,620
318,621
318,622
318,623
318,624
318,625
318,626
318,627
318,628
318,629
318,630
318,631
318,632
318,633
318,634
318,635
318,636
318,637
318,638
318,639
318,640
318,641
318,642
318,643
318,644
318,645
318,646
318,647
318,648
318,649
318,650
318,651
318,652
318,653
318,654
318,655
318,656
318,657
318,658
318,659
318,660
318,661
318,662
319,306
319,307
319,308
319,309
319,310
319,311
319,312
319,313
319,314
319,315
319,316
319,317
319,318
319,319
319,320
319,321
319,322
319,323
319,324
319,325
319,326
319,327
319,328
319,329
319,330
319,331
319,332
319,333
319,334
319,335
319,336
319,337
319,338
319,339
319,340
319,341
319,342
319,343
319,344
319,345
319,346
319,347
319,348
319,349
319,350
319,351
319,352
319,353
319,354
319,355
319,356
319,357
319,358
319,359
319,360
319,361
319,362
319,363
319,364
319,365
319,366
319,367
319,368
319,369
319,370
319,381
319,382
319,383
319,384
319,385
319,386
319,387
319,388
319,389
319,390
319,391
319,392
319,393
319,394
319,395
319,396
319,397
319,398
319,399
319,400
319,401
319,402
319,403
319,404
319,405
319,540
319,541
319,542
319,543
319,544
319,545
319,546
319,547
319,548
319,549
319,550
319,551
319,552
319,553
319,554
319,555
319,556
319,557
319,558
319,559
319,560
319,561
319,562
319,563
319,564
319,565
319,566
319,567
319,568
319,569
319,570
319,571
319,572
319,573
319,574
319,575
319,576
319,577
319,578
319,579
319,580
319,581
319,582
319,583
319,584
319,585
319,586
319,587
319,588
319,589
319,590
319,591
319,592
319,593
319,594
319,595
319,596
319,597
319,598
319,599
319,600
319,601
319,602
319,603
319,604
319,619
319,620
319,621
319,622
319,623
319,624
319,625
319,626
319,627
319,628
319,629
319,630
319,631
319,632
319,633
319,634
319,635
319,636
319,637
319,638
319,639
319,640
319,641
319,642
319,643
319,644
319,645
319,646
319,647
319,648
319,649
319,650
319,651
319,652
319,653
319,654
319,655
319,656
319,657
319,658
319,659
319,660
319,661
319,662
319,663
320,306
320,307
320,308
320,309
320,310
320,311
320,312
320,313
320,314
320,315
320,316
320,317
320,318
320,319
320,320
320,321
320,322
320,323
320,324
320,325
320,326
320,327
320,328
320,329
320,330
320,331
320,332
320,333
320,334
320,335
320,336
320,337
320,338
320,339
320,340
320,341
320,342
320,343
320,344
320,345
320,346
320,347
320,348
320,349
320,350
320,351
320,352
320,353
320,354
320,355
320,356
320,357
320,358
320,359
320,360
320,361
320,362
320,363
320,364
320,365
320,366
320,367
320,368
320,369
320,370
320,383
320,384
320,385
320,386
320,387
320,388
320,389
320,390
320,391
320,392
320,393
320,394
320,395
320,396
320,397
320,398
320,399
320,400
320,401
320,402
320,403
320,541
320,542
320,543
320,544
320,545
320,546
320,547
320,548
320,549
320,550
320,551
320,552
320,553
320,554
320,555
320,556
320,557
320,558
320,559
320,560
320,561
320,562
320,563
320,564
320,565
320,566
320,567
320,568
320,569
320,570
320,571
320,572
320,573
320,574
320,575
320,576
320,577
320,578
320,579
320,580
320,581
320,582
320,583
320,584
320,585
320,586
320,587
320,588
320,589
320,590
320,591
320,592
320,593
320,594
320,595
320,596
320,597
320,598
320,599
320,600
320,601
320,602
320,603
320,619
320,620
320,621
320,622
320,623
320,624
320,625
320,626
320,627
320,628
320,629
320,630
320,631
320,632
320,633
320,634
320,635
320,636
320,637
320,638
320,639
320,640
320,641
320,642
320,643
320,644
320,645
320,646
320,647
320,648
320,649
320,650
320,651
320,652
320,653
320,654
320,655
320,656
320,657
320,658
320,659
320,660
320,661
320,662
320,663
321,306
321,307
321,308
321,309
321,310
321,311
321,312
321,313
321,314
321,315
321,316
321,317
321,318
321,319
321,320
321,321
321,322
321,323
321,324
321,325
321,326
321,327
321,328
321,329
321,330
321,331
321,332
321,333
321,334
321,335
321,336
321,337
321,338
321,339
321,340
321,341
321,342
321,343
321,344
321,345
321,346
321,347
321,348
321,349
321,350
321,351
321,352
321,353
321,354
321,355
321,356
321,357
321,358
321,359
321,360
321,361
321,362
321,363
321,364
321,365
321,366
321,367
321,368
321,369
321,370
321,384
321,385
321,386
321,387
321,388
321,389
321,390
321,391
321,392
321,393
321,394
321,395
321,396
321,397
321,398
321,399
321,400
321,401
321,402
321,542
321,543
321,544
321,545
321,546
321,547
321,548
321,549
321,550
321,551
321,552
321,553
321,554
321,555
321,556
321,557
321,558
321,559
321,560
321,561
321,562
321,563
321,564
321,565
321,566
321,567
321,568
321,569
321,570
321,571
321,572
321,573
321,574
321,575
321,576
321,577
321,578
321,579
321,580
321,581
321,582
321,583
321,584
321,585
321,586
321,587
321,588
321,589
321,590
321,591
321,592
321,593
321,594
321,595
321,596
321,597
321,598
321,599
321,600
321,601
321,602
321,618
321,619
321,620
321,621
321,622
321,623
321,624
321,625
321,626
321,627
321,628
321,629
321,630
321,631
321,632
321,633
321,634
321,635
321,636
321,637
321,638
321,639
321,640
321,641
321,642
321,643
321,644
321,645
321,646
321,647
321,648
321,649
321,650
321,651
321,652
321,653
321,654
321,655
321,656
321,657
321,658
321,659
321,660
321,661
321,662
321,663
321,664
322,306
322,307
322,308
322,309
322,310
322,311
322,312
322,313
322,314
322,315
322,316
322,317
322,318
322,319
322,320
322,321
322,322
322,323
322,324
322,325
322,326
322,327
322,328
322,329
322,330
322,331
322,332
322,333
322,334
322,335
322,336
322,337
322,338
322,339
322,340
322,341
322,342
322,343
322,344
322,345
322,346
322,347
322,348
322,349
322,350
322,351
322,352
322,353
322,354
322,355
322,356
322,357
322,358
322,359
322,360
322,361
322,362
322,363
322,364
322,365
322,366
322,367
322,368
322,369
322,370
322,386
322,387
322,388
322,389
322,390
322,391
322,392
322,393
322,394
322,395
322,396
322,397
322,398
322,399
322,400
322,543
322,544
322,545
322,546
322,547
322,548
322,549
322,550
322,551
322,552
322,553
322,554
322,555
322,556
322,557
322,558
322,559
322,560
322,561
322,562
322,563
322,564
322,565
322,566
322,567
322,568
322,569
322,570
322,571
322,572
322,573
322,574
322,575
322,576
322,577
322,578
322,579
322,580
322,581
322,582
322,583
322,584
322,585
322,586
322,587
322,588
322,589
322,590
322,591
322,592
322,593
322,594
322,595
322,596
322,597
322,598
322,599
322,600
322,601
322,618
322,619
322,620
322,621
322,622
322,623
322,624
322,625
322,626
322,627
322,628
322,629
322,630
322,631
322,632
322,633
322,634
322,635
322,636
322,637
322,638
322,639
322,640
322,641
322,642
322,643
322,644
322,645
322,646
322,647
322,648
322,649
322,650
322,651
322,652
322,653
322,654
322,655
322,656
322,657
322,658
322,659
322,660
322,661
322,662
322,663
322,664
323,307
323,308
323,309
323,310
323,311
323,312
323,313
323,314
323,315
323,316
323,317
323,318
323,319
323,320
323,321
323,322
323,323
323,324
323,325
323,326
323,327
323,328
323,329
323,330
323,331
323,332
323,333
323,334
323,335
323,336
323,337
323,338
323,339
323,340
323,341
323,342
323,343
323,344
323,345
323,346
323,347
323,348
323,349
323,350
323,351
323,352
323,353
323,354
323,355
323,356
323,357
323,358
323,359
323,360
323,361
323,362
323,363
323,364
323,365
323,366
323,367
323,368
323,369
323,389
323,390
323,391
323,392
323,393
323,394
323,395
323,396
323,397
323,544
323,545
323,546
323,547
323,548
323,549
323,550
323,551
323,552
323,553
323,554
323,555
323,556
323,557
323,558
323,559
323,560
323,561
323,562
323,563
323,564
323,565
323,566
323,567
323,568
323,569
323,570
323,571
323,572
323,573
323,574
323,575
323,576
323,577
323,578
323,579
323,580
323,581
323,582
323,583
323,584
323,585
323,586
323,587
323,588
323,589
323,590
323,591
323,592
323,593
323,594
323,595
323,596
323,597
323,598
323,599
323,600
323,618
323,619
323,620
323,621
323,622
323,623
323,624
323,625
323,626
323,627
323,628
323,629
323,630
323,631
323,632
323,633
323,634
323,635
323,636
323,637
323,638
323,639
323,640
323,641
323,642
323,643
323,644
323,645
323,646
323,647
323,648
323,649
323,650
323,651
323,652
323,653
323,654
323,655
323,656
323,657
323,658
323,659
323,660
323,661
323,662
323,663
323,664
324,307
324,308
324,309
324,310
324,311
324,312
324,313
324,314
324,315
324,316
324,317
324,318
324,319
324,320
324,321
324,322
324,323
324,324
324,325
324,326
324,327
324,328
324,329
324,330
324,331
324,332
324,333
324,334
324,335
324,336
324,337
324,338
324,339
324,340
324,341
324,342
324,343
324,344
324,345
324,346
324,347
324,348
324,349
324,350
324,351
324,352
324,353
324,354
324,355
324,356
324,357
324,358
324,359
324,360
324,361
324,362
324,363
324,364
324,365
324,366
324,367
324,368
324,369
324,546
324,547
324,548
324,549
324,550
324,551
324,552
324,553
324,554
324,555
324,556
324,557
324,558
324,559
324,560
324,561
324,562
324,563
324,564
324,565
324,566
324,567
324,568
324,569
324,570
324,571
324,572
324,573
324,574
324,575
324,576
324,577
324,578
324,579
324,580
324,581
324,582
324,583
324,584
324,585
324,586
324,587
324,588
324,589
324,590
324,591
324,592
324,593
324,594
324,595
324,596
324,597
324,598
324,618
324,619
324,620
324,621
324,622
324,623
324,624
324,625
324,626
324,627
324,628
324,629
324,630
324,631
324,632
324,633
324,634
324,635
324,636
324,637
324,638
324,639
324,640
324,641
324,642
324,643
324,644
324,645
324,646
324,647
324,648
324,649
324,650
324,651
324,652
324,653
324,654
324,655
324,656
324,657
324,658
324,659
324,660
324,661
324,662
324,663
324,664
325,307
325,308
325,309
325,310
325,311
325,312
325,313
325,314
325,315
325,316
325,317
325,318
325,319
325,320
325,321
325,322
325,323
325,324
325,325
325,326
325,327
325,328
325,329
325,330
325,331
325,332
325,333
325,334
325,335
325,336
325,337
325,338
325,339
325,340
325,341
325,342
325,343
325,344
325,345
325,346
325,347
325,348
325,349
325,350
325,351
325,352
325,353
325,354
325,355
325,356
325,357
325,358
325,359
325,360
325,361
325,362
325,363
325,364
325,365
325,366
325,367
325,368
325,369
325,547
325,548
325,549
325,550
325,551
325,552
325,553
325,554
325,555
325,556
325,557
325,558
325,559
325,560
325,561
325,562
325,563
325,564
325,565
325,566
325,567
325,568
325,569
325,570
325,571
325,572
325,573
325,574
325,575
325,576
325,577
325,578
325,579
325,580
325,581
325,582
325,583
325,584
325,585
325,586
325,587
325,588
325,589
325,590
325,591
325,592
325,593
325,594
325,595
325,596
325,597
325,617
325,618
325,619
325,620
325,621
325,622
325,623
325,624
325,625
325,626
325,627
325,628
325,629
325,630
325,631
325,632
325,633
325,634
325,635
325,636
325,637
325,638
325,639
325,640
325,641
325,642
325,643
325,644
325,645
325,646
325,647
325,648
325,649
325,650
325,651
325,652
325,653
325,654
325,655
325,656
325,657
325,658
325,659
325,660
325,661
325,662
325,663
325,664
325,665
326,307
326,308
326,309
326,310
326,311
326,312
326,313
326,314
326,315
326,316
326,317
326,318
326,319
326,320
326,321
326,322
326,323
326,324
326,325
326,326
326,327
326,328
326,329
326,330
326,331
326,332
326,333
326,334
326,335
326,336
326,337
326,338
326,339
326,340
326,341
326,342
326,343
326,344
326,345
326,346
326,347
326,348
326,349
326,350
326,351
326,352
326,353
326,354
326,355
326,356
326,357
326,358
326,359
326,360
326,361
326,362
326,363
326,364
326,365
326,366
326,367
326,368
326,369
326,548
326,549
326,550
326,551
326,552
326,553
326,554
326,555
326,556
326,557
326,558
326,559
326,560
326,561
326,562
326,563
326,564
326,565
326,566
326,567
326,568
326,569
326,570
326,571
326,572
326,573
326,574
326,575
326,576
326,577
326,578
326,579
326,580
326,581
326,582
326,583
326,584
326,585
326,586
326,587
326,588
326,589
326,590
326,591
326,592
326,593
326,594
326,595
326,596
326,617
326,618
326,619
326,620
326,621
326,622
326,623
326,624
326,625
326,626
326,627
326,628
326,629
326,630
326,631
326,632
326,633
326,634
326,635
326,636
326,637
326,638
326,639
326,640
326,641
326,642
326,643
326,644
326,645
326,646
326,647
326,648
326,649
326,650
326,651
326,652
326,653
326,654
326,655
326,656
326,657
326,658
326,659
326,660
326,661
326,662
326,663
326,664
326,665
327,308
327,309
327,310
327,311
327,312
327,313
327,314
327,315
327,316
327,317
327,318
327,319
327,320
327,321
327,322
327,323
327,324
327,325
327,326
327,327
327,328
327,329
327,330
327,331
327,332
327,333
327,334
327,335
327,336
327,337
327,338
327,339
327,340
327,341
327,342
327,343
327,344
327,345
327,346
327,347
327,348
327,349
327,350
327,351
327,352
327,353
327,354
327,355
327,356
327,357
327,358
327,359
327,360
327,361
327,362
327,363
327,364
327,365
327,366
327,367
327,368
327,550
327,551
327,552
327,553
327,554
327,555
327,556
327,557
327,558
327,559
327,560
327,561
327,562
327,563
327,564
327,565
327,566
327,567
327,568
327,569
327,570
327,571
327,572
327,573
327,574
327,575
327,576
327,577
327,578
327,579
327,580
327,581
327,582
327,583
327,584
327,585
327,586
327,587
327,588
327,589
327,590
327,591
327,592
327,593
327,594
327,617
327,618
327,619
327,620
327,621
327,622
327,623
327,624
327,625
327,626
327,627
327,628
327,629
327,630
327,631
327,632
327,633
327,634
327,635
327,636
327,637
327,638
327,639
327,640
327,641
327,642
327,643
327,644
327,645
327,646
327,647
327,648
327,649
327,650
327,651
327,652
327,653
327,654
327,655
327,656
327,657
327,658
327,659
327,660
327,661
327,662
327,663
327,664
327,665
328,308
328,309
328,310
328,311
328,312
328,313
328,314
328,315
328,316
328,317
328,318
328,319
328,320
328,321
328,322
328,323
328,324
328,325
328,326
328,327
328,328
328,329
328,330
328,331
328,332
328,333
328,334
328,335
328,336
328,337
328,338
328,339
328,340
328,341
328,342
328,343
328,344
328,345
328,346
328,347
328,348
328,349
328,350
328,351
328,352
328,353
328,354
328,355
328,356
328,357
328,358
328,359
328,360
328,361
328,362
328,363
328,364
328,365
328,366
328,367
328,368
328,551
328,552
328,553
328,554
328,555
328,556
328,557
328,558
328,559
328,560
328,561
328,562
328,563
328,564
328,565
328,566
328,567
328,568
328,569
328,570
328,571
328,572
328,573
328,574
328,575
328,576
328,577
328,578
328,579
328,580
328,581
328,582
328,583
328,584
328,585
328,586
328,587
328,588
328,589
328,590
328,591
328,592
328,593
328,617
328,618
328,619
328,620
328,621
328,622
328,623
328,624
328,625
328,626
328,627
328,628
328,629
328,630
328,631
328,632
328,633
328,634
328,635
328,636
328,637
328,638
328,639
328,640
328,641
328,642
328,643
328,644
328,645
328,646
328,647
328,648
328,649
328,650
328,651
328,652
328,653
328,654
328,655
328,656
328,657
328,658
328,659
328,660
328,661
328,662
328,663
328,664
328,665
329,308
329,309
329,310
329,311
329,312
329,313
329,314
329,315
329,316
329,317
329,318
329,319
329,320
329,321
329,322
329,323
329,324
329,325
329,326
329,327
329,328
329,329
329,330
329,331
329,332
329,333
329,334
329,335
329,336
329,337
329,338
329,339
329,340
329,341
329,342
329,343
329,344
329,345
329,346
329,347
329,348
329,349
329,350
329,351
329,352
329,353
329,354
329,355
329,356
329,357
329,358
329,359
329,360
329,361
329,362
329,363
329,364
329,365
329,366
329,367
329,368
329,553
329,554
329,555
329,556
329,557
329,558
329,559
329,560
329,561
329,562
329,563
329,564
329,565
329,566
329,567
329,568
329,569
329,570
329,571
329,572
329,573
329,574
329,575
329,576
329,577
329,578
329,579
329,580
329,581
329,582
329,583
329,584
329,585
329,586
329,587
329,588
329,589
329,590
329,591
329,617
329,618
329,619
329,620
329,621
329,622
329,623
329,624
329,625
329,626
329,627
329,628
329,629
329,630
329,631
329,632
329,633
329,634
329,635
329,636
329,637
329,638
329,639
329,640
329,641
329,642
329,643
329,644
329,645
329,646
329,647
329,648
329,649
329,650
329,651
329,652
329,653
329,654
329,655
329,656
329,657
329,658
329,659
329,660
329,661
329,662
329,663
329,664
329,665
330,309
330,310
330,311
330,312
330,313
330,314
330,315
330,316
330,317
330,318
330,319
330,320
330,321
330,322
330,323
330,324
330,325
330,326
330,327
330,328
330,329
330,330
330,331
330,332
330,333
330,334
330,335
330,336
330,337
330,338
330,339
330,340
330,341
330,342
330,343
330,344
330,345
330,346
330,347
330,348
330,349
330,350
330,351
330,352
330,353
330,354
330,355
330,356
330,357
330,358
330,359
330,360
330,361
330,362
330,363
330,364
330,365
330,366
330,367
330,556
330,557
330,558
330,559
330,560
330,561
330,562
330,563
330,564
330,565
330,566
330,567
330,568
330,569
330,570
330,571
330,572
330,573
330,574
330,575
330,576
330,577
330,578
330,579
330,580
330,581
330,582
330,583
330,584
330,585
330,586
330,587
330,588
330,617
330,618
330,619
330,620
330,621
330,622
330,623
330,624
330,625
330,626
330,627
330,628
330,629
330,630
330,631
330,632
330,633
330,634
330,635
330,636
330,637
330,638
330,639
330,640
330,641
330,642
330,643
330,644
330,645
330,646
330,647
330,648
330,649
330,650
330,651
330,652
330,653
330,654
330,655
330,656
330,657
330,658
330,659
330,660
330,661
330,662
330,663
330,664
330,665
331,309
331,310
331,311
331,312
331,313
331,314
331,315
331,316
331,317
331,318
331,319
331,320
331,321
331,322
331,323
331,324
331,325
331,326
331,327
331,328
331,329
331,330
331,331
331,332
331,333
331,334
331,335
331,336
331,337
331,338
331,339
331,340
331,341
331,342
331,343
331,344
331,345
331,346
331,347
331,348
331,349
331,350
331,351
331,352
331,353
331,354
331,355
331,356
331,357
331,358
331,359
331,360
331,361
331,362
331,363
331,364
331,365
331,366
331,367
331,558
331,559
331,560
331,561
331,562
331,563
331,564
331,565
331,566
331,567
331,568
331,569
331,570
331,571
331,572
331,573
331,574
331,575
331,576
331,577
331,578
331,579
331,580
331,581
331,582
331,583
331,584
331,585
331,586
331,617
331,618
331,619
331,620
331,621
331,622
331,623
331,624
331,625
331,626
331,627
331,628
331,629
331,630
331,631
331,632
331,633
331,634
331,635
331,636
331,637
331,638
331,639
331,640
331,641
331,642
331,643
331,644
331,645
331,646
331,647
331,648
331,649
331,650
331,651
331,652
331,653
331,654
331,655
331,656
331,657
331,658
331,659
331,660
331,661
331,662
331,663
331,664
331,665
332,310
332,311
332,312
332,313
332,314
332,315
332,316
332,317
332,318
332,319
332,320
332,321
332,322
332,323
332,324
332,325
332,326
332,327
332,328
332,329
332,330
332,331
332,332
332,333
332,334
332,335
332,336
332,337
332,338
332,339
332,340
332,341
332,342
332,343
332,344
332,345
332,346
332,347
332,348
332,349
332,350
332,351
332,352
332,353
332,354
332,355
332,356
332,357
332,358
332,359
332,360
332,361
332,362
332,363
332,364
332,365
332,366
332,561
332,562
332,563
332,564
332,565
332,566
332,567
332,568
332,569
332,570
332,571
332,572
332,573
332,574
332,575
332,576
332,577
332,578
332,579
332,580
332,581
332,582
332,583
332,617
332,618
332,619
332,620
332,621
332,622
332,623
332,624
332,625
332,626
332,627
332,628
332,629
332,630
332,631
332,632
332,633
332,634
332,635
332,636
332,637
332,638
332,639
332,640
332,641
332,642
332,643
332,644
332,645
332,646
332,647
332,648
332,649
332,650
332,651
332,652
332,653
332,654
332,655
332,656
332,657
332,658
332,659
332,660
332,661
332,662
332,663
332,664
332,665
333,310
333,311
333,312
333,313
333,314
333,315
333,316
333,317
333,318
333,319
333,320
333,321
333,322
333,323
333,324
333,325
333,326
333,327
333,328
333,329
333,330
333,331
333,332
333,333
333,334
333,335
333,336
333,337
333,338
333,339
333,340
333,341
333,342
333,343
333,344
333,345
333,346
333,347
333,348
333,349
333,350
333,351
333,352
333,353
333,354
333,355
333,356
333,357
333,358
333,359
333,360
333,361
333,362
333,363
333,364
333,365
333,366
333,566
333,567
333,568
333,569
333,570
333,571
333,572
333,573
333,574
333,575
333,576
333,577
333,578
333,617
333,618
333,619
333,620
333,621
333,622
333,623
333,624
333,625
333,626
333,627
333,628
333,629
333,630
333,631
333,632
333,633
333,634
333,635
333,636
333,637
333,638
333,639
333,640
333,641
333,642
333,643
333,644
333,645
333,646
333,647
333,648
333,649
333,650
333,651
333,652
333,653
333,654
333,655
333,656
333,657
333,658
333,659
333,660
333,661
333,662
333,663
333,664
333,665
334,311
334,312
334,313
334,314
334,315
334,316
334,317
334,318
334,319
334,320
334,321
334,322
334,323
334,324
334,325
334,326
334,327
334,328
334,329
334,330
334,331
334,332
334,333
334,334
334,335
334,336
334,337
334,338
334,339
334,340
334,341
334,342
334,343
334,344
334,345
334,346
334,347
334,348
334,349
334,350
334,351
334,352
334,353
334,354
334,355
334,356
334,357
334,358
334,359
334,360
334,361
334,362
334,363
334,364
334,365
334,618
334,619
334,620
334,621
334,622
334,623
334,624
334,625
334,626
334,627
334,628
334,629
334,630
334,631
334,632
334,633
334,634
334,635
334,636
334,637
334,638
334,639
334,640
334,641
334,642
334,643
334,644
334,645
334,646
334,647
334,648
334,649
334,650
334,651
334,652
334,653
334,654
334,655
334,656
334,657
334,658
334,659
334,660
334,661
334,662
334,663
334,664
335,312
335,313
335,314
335,315
335,316
335,317
335,318
335,319
335,320
335,321
335,322
335,323
335,324
335,325
335,326
335,327
335,328
335,329
335,330
335,331
335,332
335,333
335,334
335,335
335,336
335,337
335,338
335,339
335,340
335,341
335,342
335,343
335,344
335,345
335,346
335,347
335,348
335,349
335,350
335,351
335,352
335,353
335,354
335,355
335,356
335,357
335,358
335,359
335,360
335,361
335,362
335,363
335,364
335,618
335,619
335,620
335,621
335,622
335,623
335,624
335,625
335,626
335,627
335,628
335,629
335,630
335,631
335,632
335,633
335,634
335,635
335,636
335,637
335,638
335,639
335,640
335,641
335,642
335,643
335,644
335,645
335,646
335,647
335,648
335,649
335,650
335,651
335,652
335,653
335,654
335,655
335,656
335,657
335,658
335,659
335,660
335,661
335,662
335,663
335,664
336,312
336,313
336,314
336,315
336,316
336,317
336,318
336,319
336,320
336,321
336,322
336,323
336,324
336,325
336,326
336,327
336,328
336,329
336,330
336,331
336,332
336,333
336,334
336,335
336,336
336,337
336,338
336,339
336,340
336,341
336,342
336,343
336,344
336,345
336,346
336,347
336,348
336,349
336,350
336,351
336,352
336,353
336,354
336,355
336,356
336,357
336,358
336,359
336,360
336,361
336,362
336,363
336,364
336,618
336,619
336,620
336,621
336,622
336,623
336,624
336,625
336,626
336,627
336,628
336,629
336,630
336,631
336,632
336,633
336,634
336,635
336,636
336,637
336,638
336,639
336,640
336,641
336,642
336,643
336,644
336,645
336,646
336,647
336,648
336,649
336,650
336,651
336,652
336,653
336,654
336,655
336,656
336,657
336,658
336,659
336,660
336,661
336,662
336,663
336,664
337,313
337,314
337,315
337,316
337,317
337,318
337,319
337,320
337,321
337,322
337,323
337,324
337,325
337,326
337,327
337,328
337,329
337,330
337,331
337,332
337,333
337,334
337,335
337,336
337,337
337,338
337,339
337,340
337,341
337,342
337,343
337,344
337,345
337,346
337,347
337,348
337,349
337,350
337,351
337,352
337,353
337,354
337,355
337,356
337,357
337,358
337,359
337,360
337,361
337,362
337,363
337,618
337,619
337,620
337,621
337,622
337,623
337,624
337,625
337,626
337,627
337,628
337,629
337,630
337,631
337,632
337,633
337,634
337,635
337,636
337,637
337,638
337,639
337,640
337,641
337,642
337,643
337,644
337,645
337,646
337,647
337,648
337,649
337,650
337,651
337,652
337,653
337,654
337,655
337,656
337,657
337,658
337,659
337,660
337,661
337,662
337,663
337,664
338,314
338,315
338,316
338,317
338,318
338,319
338,320
338,321
338,322
338,323
338,324
338,325
338,326
338,327
338,328
338,329
338,330
338,331
338,332
338,333
338,334
338,335
338,336
338,337
338,338
338,339
338,340
338,341
338,342
338,343
338,344
338,345
338,346
338,347
338,348
338,349
338,350
338,351
338,352
338,353
338,354
338,355
338,356
338,357
338,358
338,359
338,360
338,361
338,362
338,619
338,620
338,621
338,622
338,623
338,624
338,625
338,626
338,627
338,628
338,629
338,630
338,631
338,632
338,633
338,634
338,635
338,636
338,637
338,638
338,639
338,640
338,641
338,642
338,643
338,644
338,645
338,646
338,647
338,648
338,649
338,650
338,651
338,652
338,653
338,654
338,655
338,656
338,657
338,658
338,659
338,660
338,661
338,662
338,663
339,315
339,316
339,317
339,318
339,319
339,320
339,321
339,322
339,323
339,324
339,325
339,326
339,327
339,328
339,329
339,330
339,331
339,332
339,333
339,334
339,335
339,336
339,337
339,338
339,339
339,340
339,341
339,342
339,343
339,344
339,345
339,346
339,347
339,348
339,349
339,350
339,351
339,352
339,353
339,354
339,355
339,356
339,357
339,358
339,359
339,360
339,361
339,619
339,620
339,621
339,622
339,623
339,624
339,625
339,626
339,627
339,628
339,629
339,630
339,631
339,632
339,633
339,634
339,635
339,636
339,637
339,638
339,639
339,640
339,641
339,642
339,643
339,644
339,645
339,646
339,647
339,648
339,649
339,650
339,651
339,652
339,653
339,654
339,655
339,656
339,657
339,658
339,659
339,660
339,661
339,662
339,663
340,316
340,317
340,318
340,319
340,320
340,321
340,322
340,323
340,324
340,325
340,326
340,327
340,328
340,329
340,330
340,331
340,332
340,333
340,334
340,335
340,336
340,337
340,338
340,339
340,340
340,341
340,342
340,343
340,344
340,345
340,346
340,347
340,348
340,349
340,350
340,351
340,352
340,353
340,354
340,355
340,356
340,357
340,358
340,359
340,360
340,620
340,621
340,622
340,623
340,624
340,625
340,626
340,627
340,628
340,629
340,630
340,631
340,632
340,633
340,634
340,635
340,636
340,637
340,638
340,639
340,640
340,641
340,642
340,643
340,644
340,645
340,646
340,647
340,648
340,649
340,650
340,651
340,652
340,653
340,654
340,655
340,656
340,657
340,658
340,659
340,660
340,661
340,662
341,317
341,318
341,319
341,320
341,321
341,322
341,323
341,324
341,325
341,326
341,327
341,328
341,329
341,330
341,331
341,332
341,333
341,334
341,335
341,336
341,337
341,338
341,339
341,340
341,341
341,342
341,343
341,344
341,345
341,346
341,347
341,348
341,349
341,350
341,351
341,352
341,353
341,354
341,355
341,356
341,357
341,358
341,359
341,620
341,621
341,622
341,623
341,624
341,625
341,626
341,627
341,628
341,629
341,630
341,631
341,632
341,633
341,634
341,635
341,636
341,637
341,638
341,639
341,640
341,641
341,642
341,643
341,644
341,645
341,646
341,647
341,648
341,649
341,650
341,651
341,652
341,653
341,654
341,655
341,656
341,657
341,658
341,659
341,660
341,661
341,662
341,712
341,713
341,714
341,715
341,716
341,717
341,718
341,719
341,720
342,318
342,319
342,320
342,321
342,322
342,323
342,324
342,325
342,326
342,327
342,328
342,329
342,330
342,331
342,332
342,333
342,334
342,335
342,336
342,337
342,338
342,339
342,340
342,341
342,342
342,343
342,344
342,345
342,346
342,347
342,348
342,349
342,350
342,351
342,352
342,353
342,354
342,355
342,356
342,357
342,358
342,621
342,622
342,623
342,624
342,625
342,626
342,627
342,628
342,629
342,630
342,631
342,632
342,633
342,634
342,635
342,636
342,637
342,638
342,639
342,640
342,641
342,642
342,643
342,644
342,645
342,646
342,647
342,648
342,649
342,650
342,651
342,652
342,653
342,654
342,655
342,656
342,657
342,658
342,659
342,660
342,661
342,709
342,710
342,711
342,712
342,713
342,714
342,715
342,716
342,717
342,718
342,719
342,720
342,721
342,722
342,723
343,319
343,320
343,321
343,322
343,323
343,324
343,325
343,326
343,327
343,328
343,329
343,330
343,331
343,332
343,333
343,334
343,335
343,336
343,337
343,338
343,339
343,340
343,341
343,342
343,343
343,344
343,345
343,346
343,347
343,348
343,349
343,350
343,351
343,352
343,353
343,354
343,355
343,356
343,357
343,622
343,623
343,624
343,625
343,626
343,627
343,628
343,629
343,630
343,631
343,632
343,633
343,634
343,635
343,636
343,637
343,638
343,639
343,640
343,641
343,642
343,643
343,644
343,645
343,646
343,647
343,648
343,649
343,650
343,651
343,652
343,653
343,654
343,655
343,656
343,657
343,658
343,659
343,660
343,707
343,708
343,709
343,710
343,711
343,712
343,713
343,714
343,715
343,716
343,717
343,718
343,719
343,720
343,721
343,722
343,723
343,724
343,725
344,321
344,322
344,323
344,324
344,325
344,326
344,327
344,328
344,329
344,330
344,331
344,332
344,333
344,334
344,335
344,336
344,337
344,338
344,339
344,340
344,341
344,342
344,343
344,344
344,345
344,346
344,347
344,348
344,349
344,350
344,351
344,352
344,353
344,354
344,355
344,622
344,623
344,624
344,625
344,626
344,627
344,628
344,629
344,630
344,631
344,632
344,633
344,634
344,635
344,636
344,637
344,638
344,639
344,640
344,641
344,642
344,643
344,644
344,645
344,646
344,647
344,648
344,649
344,650
344,651
344,652
344,653
344,654
344,655
344,656
344,657
344,658
344,659
344,660
344,706
344,707
344,708
344,709
344,710
344,711
344,712
344,713
344,714
344,715
344,716
344,717
344,718
344,719
344,720
344,721
344,722
344,723
344,724
344,725
344,726
345,322
345,323
345,324
345,325
345,326
345,327
345,328
345,329
345,330
345,331
345,332
345,333
345,334
345,335
345,336
345,337
345,338
345,339
345,340
345,341
345,342
345,343
345,344
345,345
345,346
345,347
345,348
345,349
345,350
345,351
345,352
345,353
345,354
345,623
345,624
345,625
345,626
345,627
345,628
345,629
345,630
345,631
345,632
345,633
345,634
345,635
345,636
345,637
345,638
345,639
345,640
345,641
345,642
345,643
345,644
345,645
345,646
345,647
345,648
345,649
345,650
345,651
345,652
345,653
345,654
345,655
345,656
345,657
345,658
345,659
345,705
345,706
345,707
345,708
345,709
345,710
345,711
345,712
345,713
345,714
345,715
345,716
345,717
345,718
345,719
345,720
345,721
345,722
345,723
345,724
345,725
345,726
345,727
346,324
346,325
346,326
346,327
346,328
346,329
346,330
346,331
346,332
346,333
346,334
346,335
346,336
346,337
346,338
346,339
346,340
346,341
346,342
346,343
346,344
346,345
346,346
346,347
346,348
346,349
346,350
346,351
346,352
346,624
346,625
346,626
346,627
346,628
346,629
346,630
346,631
346,632
346,633
346,634
346,635
346,636
346,637
346,638
346,639
346,640
346,641
346,642
346,643
346,644
346,645
346,646
346,647
346,648
346,649
346,650
346,651
346,652
346,653
346,654
346,655
346,656
346,657
346,658
346,704
346,705
346,706
346,707
346,708
346,709
346,710
346,711
346,712
346,713
346,714
346,715
346,716
346,717
346,718
346,719
346,720
346,721
346,722
346,723
346,724
346,725
346,726
346,727
346,728
347,326
347,327
347,328
347,329
347,330
347,331
347,332
347,333
347,334
347,335
347,336
347,337
347,338
347,339
347,340
347,341
347,342
347,343
347,344
347,345
347,346
347,347
347,348
347,349
347,350
347,625
347,626
347,627
347,628
347,629
347,630
347,631
347,632
347,633
347,634
347,635
347,636
347,637
347,638
347,639
347,640
347,641
347,642
347,643
347,644
347,645
347,646
347,647
347,648
347,649
347,650
347,651
347,652
347,653
347,654
347,655
347,656
347,657
347,703
347,704
347,705
347,706
347,707
347,708
347,709
347,710
347,711
347,712
347,713
347,714
347,715
347,716
347,717
347,718
347,719
347,720
347,721
347,722
347,723
347,724
347,725
347,726
347,727
347,728
347,729
348,329
348,330
348,331
348,332
348,333
348,334
348,335
348,336
348,337
348,338
348,339
348,340
348,341
348,342
348,343
348,344
348,345
348,346
348,347
348,626
348,627
348,628
348,629
348,630
348,631
348,632
348,633
348,634
348,635
348,636
348,637
348,638
348,639
348,640
348,641
348,642
348,643
348,644
348,645
348,646
348,647
348,648
348,649
348,650
348,651
348,652
348,653
348,654
348,655
348,656
348,702
348,703
348,704
348,705
348,706
348,707
348,708
348,709
348,710
348,711
348,712
348,713
348,714
348,715
348,716
348,717
348,718
348,719
348,720
348,721
348,722
348,723
348,724
348,725
348,726
348,727
348,728
348,729
348,730
349,333
349,334
349,335
349,336
349,337
349,338
349,339
349,340
349,341
349,342
349,343
349,628
349,629
349,630
349,631
349,632
349,633
349,634
349,635
349,636
349,637
349,638
349,639
349,640
349,641
349,642
349,643
349,644
349,645
349,646
349,647
349,648
349,649
349,650
349,651
349,652
349,653
349,654
349,701
349,702
349,703
349,704
349,705
349,706
349,707
349,708
349,709
349,710
349,711
349,712
349,713
349,714
349,715
349,716
349,717
349,718
349,719
349,720
349,721
349,722
349,723
349,724
349,725
349,726
349,727
349,728
349,729
349,730
349,731
350,629
350,630
350,631
350,632
350,633
350,634
350,635
350,636
350,637
350,638
350,639
350,640
350,641
350,642
350,643
350,644
350,645
350,646
350,647
350,648
350,649
350,650
350,651
350,652
350,653
350,700
350,701
350,702
350,703
350,704
350,705
350,706
350,707
350,708
350,709
350,710
350,711
350,712
350,713
350,714
350,715
350,716
350,717
350,718
350,719
350,720
350,721
350,722
350,723
350,724
350,725
350,726
350,727
350,728
350,729
350,730
350,731
350,732
351,631
351,632
351,633
351,634
351,635
351,636
351,637
351,638
351,639
351,640
351,641
351,642
351,643
351,644
351,645
351,646
351,647
351,648
351,649
351,650
351,651
351,700
351,701
351,702
351,703
351,704
351,705
351,706
351,707
351,708
351,709
351,710
351,711
351,712
351,713
351,714
351,715
351,716
351,717
351,718
351,719
351,720
351,721
351,722
351,723
351,724
351,725
351,726
351,727
351,728
351,729
351,730
351,731
351,732
352,633
352,634
352,635
352,636
352,637
352,638
352,639
352,640
352,641
352,642
352,643
352,644
352,645
352,646
352,647
352,648
352,649
352,699
352,700
352,701
352,702
352,703
352,704
352,705
352,706
352,707
352,708
352,709
352,710
352,711
352,712
352,713
352,714
352,715
352,716
352,717
352,718
352,719
352,720
352,721
352,722
352,723
352,724
352,725
352,726
352,727
352,728
352,729
352,730
352,731
352,732
352,733
353,637
353,638
353,639
353,640
353,641
353,642
353,643
353,644
353,645
353,699
353,700
353,701
353,702
353,703
353,704
353,705
353,706
353,707
353,708
353,709
353,710
353,711
353,712
353,713
353,714
353,715
353,716
353,717
353,718
353,719
353,720
353,721
353,722
353,723
353,724
353,725
353,726
353,727
353,728
353,729
353,730
353,731
353,732
353,733
354,699
354,700
354,701
354,702
354,703
354,704
354,705
354,706
354,707
354,708
354,709
354,710
354,711
354,712
354,713
354,714
354,715
354,716
354,717
354,718
354,719
354,720
354,721
354,722
354,723
354,724
354,725
354,726
354,727
354,728
354,729
354,730
354,731
354,732
354,733
355,698
355,699
355,700
355,701
355,702
355,703
355,704
355,705
355,706
355,707
355,708
355,709
355,710
355,711
355,712
355,713
355,714
355,715
355,716
355,717
355,718
355,719
355,720
355,721
355,722
355,723
355,724
355,725
355,726
355,727
355,728
355,729
355,730
355,731
355,732
355,733
355,734
356,698
356,699
356,700
356,701
356,702
356,703
356,704
356,705
356,706
356,707
356,708
356,709
356,710
356,711
356,712
356,713
356,714
356,715
356,716
356,717
356,718
356,719
356,720
356,721
356,722
356,723
356,724
356,725
356,726
356,727
356,728
356,729
356,730
356,731
356,732
356,733
356,734
357,698
357,699
357,700
357,701
357,702
357,703
357,704
357,705
357,706
357,707
357,708
357,709
357,710
357,711
357,712
357,713
357,714
357,715
357,716
357,717
357,718
357,719
357,720
357,721
357,722
357,723
357,724
357,725
357,726
357,727
357,728
357,729
357,730
357,731
357,732
357,733
357,734
358,698
358,699
358,700
358,701
358,702
358,703
358,704
358,705
358,706
358,707
358,708
358,709
358,710
358,711
358,712
358,713
358,714
358,715
358,716
358,717
358,718
358,719
358,720
358,721
358,722
358,723
358,724
358,725
358,726
358,727
358,728
358,729
358,730
358,731
358,732
358,733
358,734
359,698
359,699
359,700
359,701
359,702
359,703
359,704
359,705
359,706
359,707
359,708
359,709
359,710
359,711
359,712
359,713
359,714
359,715
359,716
359,717
359,718
359,719
359,720
359,721
359,722
359,723
359,724
359,725
359,726
359,727
359,728
359,729
359,730
359,731
359,732
359,733
359,734
360,698
360,699
360,700
360,701
360,702
360,703
360,704
360,705
360,706
360,707
360,708
360,709
360,710
360,711
360,712
360,713
360,714
360,715
360,716
360,717
360,718
360,719
360,720
360,721
360,722
360,723
360,724
360,725
360,726
360,727
360,728
360,729
360,730
360,731
360,732
360,733
360,734
361,698
361,699
361,700
361,701
361,702
361,703
361,704
361,705
361,706
361,707
361,708
361,709
361,710
361,711
361,712
361,713
361,714
361,715
361,716
361,717
361,718
361,719
361,720
361,721
361,722
361,723
361,724
361,725
361,726
361,727
361,728
361,729
361,730
361,731
361,732
361,733
361,734
362,698
362,699
362,700
362,701
362,702
362,703
362,704
362,705
362,706
362,707
362,708
362,709
362,710
362,711
362,712
362,713
362,714
362,715
362,716
362,717
362,718
362,719
362,720
362,721
362,722
362,723
362,724
362,725
362,726
362,727
362,728
362,729
362,730
362,731
362,732
362,733
362,734
363,698
363,699
363,700
363,701
363,702
363,703
363,704
363,705
363,706
363,707
363,708
363,709
363,710
363,711
363,712
363,713
363,714
363,715
363,716
363,717
363,718
363,719
363,720
363,721
363,722
363,723
363,724
363,725
363,726
363,727
363,728
363,729
363,730
363,731
363,732
363,733
363,734
364,699
364,700
364,701
364,702
364,703
364,704
364,705
364,706
364,707
364,708
364,709
364,710
364,711
364,712
364,713
364,714
364,715
364,716
364,717
364,718
364,719
364,720
364,721
364,722
364,723
364,724
364,725
364,726
364,727
364,728
364,729
364,730
364,731
364,732
364,733
365,699
365,700
365,701
365,702
365,703
365,704
365,705
365,706
365,707
365,708
365,709
365,710
365,711
365,712
365,713
365,714
365,715
365,716
365,717
365,718
365,719
365,720
365,721
365,722
365,723
365,724
365,725
365,726
365,727
365,728
365,729
365,730
365,731
365,732
365,733
366,699
366,700
366,701
366,702
366,703
366,704
366,705
366,706
366,707
366,708
366,709
366,710
366,711
366,712
366,713
366,714
366,715
366,716
366,717
366,718
366,719
366,720
366,721
366,722
366,723
366,724
366,725
366,726
366,727
366,728
366,729
366,730
366,731
366,732
366,733
367,700
367,701
367,702
367,703
367,704
367,705
367,706
367,707
367,708
367,709
367,710
367,711
367,712
367,713
367,714
367,715
367,716
367,717
367,718
367,719
367,720
367,721
367,722
367,723
367,724
367,725
367,726
367,727
367,728
367,729
367,730
367,731
367,732
368,700
368,701
368,702
368,703
368,704
368,705
368,706
368,707
368,708
368,709
368,710
368,711
368,712
368,713
368,714
368,715
368,716
368,717
368,718
368,719
368,720
368,721
368,722
368,723
368,724
368,725
368,726
368,727
368,728
368,729
368,730
368,731
368,732
369,701
369,702
369,703
369,704
369,705
369,706
369,707
369,708
369,709
369,710
369,711
369,712
369,713
369,714
369,715
369,716
369,717
369,718
369,719
369,720
369,721
369,722
369,723
369,724
369,725
369,726
369,727
369,728
369,729
369,730
369,731
370,702
370,703
370,704
370,705
370,706
370,707
370,708
370,709
370,710
370,711
370,712
370,713
370,714
370,715
370,716
370,717
370,718
370,719
370,720
370,721
370,722
370,723
370,724
370,725
370,726
370,727
370,728
370,729
370,730
371,703
371,704
371,705
371,706
371,707
371,708
371,709
371,710
371,711
371,712
371,713
371,714
371,715
371,716
371,717
371,718
371,719
371,720
371,721
371,722
371,723
371,724
371,725
371,726
371,727
371,728
371,729
372,704
372,705
372,706
372,707
372,708
372,709
372,710
372,711
372,712
372,713
372,714
372,715
372,716
372,717
372,718
372,719
372,720
372,721
372,722
372,723
372,724
372,725
372,726
372,727
372,728
373,705
373,706
373,707
373,708
373,709
373,710
373,711
373,712
373,713
373,714
373,715
373,716
373,717
373,718
373,719
373,720
373,721
373,722
373,723
373,724
373,725
373,726
373,727
374,706
374,707
374,708
374,709
374,710
374,711
374,712
374,713
374,714
374,715
374,716
374,717
374,718
374,719
374,720
374,721
374,722
374,723
374,724
374,725
374,726
375,707
375,708
375,709
375,710
375,711
375,712
375,713
375,714
375,715
375,716
375,717
375,718
375,719
375,720
375,721
375,722
375,723
375,724
375,725
376,709
376,710
376,711
376,712
376,713
376,714
376,715
376,716
376,717
376,718
376,719
376,720
376,721
376,722
376,723
377,712
377,713
377,714
377,715
377,716
377,717
377,718
377,719
377,720
380,641
380,642
380,643
380,644
380,645
380,646
380,647
380,648
380,649
380,650
380,651
381,637
381,638
381,639
381,640
381,641
381,642
381,643
381,644
381,645
381,646
381,647
381,648
381,649
381,650
381,651
381,652
381,653
381,654
381,655
382,635
382,636
382,637
382,638
382,639
382,640
382,641
382,642
382,643
382,644
382,645
382,646
382,647
382,648
382,649
382,650
382,651
382,652
382,653
382,654
382,655
382,656
382,657
383,352
383,353
383,354
383,355
383,356
383,357
383,358
383,359
383,360
383,632
383,633
383,634
383,635
383,636
383,637
383,638
383,639
383,640
383,641
383,642
383,643
383,644
383,645
383,646
383,647
383,648
383,649
383,650
383,651
383,652
383,653
383,654
383,655
383,656
383,657
383,658
383,659
383,660
384,348
384,349
384,350
384,351
384,352
384,353
384,354
384,355
384,356
384,357
384,358
384,359
384,360
384,361
384,362
384,363
384,364
384,631
384,632
384,633
384,634
384,635
384,636
384,637
384,638
384,639
384,640
384,641
384,642
384,643
384,644
384,645
384,646
384,647
384,648
384,649
384,650
384,651
384,652
384,653
384,654
384,655
384,656
384,657
384,658
384,659
384,660
384,661
385,346
385,347
385,348
385,349
385,350
385,351
385,352
385,353
385,354
385,355
385,356
385,357
385,358
385,359
385,360
385,361
385,362
385,363
385,364
385,365
385,366
385,629
385,630
385,631
385,632
385,633
385,634
385,635
385,636
385,637
385,638
385,639
385,640
385,641
385,642
385,643
385,644
385,645
385,646
385,647
385,648
385,649
385,650
385,651
385,652
385,653
385,654
385,655
385,656
385,657
385,658
385,659
385,660
385,661
385,662
385,663
386,344
386,345
386,346
386,347
386,348
386,349
386,350
386,351
386,352
386,353
386,354
386,355
386,356
386,357
386,358
386,359
386,360
386,361
386,362
386,363
386,364
386,365
386,366
386,367
386,368
386,628
386,629
386,630
386,631
386,632
386,633
386,634
386,635
386,636
386,637
386,638
386,639
386,640
386,641
386,642
386,643
386,644
386,645
386,646
386,647
386,648
386,649
386,650
386,651
386,652
386,653
386,654
386,655
386,656
386,657
386,658
386,659
386,660
386,661
386,662
386,663
386,664
387,343
387,344
387,345
387,346
387,347
387,348
387,349
387,350
387,351
387,352
387,353
387,354
387,355
387,356
387,357
387,358
387,359
387,360
387,361
387,362
387,363
387,364
387,365
387,366
387,367
387,368
387,369
387,498
387,499
387,500
387,501
387,502
387,503
387,504
387,505
387,506
387,627
387,628
387,629
387,630
387,631
387,632
387,633
387,634
387,635
387,636
387,637
387,638
387,639
387,640
387,641
387,642
387,643
387,644
387,645
387,646
387,647
387,648
387,649
387,650
387,651
387,652
387,653
387,654
387,655
387,656
387,657
387,658
387,659
387,660
387,661
387,662
387,663
387,664
387,665
388,342
388,343
388,344
388,345
388,346
388,347
388,348
388,349
388,350
388,351
388,352
388,353
388,354
388,355
388,356
388,357
388,358
388,359
388,360
388,361
388,362
388,363
388,364
388,365
388,366
388,367
388,368
388,369
388,370
388,495
388,496
388,497
388,498
388,499
388,500
388,501
388,502
388,503
388,504
388,505
388,506
388,507
388,508
388,509
388,626
388,627
388,628
388,629
388,630
388,631
388,632
388,633
388,634
388,635
388,636
388,637
388,638
388,639
388,640
388,641
388,642
388,643
388,644
388,645
388,646
388,647
388,648
388,649
388,650
388,651
388,652
388,653
388,654
388,655
388,656
388,657
388,658
388,659
388,660
388,661
388,662
388,663
388,664
388,665
388,666
389,340
389,341
389,342
389,343
389,344
389,345
389,346
389,347
389,348
389,349
389,350
389,351
389,352
389,353
389,354
389,355
389,356
389,357
389,358
389,359
389,360
389,361
389,362
389,363
389,364
389,365
389,366
389,367
389,368
389,369
389,370
389,371
389,372
389,492
389,493
389,494
389,495
389,496
389,497
389,498
389,499
389,500
389,501
389,502
389,503
389,504
389,505
389,506
389,507
389,508
389,509
389,510
389,511
389,512
389,625
389,626
389,627
389,628
389,629
389,630
389,631
389,632
389,633
389,634
389,635
389,636
389,637
389,638
389,639
389,640
389,641
389,642
389,643
389,644
389,645
389,646
389,647
389,648
389,649
389,650
389,651
389,652
389,653
389,654
389,655
389,656
389,657
389,658
389,659
389,660
389,661
389,662
389,663
389,664
389,665
389,666
389,667
390,339
390,340
390,341
390,342
390,343
390,344
390,345
390,346
390,347
390,348
390,349
390,350
390,351
390,352
390,353
390,354
390,355
390,356
390,357
390,358
390,359
390,360
390,361
390,362
390,363
390,364
390,365
390,366
390,367
390,368
390,369
390,370
390,371
390,372
390,373
390,491
390,492
390,493
390,494
390,495
390,496
390,497
390,498
390,499
390,500
390,501
390,502
390,503
390,504
390,505
390,506
390,507
390,508
390,509
390,510
390,511
390,512
390,513
390,624
390,625
390,626
390,627
390,628
390,629
390,630
390,631
390,632
390,633
390,634
390,635
390,636
390,637
390,638
390,639
390,640
390,641
390,642
390,643
390,644
390,645
390,646
390,647
390,648
390,649
390,650
390,651
390,652
390,653
390,654
390,655
390,656
390,657
390,658
390,659
390,660
390,661
390,662
390,663
390,664
390,665
390,666
390,667
390,668
391,339
391,340
391,341
391,342
391,343
391,344
391,345
391,346
391,347
391,348
391,349
391,350
391,351
391,352
391,353
391,354
391,355
391,356
391,357
391,358
391,359
391,360
391,361
391,362
391,363
391,364
391,365
391,366
391,367
391,368
391,369
391,370
391,371
391,372
391,373
391,489
391,490
391,491
391,492
391,493
391,494
391,495
391,496
391,497
391,498
391,499
391,500
391,501
391,502
391,503
391,504
391,505
391,506
391,507
391,508
391,509
391,510
391,511
391,512
391,513
391,514
391,515
391,623
391,624
391,625
391,626
391,627
391,628
391,629
391,630
391,631
391,632
391,633
391,634
391,635
391,636
391,637
391,638
391,639
391,640
391,641
391,642
391,643
391,644
391,645
391,646
391,647
391,648
391,649
391,650
391,651
391,652
391,653
391,654
391,655
391,656
391,657
391,658
391,659
391,660
391,661
391,662
391,663
391,664
391,665
391,666
391,667
391,668
391,669
392,338
392,339
392,340
392,341
392,342
392,343
392,344
392,345
392,346
392,347
392,348
392,349
392,350
392,351
392,352
392,353
392,354
392,355
392,356
392,357
392,358
392,359
392,360
392,361
392,362
392,363
392,364
392,365
392,366
392,367
392,368
392,369
392,370
392,371
392,372
392,373
392,374
392,488
392,489
392,490
392,491
392,492
392,493
392,494
392,495
392,496
392,497
392,498
392,499
392,500
392,501
392,502
392,503
392,504
392,505
392,506
392,507
392,508
392,509
392,510
392,511
392,512
392,513
392,514
392,515
392,516
392,622
392,623
392,624
392,625
392,626
392,627
392,628
392,629
392,630
392,631
392,632
392,633
392,634
392,635
392,636
392,637
392,638
392,639
392,640
392,641
392,642
392,643
392,644
392,645
392,646
392,647
392,648
392,649
392,650
392,651
392,652
392,653
392,654
392,655
392,656
392,657
392,658
392,659
392,660
392,661
392,662
392,663
392,664
392,665
392,666
392,667
392,668
392,669
392,670
393,337
393,338
393,339
393,340
393,341
393,342
393,343
393,344
393,345
393,346
393,347
393,348
393,349
393,350
393,351
393,352
393,353
393,354
393,355
393,356
393,357
393,358
393,359
393,360
393,361
393,362
393,363
393,364
393,365
393,366
393,367
393,368
393,369
393,370
393,371
393,372
393,373
393,374
393,375
393,487
393,488
393,489
393,490
393,491
393,492
393,493
393,494
393,495
393,496
393,497
393,498
393,499
393,500
393,501
393,502
393,503
393,504
393,505
393,506
393,507
393,508
393,509
393,510
393,511
393,512
393,513
393,514
393,515
393,516
393,517
393,621
393,622
393,623
393,624
393,625
393,626
393,627
393,628
393,629
393,630
393,631
393,632
393,633
393,634
393,635
393,636
393,637
393,638
393,639
393,640
393,641
393,642
393,643
393,644
393,645
393,646
393,647
393,648
393,649
393,650
393,651
393,652
393,653
393,654
393,655
393,656
393,657
393,658
393,659
393,660
393,661
393,662
393,663
393,664
393,665
393,666
393,667
393,668
393,669
393,670
393,671
394,336
394,337
394,338
394,339
394,340
394,341
394,342
394,343
394,344
394,345
394,346
394,347
394,348
394,349
394,350
394,351
394,352
394,353
394,354
394,355
394,356
394,357
394,358
394,359
394,360
394,361
394,362
394,363
394,364
394,365
394,366
394,367
394,368
394,369
394,370
394,371
394,372
394,373
394,374
394,375
394,376
394,486
394,487
394,488
394,489
394,490
394,491
394,492
394,493
394,494
394,495
394,496
394,497
394,498
394,499
394,500
394,501
394,502
394,503
394,504
394,505
394,506
394,507
394,508
394,509
394,510
394,511
394,512
394,513
394,514
394,515
394,516
394,517
394,518
394,621
394,622
394,623
394,624
394,625
394,626
394,627
394,628
394,629
394,630
394,631
394,632
394,633
394,634
394,635
394,636
394,637
394,638
394,639
394,640
394,641
394,642
394,643
394,644
394,645
394,646
394,647
394,648
394,649
394,650
394,651
394,652
394,653
394,654
394,655
394,656
394,657
394,658
394,659
394,660
394,661
394,662
394,663
394,664
394,665
394,666
394,667
394,668
394,669
394,670
394,671
395,336
395,337
395,338
395,339
395,340
395,341
395,342
395,343
395,344
395,345
395,346
395,347
395,348
395,349
395,350
395,351
395,352
395,353
395,354
395,355
395,356
395,357
395,358
395,359
395,360
395,361
395,362
395,363
395,364
395,365
395,366
395,367
395,368
395,369
395,370
395,371
395,372
395,373
395,374
395,375
395,376
395,485
395,486
395,487
395,488
395,489
395,490
395,491
395,492
395,493
395,494
395,495
395,496
395,497
395,498
395,499
395,500
395,501
395,502
395,503
395,504
395,505
395,506
395,507
395,508
395,509
395,510
395,511
395,512
395,513
395,514
395,515
395,516
395,517
395,518
395,519
395,620
395,621
395,622
395,623
395,624
395,625
395,626
395,627
395,628
395,629
395,630
395,631
395,632
395,633
395,634
395,635
395,636
395,637
395,638
395,639
395,640
395,641
395,642
395,643
395,644
395,645
395,646
395,647
395,648
395,649
395,650
395,651
395,652
395,653
395,654
395,655
395,656
395,657
395,658
395,659
395,660
395,661
395,662
395,663
395,664
395,665
395,666
395,667
395,668
395,669
395,670
395,671
395,672
396,335
396,336
396,337
396,338
396,339
396,340
396,341
396,342
396,343
396,344
396,345
396,346
396,347
396,348
396,349
396,350
396,351
396,352
396,353
396,354
396,355
396,356
396,357
396,358
396,359
396,360
396,361
396,362
396,363
396,364
396,365
396,366
396,367
396,368
396,369
396,370
396,371
396,372
396,373
396,374
396,375
396,376
396,377
396,484
396,485
396,486
396,487
396,488
396,489
396,490
396,491
396,492
396,493
396,494
396,495
396,496
396,497
396,498
396,499
396,500
396,501
396,502
396,503
396,504
396,505
396,506
396,507
396,508
396,509
396,510
396,511
396,512
396,513
396,514
396,515
396,516
396,517
396,518
396,519
396,520
396,619
396,620
396,621
396,622
396,623
396,624
396,625
396,626
396,627
396,628
396,629
396,630
396,631
396,632
396,633
396,634
396,635
396,636
396,637
396,638
396,639
396,640
396,641
396,642
396,643
396,644
396,645
396,646
396,647
396,648
396,649
396,650
396,651
396,652
396,653
396,654
396,655
396,656
396,657
396,658
396,659
396,660
396,661
396,662
396,663
396,664
396,665
396,666
396,667
396,668
396,669
396,670
396,671
396,672
396,673
397,335
397,336
397,337
397,338
397,339
397,340
397,341
397,342
397,343
397,344
397,345
397,346
397,347
397,348
397,349
397,350
397,351
397,352
397,353
397,354
397,355
397,356
397,357
397,358
397,359
397,360
397,361
397,362
397,363
397,364
397,365
397,366
397,367
397,368
397,369
397,370
397,371
397,372
397,373
397,374
397,375
397,376
397,377
397,484
397,485
397,486
397,487
397,488
397,489
397,490
397,491
397,492
397,493
397,494
397,495
397,496
397,497
397,498
397,499
397,500
397,501
397,502
397,503
397,504
397,505
397,506
397,507
397,508
397,509
397,510
397,511
397,512
397,513
397,514
397,515
397,516
397,517
397,518
397,519
397,520
397,619
397,620
397,621
397,622
397,623
397,624
397,625
397,626
397,627
397,628
397,629
397,630
397,631
397,632
397,633
397,634
397,635
397,636
397,637
397,638
397,639
397,640
397,641
397,642
397,643
397,644
397,645
397,646
397,647
397,648
397,649
397,650
397,651
397,652
397,653
397,654
397,655
397,656
397,657
397,658
397,659
397,660
397,661
397,662
397,663
397,664
397,665
397,666
397,667
397,668
397,669
397,670
397,671
397,672
397,673
398,334
398,335
398,336
398,337
398,338
398,339
398,340
398,341
398,342
398,343
398,344
398,345
398,346
398,347
398,348
398,349
398,350
398,351
398,352
398,353
398,354
398,355
398,356
398,357
398,358
398,359
398,360
398,361
398,362
398,363
398,364
398,365
398,366
398,367
398,368
398,369
398,370
398,371
398,372
398,373
398,374
398,375
398,376
398,377
398,378
398,483
398,484
398,485
398,486
398,487
398,488
398,489
398,490
398,491
398,492
398,493
398,494
398,495
398,496
398,497
398,498
398,499
398,500
398,501
398,502
398,503
398,504
398,505
398,506
398,507
398,508
398,509
398,510
398,511
398,512
398,513
398,514
398,515
398,516
398,517
398,518
398,519
398,520
398,521
398,619
398,620
398,621
398,622
398,623
398,624
398,625
398,626
398,627
398,628
398,629
398,630
398,631
398,632
398,633
398,634
398,635
398,636
398,637
398,638
398,639
398,640
398,641
398,642
398,643
398,644
398,645
398,646
398,647
398,648
398,649
398,650
398,651
398,652
398,653
398,654
398,655
398,656
398,657
398,658
398,659
398,660
398,661
398,662
398,663
398,664
398,665
398,666
398,667
398,668
398,669
398,670
398,671
398,672
398,673
399,334
399,335
399,336
399,337
399,338
399,339
399,340
399,341
399,342
399,343
399,344
399,345
399,346
399,347
399,348
399,349
399,350
399,351
399,352
399,353
399,354
399,355
399,356
399,357
399,358
399,359
399,360
399,361
399,362
399,363
399,364
399,365
399,366
399,367
399,368
399,369
399,370
399,371
399,372
399,373
399,374
399,375
399,376
399,377
399,378
399,482
399,483
399,484
399,485
399,486
399,487
399,488
399,489
399,490
399,491
399,492
399,493
399,494
399,495
399,496
399,497
399,498
399,499
399,500
399,501
399,502
399,503
399,504
399,505
399,506
399,507
399,508
399,509
399,510
399,511
399,512
399,513
399,514
399,515
399,516
399,517
399,518
399,519
399,520
399,521
399,522
399,618
399,619
399,620
399,621
399,622
399,623
399,624
399,625
399,626
399,627
399,628
399,629
399,630
399,631
399,632
399,633
399,634
399,635
399,636
399,637
399,638
399,639
399,640
399,641
399,642
399,643
399,644
399,645
399,646
399,647
399,648
399,649
399,650
399,651
399,652
399,653
399,654
399,655
399,656
399,657
399,658
399,659
399,660
399,661
399,662
399,663
399,664
399,665
399,666
399,667
399,668
399,669
399,670
399,671
399,672
399,673
399,674
400,334
400,335
400,336
400,337
400,338
400,339
400,340
400,341
400,342
400,343
400,344
400,345
400,346
400,347
400,348
400,349
400,350
400,351
400,352
400,353
400,354
400,355
400,356
400,357
400,358
400,359
400,360
400,361
400,362
400,363
400,364
400,365
400,366
400,367
400,368
400,369
400,370
400,371
400,372
400,373
400,374
400,375
400,376
400,377
400,378
400,482
400,483
400,484
400,485
400,486
400,487
400,488
400,489
400,490
400,491
400,492
400,493
400,494
400,495
400,496
400,497
400,498
400,499
400,500
400,501
400,502
400,503
400,504
400,505
400,506
400,507
400,508
400,509
400,510
400,511
400,512
400,513
400,514
400,515
400,516
400,517
400,518
400,519
400,520
400,521
400,522
400,618
400,619
400,620
400,621
400,622
400,623
400,624
400,625
400,626
400,627
400,628
400,629
400,630
400,631
400,632
400,633
400,634
400,635
400,636
400,637
400,638
400,639
400,640
400,641
400,642
400,643
400,644
400,645
400,646
400,647
400,648
400,649
400,650
400,651
400,652
400,653
400,654
400,655
400,656
400,657
400,658
400,659
400,660
400,661
400,662
400,663
400,664
400,665
400,666
400,667
400,668
400,669
400,670
400,671
400,672
400,673
400,674
401,334
401,335
401,336
401,337
401,338
401,339
401,340
401,341
401,342
401,343
401,344
401,345
401,346
401,347
401,348
401,349
401,350
401,351
401,352
401,353
401,354
401,355
401,356
401,357
401,358
401,359
401,360
401,361
401,362
401,363
401,364
401,365
401,366
401,367
401,368
401,369
401,370
401,371
401,372
401,373
401,374
401,375
401,376
401,377
401,378
401,482
401,483
401,484
401,485
401,486
401,487
401,488
401,489
401,490
401,491
401,492
401,493
401,494
401,495
401,496
401,497
401,498
401,499
401,500
401,501
401,502
401,503
401,504
401,505
401,506
401,507
401,508
401,509
401,510
401,511
401,512
401,513
401,514
401,515
401,516
401,517
401,518
401,519
401,520
401,521
401,522
401,617
401,618
401,619
401,620
401,621
401,622
401,623
401,624
401,625
401,626
401,627
401,628
401,629
401,630
401,631
401,632
401,633
401,634
401,635
401,636
401,637
401,638
401,639
401,640
401,641
401,642
401,643
401,644
401,645
401,646
401,647
401,648
401,649
401,650
401,651
401,652
401,653
401,654
401,655
401,656
401,657
401,658
401,659
401,660
401,661
401,662
401,663
401,664
401,665
401,666
401,667
401,668
401,669
401,670
401,671
401,672
401,673
401,674
401,675
402,333
402,334
402,335
402,336
402,337
402,338
402,339
402,340
402,341
402,342
402,343
402,344
402,345
402,346
402,347
402,348
402,349
402,350
402,351
402,352
402,353
402,354
402,355
402,356
402,357
402,358
402,359
402,360
402,361
402,362
402,363
402,364
402,365
402,366
402,367
402,368
402,369
402,370
402,371
402,372
402,373
402,374
402,375
402,376
402,377
402,378
402,379
402,481
402,482
402,483
402,484
402,485
402,486
402,487
402,488
402,489
402,490
402,491
402,492
402,493
402,494
402,495
402,496
402,497
402,498
402,499
402,500
402,501
402,502
402,503
402,504
402,505
402,506
402,507
402,508
402,509
402,510
402,511
402,512
402,513
402,514
402,515
402,516
402,517
402,518
402,519
402,520
402,521
402,522
402,523
402,617
402,618
402,619
402,620
402,621
402,622
402,623
402,624
402,625
402,626
402,627
402,628
402,629
402,630
402,631
402,632
402,633
402,634
402,635
402,636
402,637
402,638
402,639
402,640
402,641
402,642
402,643
402,644
402,645
402,646
402,647
402,648
402,649
402,650
402,651
402,652
402,653
402,654
402,655
402,656
402,657
402,658
402,659
402,660
402,661
402,662
402,663
402,664
402,665
402,666
402,667
402,668
402,669
402,670
402,671
402,672
402,673
402,674
402,675
403,333
403,334
403,335
403,336
403,337
403,338
403,339
403,340
403,341
403,342
403,343
403,344
403,345
403,346
403,347
403,348
403,349
403,350
403,351
403,352
403,353
403,354
403,355
403,356
403,357
403,358
403,359
403,360
403,361
403,362
403,363
403,364
403,365
403,366
403,367
403,368
403,369
403,370
403,371
403,372
403,373
403,374
403,375
403,376
403,377
403,378
403,379
403,481
403,482
403,483
403,484
403,485
403,486
403,487
403,488
403,489
403,490
403,491
403,492
403,493
403,494
403,495
403,496
403,497
403,498
403,499
403,500
403,501
403,502
403,503
403,504
403,505
403,506
403,507
403,508
403,509
403,510
403,511
403,512
403,513
403,514
403,515
403,516
403,517
403,518
403,519
403,520
403,521
403,522
403,523
403,617
403,618
403,619
403,620
403,621
403,622
403,623
403,624
403,625
403,626
403,627
403,628
403,629
403,630
403,631
403,632
403,633
403,634
403,635
403,636
403,637
403,638
403,639
403,640
403,641
403,642
403,643
403,644
403,645
403,646
403,647
403,648
403,649
403,650
403,651
403,652
403,653
403,654
403,655
403,656
403,657
403,658
403,659
403,660
403,661
403,662
403,663
403,664
403,665
403,666
403,667
403,668
403,669
403,670
403,671
403,672
403,673
403,674
403,675
404,333
404,334
404,335
404,336
404,337
404,338
404,339
404,340
404,341
404,342
404,343
404,344
404,345
404,346
404,347
404,348
404,349
404,350
404,351
404,352
404,353
404,354
404,355
404,356
404,357
404,358
404,359
404,360
404,361
404,362
404,363
404,364
404,365
404,366
404,367
404,368
404,369
404,370
404,371
404,372
404,373
404,374
404,375
404,376
404,377
404,378
404,379
404,481
404,482
404,483
404,484
404,485
404,486
404,487
404,488
404,489
404,490
404,491
404,492
404,493
404,494
404,495
404,496
404,497
404,498
404,499
404,500
404,501
404,502
404,503
404,504
404,505
404,506
404,507
404,508
404,509
404,510
404,511
404,512
404,513
404,514
404,515
404,516
404,517
404,518
404,519
404,520
404,521
404,522
404,523
404,617
404,618
404,619
404,620
404,621
404,622
404,623
404,624
404,625
404,626
404,627
404,628
404,629
404,630
404,631
404,632
404,633
404,634
404,635
404,636
404,637
404,638
404,639
404,640
404,641
404,642
404,643
404,644
404,645
404,646
404,647
404,648
404,649
404,650
404,651
404,652
404,653
404,654
404,655
404,656
404,657
404,658
404,659
404,660
404,661
404,662
404,663
404,664
404,665
404,666
404,667
404,668
404,669
404,670
404,671
404,672
404,673
404,674
404,675
405,333
405,334
405,335
405,336
405,337
405,338
405,339
405,340
405,341
405,342
405,343
405,344
405,345
405,346
405,347
405,348
405,349
405,350
405,351
405,352
405,353
405,354
405,355
405,356
405,357
405,358
405,359
405,360
405,361
405,362
405,363
405,364
405,365
405,366
405,367
405,368
405,369
405,370
405,371
405,372
405,373
405,374
405,375
405,376
405,377
405,378
405,379
405,480
405,481
405,482
405,483
405,484
405,485
405,486
405,487
405,488
405,489
405,490
405,491
405,492
405,493
405,494
405,495
405,496
405,497
405,498
405,499
405,500
405,501
405,502
405,503
405,504
405,505
405,506
405,507
405,508
405,509
405,510
405,511
405,512
405,513
405,514
405,515
405,516
405,517
405,518
405,519
405,520
405,521
405,522
405,523
405,524
405,616
405,617
405,618
405,619
405,620
405,621
405,622
405,623
405,624
405,625
405,626
405,627
405,628
405,629
405,630
405,631
405,632
405,633
405,634
405,635
405,636
405,637
405,638
405,639
405,640
405,641
405,642
405,643
405,644
405,645
405,646
405,647
405,648
405,649
405,650
405,651
405,652
405,653
405,654
405,655
405,656
405,657
405,658
405,659
405,660
405,661
405,662
405,663
405,664
405,665
405,666
405,667
405,668
405,669
405,670
405,671
405,672
405,673
405,674
405,675
405,676
406,333
406,334
406,335
406,336
406,337
406,338
406,339
406,340
406,341
406,342
406,343
406,344
406,345
406,346
406,347
406,348
406,349
406,350
406,351
406,352
406,353
406,354
406,355
406,356
406,357
406,358
406,359
406,360
406,361
406,362
406,363
406,364
406,365
406,366
406,367
406,368
406,369
406,370
406,371
406,372
406,373
406,374
406,375
406,376
406,377
406,378
406,379
406,480
406,481
406,482
406,483
406,484
406,485
406,486
406,487
406,488
406,489
406,490
406,491
406,492
406,493
406,494
406,495
406,496
406,497
406,498
406,499
406,500
406,501
406,502
406,503
406,504
406,505
406,506
406,507
406,508
406,509
406,510
406,511
406,512
406,513
406,514
406,515
406,516
406,517
406,518
406,519
406,520
406,521
406,522
406,523
406,524
406,616
406,617
406,618
406,619
406,620
406,621
406,622
406,623
406,624
406,625
406,626
406,627
406,628
406,629
406,630
406,631
406,632
406,633
406,634
406,635
406,636
406,637
406,638
406,639
406,640
406,641
406,642
406,643
406,644
406,645
406,646
406,647
406,648
406,649
406,650
406,651
406,652
406,653
406,654
406,655
406,656
406,657
406,658
406,659
406,660
406,661
406,662
406,663
406,664
406,665
406,666
406,667
406,668
406,669
406,670
406,671
406,672
406,673
406,674
406,675
406,676
407,333
407,334
407,335
407,336
407,337
407,338
407,339
407,340
407,341
407,342
407,343
407,344
407,345
407,346
407,347
407,348
407,349
407,350
407,351
407,352
407,353
407,354
407,355
407,356
407,357
407,358
407,359
407,360
407,361
407,362
407,363
407,364
407,365
407,366
407,367
407,368
407,369
407,370
407,371
407,372
407,373
407,374
407,375
407,376
407,377
407,378
407,379
407,480
407,481
407,482
407,483
407,484
407,485
407,486
407,487
407,488
407,489
407,490
407,491
407,492
407,493
407,494
407,495
407,496
407,497
407,498
407,499
407,500
407,501
407,502
407,503
407,504
407,505
407,506
407,507
407,508
407,509
407,510
407,511
407,512
407,513
407,514
407,515
407,516
407,517
407,518
407,519
407,520
407,521
407,522
407,523
407,524
407,616
407,617
407,618
407,619
407,620
407,621
407,622
407,623
407,624
407,625
407,626
407,627
407,628
407,629
407,630
407,631
407,632
407,633
407,634
407,635
407,636
407,637
407,638
407,639
407,640
407,641
407,642
407,643
407,644
407,645
407,646
407,647
407,648
407,649
407,650
407,651
407,652
407,653
407,654
407,655
407,656
407,657
407,658
407,659
407,660
407,661
407,662
407,663
407,664
407,665
407,666
407,667
407,668
407,669
407,670
407,671
407,672
407,673
407,674
407,675
407,676
408,333
408,334
408,335
408,336
408,337
408,338
408,339
408,340
408,341
408,342
408,343
408,344
408,345
408,346
408,347
408,348
408,349
408,350
408,351
408,352
408,353
408,354
408,355
408,356
408,357
408,358
408,359
408,360
408,361
408,362
408,363
408,364
408,365
408,366
408,367
408,368
408,369
408,370
408,371
408,372
408,373
408,374
408,375
408,376
408,377
408,378
408,379
408,480
408,481
408,482
408,483
408,484
408,485
408,486
408,487
408,488
408,489
408,490
408,491
408,492
408,493
408,494
408,495
408,496
408,497
408,498
408,499
408,500
408,501
408,502
408,503
408,504
408,505
408,506
408,507
408,508
408,509
408,510
408,511
408,512
408,513
408,514
408,515
408,516
408,517
408,518
408,519
408,520
408,521
408,522
408,523
408,524
408,616
408,617
408,618
408,619
408,620
408,621
408,622
408,623
408,624
408,625
408,626
408,627
408,628
408,629
408,630
408,631
408,632
408,633
408,634
408,635
408,636
408,637
408,638
408,639
408,640
408,641
408,642
408,643
408,644
408,645
408,646
408,647
408,648
408,649
408,650
408,651
408,652
408,653
408,654
408,655
408,656
408,657
408,658
408,659
408,660
408,661
408,662
408,663
408,664
408,665
408,666
408,667
408,668
408,669
408,670
408,671
408,672
408,673
408,674
408,675
408,676
409,333
409,334
409,335
409,336
409,337
409,338
409,339
409,340
409,341
409,342
409,343
409,344
409,345
409,346
409,347
409,348
409,349
409,350
409,351
409,352
409,353
409,354
409,355
409,356
409,357
409,358
409,359
409,360
409,361
409,362
409,363
409,364
409,365
409,366
409,367
409,368
409,369
409,370
409,371
409,372
409,373
409,374
409,375
409,376
409,377
409,378
409,379
409,480
409,481
409,482
409,483
409,484
409,485
409,486
409,487
409,488
409,489
409,490
409,491
409,492
409,493
409,494
409,495
409,496
409,497
409,498
409,499
409,500
409,501
409,502
409,503
409,504
409,505
409,506
409,507
409,508
409,509
409,510
409,511
409,512
409,513
409,514
409,515
409,516
409,517
409,518
409,519
409,520
409,521
409,522
409,523
409,524
409,616
409,617
409,618
409,619
409,620
409,621
409,622
409,623
409,624
409,625
409,626
409,627
409,628
409,629
409,630
409,631
409,632
409,633
409,634
409,635
409,636
409,637
409,638
409,639
409,640
409,641
409,642
409,643
409,644
409,645
409,646
409,647
409,648
409,649
409,650
409,651
409,652
409,653
409,654
409,655
409,656
409,657
409,658
409,659
409,660
409,661
409,662
409,663
409,664
409,665
409,666
409,667
409,668
409,669
409,670
409,671
409,672
409,673
409,674
409,675
409,676
410,333
410,334
410,335
410,336
410,337
410,338
410,339
410,340
410,341
410,342
410,343
410,344
410,345
410,346
410,347
410,348
410,349
410,350
410,351
410,352
410,353
410,354
410,355
410,356
410,357
410,358
410,359
410,360
410,361
410,362
410,363
410,364
410,365
410,366
410,367
410,368
410,369
410,370
410,371
410,372
410,373
410,374
410,375
410,376
410,377
410,378
410,379
410,480
410,481
410,482
410,483
410,484
410,485
410,486
410,487
410,488
410,489
410,490
410,491
410,492
410,493
410,494
410,495
410,496
410,497
410,498
410,499
410,500
410,501
410,502
410,503
410,504
410,505
410,506
410,507
410,508
410,509
410,510
410,511
410,512
410,513
410,514
410,515
410,516
410,517
410,518
410,519
410,520
410,521
410,522
410,523
410,524
410,616
410,617
410,618
410,619
410,620
410,621
410,622
410,623
410,624
410,625
410,626
410,627
410,628
410,629
410,630
410,631
410,632
410,633
410,634
410,635
410,636
410,637
410,638
410,639
410,640
410,641
410,642
410,643
410,644
410,645
410,646
410,647
410,648
410,649
410,650
410,651
410,652
410,653
410,654
410,655
410,656
410,657
410,658
410,659
410,660
410,661
410,662
410,663
410,664
410,665
410,666
410,667
410,668
410,669
410,670
410,671
410,672
410,673
410,674
410,675
410,676
411,334
411,335
411,336
411,337
411,338
411,339
411,340
411,341
411,342
411,343
411,344
411,345
411,346
411,347
411,348
411,349
411,350
411,351
411,352
411,353
411,354
411,355
411,356
411,357
411,358
411,359
411,360
411,361
411,362
411,363
411,364
411,365
411,366
411,367
411,368
411,369
411,370
411,371
411,372
411,373
411,374
411,375
411,376
411,377
411,378
411,396
411,397
411,398
411,399
411,400
411,401
411,402
411,403
411,404
411,405
411,406
411,480
411,481
411,482
411,483
411,484
411,485
411,486
411,487
411,488
411,489
411,490
411,491
411,492
411,493
411,494
411,495
411,496
411,497
411,498
411,499
411,500
411,501
411,502
411,503
411,504
411,505
411,506
411,507
411,508
411,509
411,510
411,511
411,512
411,513
411,514
411,515
411,516
411,517
411,518
411,519
411,520
411,521
411,522
411,523
411,524
411,616
411,617
411,618
411,619
411,620
411,621
411,622
411,623
411,624
411,625
411,626
411,627
411,628
411,629
411,630
411,631
411,632
411,633
411,634
411,635
411,636
411,637
411,638
411,639
411,640
411,641
411,642
411,643
411,644
411,645
411,646
411,647
411,648
411,649
411,650
411,651
411,652
411,653
411,654
411,655
411,656
411,657
411,658
411,659
411,660
411,661
411,662
411,663
411,664
411,665
411,666
411,667
411,668
411,669
411,670
411,671
411,672
411,673
411,674
411,675
411,676
412,334
412,335
412,336
412,337
412,338
412,339
412,340
412,341
412,342
412,343
412,344
412,345
412,346
412,347
412,348
412,349
412,350
412,351
412,352
412,353
412,354
412,355
412,356
412,357
412,358
412,359
412,360
412,361
412,362
412,363
412,364
412,365
412,366
412,367
412,368
412,369
412,370
412,371
412,372
412,373
412,374
412,375
412,376
412,377
412,378
412,391
412,392
412,393
412,394
412,395
412,396
412,397
412,398
412,399
412,400
412,401
412,402
412,403
412,404
412,405
412,406
412,407
412,408
412,409
412,410
412,411
412,480
412,481
412,482
412,483
412,484
412,485
412,486
412,487
412,488
412,489
412,490
412,491
412,492
412,493
412,494
412,495
412,496
412,497
412,498
412,499
412,500
412,501
412,502
412,503
412,504
412,505
412,506
412,507
412,508
412,509
412,510
412,511
412,512
412,513
412,514
412,515
412,516
412,517
412,518
412,519
412,520
412,521
412,522
412,523
412,524
412,616
412,617
412,618
412,619
412,620
412,621
412,622
412,623
412,624
412,625
412,626
412,627
412,628
412,629
412,630
412,631
412,632
412,633
412,634
412,635
412,636
412,637
412,638
412,639
412,640
412,641
412,642
412,643
412,644
412,645
412,646
412,647
412,648
412,649
412,650
412,651
412,652
412,653
412,654
412,655
412,656
412,657
412,658
412,659
412,660
412,661
412,662
412,663
412,664
412,665
412,666
412,667
412,668
412,669
412,670
412,671
412,672
412,673
412,674
412,675
412,676
413,334
413,335
413,336
413,337
413,338
413,339
413,340
413,341
413,342
413,343
413,344
413,345
413,346
413,347
413,348
413,349
413,350
413,351
413,352
413,353
413,354
413,355
413,356
413,357
413,358
413,359
413,360
413,361
413,362
413,363
413,364
413,365
413,366
413,367
413,368
413,369
413,370
413,371
413,372
413,373
413,374
413,375
413,376
413,377
413,378
413,388
413,389
413,390
413,391
413,392
413,393
413,394
413,395
413,396
413,397
413,398
413,399
413,400
413,401
413,402
413,403
413,404
413,405
413,406
413,407
413,408
413,409
413,410
413,411
413,412
413,413
413,414
413,480
413,481
413,482
413,483
413,484
413,485
413,486
413,487
413,488
413,489
413,490
413,491
413,492
413,493
413,494
413,495
413,496
413,497
413,498
413,499
413,500
413,501
413,502
413,503
413,504
413,505
413,506
413,507
413,508
413,509
413,510
413,511
413,512
413,513
413,514
413,515
413,516
413,517
413,518
413,519
413,520
413,521
413,522
413,523
413,524
413,616
413,617
413,618
413,619
413,620
413,621
413,622
413,623
413,624
413,625
413,626
413,627
413,628
413,629
413,630
413,631
413,632
413,633
413,634
413,635
413,636
413,637
413,638
413,639
413,640
413,641
413,642
413,643
413,644
413,645
413,646
413,647
413,648
413,649
413,650
413,651
413,652
413,653
413,654
413,655
413,656
413,657
413,658
413,659
413,660
413,661
413,662
413,663
413,664
413,665
413,666
413,667
413,668
413,669
413,670
413,671
413,672
413,673
413,674
413,675
413,676
414,334
414,335
414,336
414,337
414,338
414,339
414,340
414,341
414,342
414,343
414,344
414,345
414,346
414,347
414,348
414,349
414,350
414,351
414,352
414,353
414,354
414,355
414,356
414,357
414,358
414,359
414,360
414,361
414,362
414,363
414,364
414,365
414,366
414,367
414,368
414,369
414,370
414,371
414,372
414,373
414,374
414,375
414,376
414,377
414,378
414,386
414,387
414,388
414,389
414,390
414,391
414,392
414,393
414,394
414,395
414,396
414,397
414,398
414,399
414,400
414,401
414,402
414,403
414,404
414,405
414,406
414,407
414,408
414,409
414,410
414,411
414,412
414,413
414,414
414,415
414,416
414,481
414,482
414,483
414,484
414,485
414,486
414,487
414,488
414,489
414,490
414,491
414,492
414,493
414,494
414,495
414,496
414,497
414,498
414,499
414,500
414,501
414,502
414,503
414,504
414,505
414,506
414,507
414,508
414,509
414,510
414,511
414,512
414,513
414,514
414,515
414,516
414,517
414,518
414,519
414,520
414,521
414,522
414,523
414,616
414,617
414,618
414,619
414,620
414,621
414,622
414,623
414,624
414,625
414,626
414,627
414,628
414,629
414,630
414,631
414,632
414,633
414,634
414,635
414,636
414,637
414,638
414,639
414,640
414,641
414,642
414,643
414,644
414,645
414,646
414,647
414,648
414,649
414,650
414,651
414,652
414,653
414,654
414,655
414,656
414,657
414,658
414,659
414,660
414,661
414,662
414,663
414,664
414,665
414,666
414,667
414,668
414,669
414,670
414,671
414,672
414,673
414,674
414,675
414,676
415,335
415,336
415,337
415,338
415,339
415,340
415,341
415,342
415,343
415,344
415,345
415,346
415,347
415,348
415,349
415,350
415,351
415,352
415,353
415,354
415,355
415,356
415,357
415,358
415,359
415,360
415,361
415,362
415,363
415,364
415,365
415,366
415,367
415,368
415,369
415,370
415,371
415,372
415,373
415,374
415,375
415,376
415,377
415,384
415,385
415,386
415,387
415,388
415,389
415,390
415,391
415,392
415,393
415,394
415,395
415,396
415,397
415,398
415,399
415,400
415,401
415,402
415,403
415,404
415,405
415,406
415,407
415,408
415,409
415,410
415,411
415,412
415,413
415,414
415,415
415,416
415,417
415,418
415,481
415,482
415,483
415,484
415,485
415,486
415,487
415,488
415,489
415,490
415,491
415,492
415,493
415,494
415,495
415,496
415,497
415,498
415,499
415,500
415,501
415,502
415,503
415,504
415,505
415,506
415,507
415,508
415,509
415,510
415,511
415,512
415,513
415,514
415,515
415,516
415,517
415,518
415,519
415,520
415,521
415,522
415,523
415,616
415,617
415,618
415,619
415,620
415,621
415,622
415,623
415,624
415,625
415,626
415,627
415,628
415,629
415,630
415,631
415,632
415,633
415,634
415,635
415,636
415,637
415,638
415,639
415,640
415,641
415,642
415,643
415,644
415,645
415,646
415,647
415,648
415,649
415,650
415,651
415,652
415,653
415,654
415,655
415,656
415,657
415,658
415,659
415,660
415,661
415,662
415,663
415,664
415,665
415,666
415,667
415,668
415,669
415,670
415,671
415,672
415,673
415,674
415,675
415,676
416,335
416,336
416,337
416,338
416,339
416,340
416,341
416,342
416,343
416,344
416,345
416,346
416,347
416,348
416,349
416,350
416,351
416,352
416,353
416,354
416,355
416,356
416,357
416,358
416,359
416,360
416,361
416,362
416,363
416,364
416,365
416,366
416,367
416,368
416,369
416,370
416,371
416,372
416,373
416,374
416,375
416,376
416,377
416,382
416,383
416,384
416,385
416,386
416,387
416,388
416,389
416,390
416,391
416,392
416,393
416,394
416,395
416,396
416,397
416,398
416,399
416,400
416,401
416,402
416,403
416,404
416,405
416,406
416,407
416,408
416,409
416,410
416,411
416,412
416,413
416,414
416,415
416,416
416,417
416,418
416,419
416,420
416,481
416,482
416,483
416,484
416,485
416,486
416,487
416,488
416,489
416,490
416,491
416,492
416,493
416,494
416,495
416,496
416,497
416,498
416,499
416,500
416,501
416,502
416,503
416,504
416,505
416,506
416,507
416,508
416,509
416,510
416,511
416,512
416,513
416,514
416,515
416,516
416,517
416,518
416,519
416,520
416,521
416,522
416,523
416,617
416,618
416,619
416,620
416,621
416,622
416,623
416,624
416,625
416,626
416,627
416,628
416,629
416,630
416,631
416,632
416,633
416,634
416,635
416,636
416,637
416,638
416,639
416,640
416,641
416,642
416,643
416,644
416,645
416,646
416,647
416,648
416,649
416,650
416,651
416,652
416,653
416,654
416,655
416,656
416,657
416,658
416,659
416,660
416,661
416,662
416,663
416,664
416,665
416,666
416,667
416,668
416,669
416,670
416,671
416,672
416,673
416,674
416,675
417,336
417,337
417,338
417,339
417,340
417,341
417,342
417,343
417,344
417,345
417,346
417,347
417,348
417,349
417,350
417,351
417,352
417,353
417,354
417,355
417,356
417,357
417,358
417,359
417,360
417,361
417,362
417,363
417,364
417,365
417,366
417,367
417,368
417,369
417,370
417,371
417,372
417,373
417,374
417,375
417,376
417,381
417,382
417,383
417,384
417,385
417,386
417,387
417,388
417,389
417,390
417,391
417,392
417,393
417,394
417,395
417,396
417,397
417,398
417,399
417,400
417,401
417,402
417,403
417,404
417,405
417,406
417,407
417,408
417,409
417,410
417,411
417,412
417,413
417,414
417,415
417,416
417,417
417,418
417,419
417,420
417,421
417,482
417,483
417,484
417,485
417,486
417,487
417,488
417,489
417,490
417,491
417,492
417,493
417,494
417,495
417,496
417,497
417,498
417,499
417,500
417,501
417,502
417,503
417,504
417,505
417,506
417,507
417,508
417,509
417,510
417,511
417,512
417,513
417,514
417,515
417,516
417,517
417,518
417,519
417,520
417,521
417,522
417,617
417,618
417,619
417,620
417,621
417,622
417,623
417,624
417,625
417,626
417,627
417,628
417,629
417,630
417,631
417,632
417,633
417,634
417,635
417,636
417,637
417,638
417,639
417,640
417,641
417,642
417,643
417,644
417,645
417,646
417,647
417,648
417,649
417,650
417,651
417,652
417,653
417,654
417,655
417,656
417,657
417,658
417,659
417,660
417,661
417,662
417,663
417,664
417,665
417,666
417,667
417,668
417,669
417,670
417,671
417,672
417,673
417,674
417,675
418,336
418,337
418,338
418,339
418,340
418,341
418,342
418,343
418,344
418,345
418,346
418,347
418,348
418,349
418,350
418,351
418,352
418,353
418,354
418,355
418,356
418,357
418,358
418,359
418,360
418,361
418,362
418,363
418,364
418,365
418,366
418,367
418,368
418,369
418,370
418,371
418,372
418,373
418,374
418,375
418,376
418,380
418,381
418,382
418,383
418,384
418,385
418,386
418,387
418,388
418,389
418,390
418,391
418,392
418,393
418,394
418,395
418,396
418,397
418,398
418,399
418,400
418,401
418,402
418,403
418,404
418,405
418,406
418,407
418,408
418,409
418,410
418,411
418,412
418,413
418,414
418,415
418,416
418,417
418,418
418,419
418,420
418,421
418,422
418,482
418,483
418,484
418,485
418,486
418,487
418,488
418,489
418,490
418,491
418,492
418,493
418,494
418,495
418,496
418,497
418,498
418,499
418,500
418,501
418,502
418,503
418,504
418,505
418,506
418,507
418,508
418,509
418,510
418,511
418,512
418,513
418,514
418,515
418,516
418,517
418,518
418,519
418,520
418,521
418,522
418,617
418,618
418,619
418,620
418,621
418,622
418,623
418,624
418,625
418,626
418,627
418,628
418,629
418,630
418,631
418,632
418,633
418,634
418,635
418,636
418,637
418,638
418,639
418,640
418,641
418,642
418,643
418,644
418,645
418,646
418,647
418,648
418,649
418,650
418,651
418,652
418,653
418,654
418,655
418,656
418,657
418,658
418,659
418,660
418,661
418,662
418,663
418,664
418,665
418,666
418,667
418,668
418,669
418,670
418,671
418,672
418,673
418,674
418,675
419,337
419,338
419,339
419,340
419,341
419,342
419,343
419,344
419,345
419,346
419,347
419,348
419,349
419,350
419,351
419,352
419,353
419,354
419,355
419,356
419,357
419,358
419,359
419,360
419,361
419,362
419,363
419,364
419,365
419,366
419,367
419,368
419,369
419,370
419,371
419,372
419,373
419,374
419,375
419,378
419,379
419,380
419,381
419,382
419,383
419,384
419,385
419,386
419,387
419,388
419,389
419,390
419,391
419,392
419,393
419,394
419,395
419,396
419,397
419,398
419,399
419,400
419,401
419,402
419,403
419,404
419,405
419,406
419,407
419,408
419,409
419,410
419,411
419,412
419,413
419,414
419,415
419,416
419,417
419,418
419,419
419,420
419,421
419,422
419,423
419,424
419,482
419,483
419,484
419,485
419,486
419,487
419,488
419,489
419,490
419,491
419,492
419,493
419,494
419,495
419,496
419,497
419,498
419,499
419,500
419,501
419,502
419,503
419,504
419,505
419,506
419,507
419,508
419,509
419,510
419,511
419,512
419,513
419,514
419,515
419,516
419,517
419,518
419,519
419,520
419,521
419,522
419,617
419,618
419,619
419,620
419,621
419,622
419,623
419,624
419,625
419,626
419,627
419,628
419,629
419,630
419,631
419,632
419,633
419,634
419,635
419,636
419,637
419,638
419,639
419,640
419,641
419,642
419,643
419,644
419,645
419,646
419,647
419,648
419,649
419,650
419,651
419,652
419,653
419,654
419,655
419,656
419,657
419,658
419,659
419,660
419,661
419,662
419,663
419,664
419,665
419,666
419,667
419,668
419,669
419,670
419,671
419,672
419,673
419,674
419,675
420,338
420,339
420,340
420,341
420,342
420,343
420,344
420,345
420,346
420,347
420,348
420,349
420,350
420,351
420,352
420,353
420,354
420,355
420,356
420,357
420,358
420,359
420,360
420,361
420,362
420,363
420,364
420,365
420,366
420,367
420,368
420,369
420,370
420,371
420,372
420,373
420,374
420,377
420,378
420,379
420,380
420,381
420,382
420,383
420,384
420,385
420,386
420,387
420,388
420,389
420,390
420,391
420,392
420,393
420,394
420,395
420,396
420,397
420,398
420,399
420,400
420,401
420,402
420,403
420,404
420,405
420,406
420,407
420,408
420,409
420,410
420,411
420,412
420,413
420,414
420,415
420,416
420,417
420,418
420,419
420,420
420,421
420,422
420,423
420,424
420,425
420,483
420,484
420,485
420,486
420,487
420,488
420,489
420,490
420,491
420,492
420,493
420,494
420,495
420,496
420,497
420,498
420,499
420,500
420,501
420,502
420,503
420,504
420,505
420,506
420,507
420,508
420,509
420,510
420,511
420,512
420,513
420,514
420,515
420,516
420,517
420,518
420,519
420,520
420,521
420,618
420,619
420,620
420,621
420,622
420,623
420,624
420,625
420,626
420,627
420,628
420,629
420,630
420,631
420,632
420,633
420,634
420,635
420,636
420,637
420,638
420,639
420,640
420,641
420,642
420,643
420,644
420,645
420,646
420,647
420,648
420,649
420,650
420,651
420,652
420,653
420,654
420,655
420,656
420,657
420,658
420,659
420,660
420,661
420,662
420,663
420,664
420,665
420,666
420,667
420,668
420,669
420,670
420,671
420,672
420,673
420,674
421,339
421,340
421,341
421,342
421,343
421,344
421,345
421,346
421,347
421,348
421,349
421,350
421,351
421,352
421,353
421,354
421,355
421,356
421,357
421,358
421,359
421,360
421,361
421,362
421,363
421,364
421,365
421,366
421,367
421,368
421,369
421,370
421,371
421,372
421,373
421,376
421,377
421,378
421,379
421,380
421,381
421,382
421,383
421,384
421,385
421,386
421,387
421,388
421,389
421,390
421,391
421,392
421,393
421,394
421,395
421,396
421,397
421,398
421,399
421,400
421,401
421,402
421,403
421,404
421,405
421,406
421,407
421,408
421,409
421,410
421,411
421,412
421,413
421,414
421,415
421,416
421,417
421,418
421,419
421,420
421,421
421,422
421,423
421,424
421,425
421,426
421,484
421,485
421,486
421,487
421,488
421,489
421,490
421,491
421,492
421,493
421,494
421,495
421,496
421,497
421,498
421,499
421,500
421,501
421,502
421,503
421,504
421,505
421,506
421,507
421,508
421,509
421,510
421,511
421,512
421,513
421,514
421,515
421,516
421,517
421,518
421,519
421,520
421,618
421,619
421,620
421,621
421,622
421,623
421,624
421,625
421,626
421,627
421,628
421,629
421,630
421,631
421,632
421,633
421,634
421,635
421,636
421,637
421,638
421,639
421,640
421,641
421,642
421,643
421,644
421,645
421,646
421,647
421,648
421,649
421,650
421,651
421,652
421,653
421,654
421,655
421,656
421,657
421,658
421,659
421,660
421,661
421,662
421,663
421,664
421,665
421,666
421,667
421,668
421,669
421,670
421,671
421,672
421,673
421,674
422,339
422,340
422,341
422,342
422,343
422,344
422,345
422,346
422,347
422,348
422,349
422,350
422,351
422,352
422,353
422,354
422,355
422,356
422,357
422,358
422,359
422,360
422,361
422,362
422,363
422,364
422,365
422,366
422,367
422,368
422,369
422,370
422,371
422,372
422,373
422,375
422,376
422,377
422,378
422,379
422,380
422,381
422,382
422,383
422,384
422,385
422,386
422,387
422,388
422,389
422,390
422,391
422,392
422,393
422,394
422,395
422,396
422,397
422,398
422,399
422,400
422,401
422,402
422,403
422,404
422,405
422,406
422,407
422,408
422,409
422,410
422,411
422,412
422,413
422,414
422,415
422,416
422,417
422,418
422,419
422,420
422,421
422,422
422,423
422,424
422,425
422,426
422,427
422,484
422,485
422,486
422,487
422,488
422,489
422,490
422,491
422,492
422,493
422,494
422,495
422,496
422,497
422,498
422,499
422,500
422,501
422,502
422,503
422,504
422,505
422,506
422,507
422,508
422,509
422,510
422,511
422,512
422,513
422,514
422,515
422,516
422,517
422,518
422,519
422,520
422,619
422,620
422,621
422,622
422,623
422,624
422,625
422,626
422,627
422,628
422,629
422,630
422,631
422,632
422,633
422,634
422,635
422,636
422,637
422,638
422,639
422,640
422,641
422,642
422,643
422,644
422,645
422,646
422,647
422,648
422,649
422,650
422,651
422,652
422,653
422,654
422,655
422,656
422,657
422,658
422,659
422,660
422,661
422,662
422,663
422,664
422,665
422,666
422,667
422,668
422,669
422,670
422,671
422,672
422,673
423,340
423,341
423,342
423,343
423,344
423,345
423,346
423,347
423,348
423,349
423,350
423,351
423,352
423,353
423,354
423,355
423,356
423,357
423,358
423,359
423,360
423,361
423,362
423,363
423,364
423,365
423,366
423,367
423,368
423,369
423,370
423,371
423,372
423,374
423,375
423,376
423,377
423,378
423,379
423,380
423,381
423,382
423,383
423,384
423,385
423,386
423,387
423,388
423,389
423,390
423,391
423,392
423,393
423,394
423,395
423,396
423,397
423,398
423,399
423,400
423,401
423,402
423,403
423,404
423,405
423,406
423,407
423,408
423,409
423,410
423,411
423,412
423,413
423,414
423,415
423,416
423,417
423,418
423,419
423,420
423,421
423,422
423,423
423,424
423,425
423,426
423,427
423,428
423,485
423,486
423,487
423,488
423,489
423,490
423,491
423,492
423,493
423,494
423,495
423,496
423,497
423,498
423,499
423,500
423,501
423,502
423,503
423,504
423,505
423,506
423,507
423,508
423,509
423,510
423,511
423,512
423,513
423,514
423,515
423,516
423,517
423,518
423,519
423,619
423,620
423,621
423,622
423,623
423,624
423,625
423,626
423,627
423,628
423,629
423,630
423,631
423,632
423,633
423,634
423,635
423,636
423,637
423,638
423,639
423,640
423,641
423,642
423,643
423,644
423,645
423,646
423,647
423,648
423,649
423,650
423,651
423,652
423,653
423,654
423,655
423,656
423,657
423,658
423,659
423,660
423,661
423,662
423,663
423,664
423,665
423,666
423,667
423,668
423,669
423,670
423,671
423,672
423,673
424,342
424,343
424,344
424,345
424,346
424,347
424,348
424,349
424,350
424,351
424,352
424,353
424,354
424,355
424,356
424,357
424,358
424,359
424,360
424,361
424,362
424,363
424,364
424,365
424,366
424,367
424,368
424,369
424,370
424,373
424,374
424,375
424,376
424,377
424,378
424,379
424,380
424,381
424,382
424,383
424,384
424,385
424,386
424,387
424,388
424,389
424,390
424,391
424,392
424,393
424,394
424,395
424,396
424,397
424,398
424,399
424,400
424,401
424,402
424,403
424,404
424,405
424,406
424,407
424,408
424,409
424,410
424,411
424,412
424,413
424,414
424,415
424,416
424,417
424,418
424,419
424,420
424,421
424,422
424,423
424,424
424,425
424,426
424,427
424,428
424,429
424,486
424,487
424,488
424,489
424,490
424,491
424,492
424,493
424,494
424,495
424,496
424,497
424,498
424,499
424,500
424,501
424,502
424,503
424,504
424,505
424,506
424,507
424,508
424,509
424,510
424,511
424,512
424,513
424,514
424,515
424,516
424,517
424,518
424,619
424,620
424,621
424,622
424,623
424,624
424,625
424,626
424,627
424,628
424,629
424,630
424,631
424,632
424,633
424,634
424,635
424,636
424,637
424,638
424,639
424,640
424,641
424,642
424,643
424,644
424,645
424,646
424,647
424,648
424,649
424,650
424,651
424,652
424,653
424,654
424,655
424,656
424,657
424,658
424,659
424,660
424,661
424,662
424,663
424,664
424,665
424,666
424,667
424,668
424,669
424,670
424,671
424,672
424,673
425,343
425,344
425,345
425,346
425,347
425,348
425,349
425,350
425,351
425,352
425,353
425,354
425,355
425,356
425,357
425,358
425,359
425,360
425,361
425,362
425,363
425,364
425,365
425,366
425,367
425,368
425,369
425,373
425,374
425,375
425,376
425,377
425,378
425,379
425,380
425,381
425,382
425,383
425,384
425,385
425,386
425,387
425,388
425,389
425,390
425,391
425,392
425,393
425,394
425,395
425,396
425,397
425,398
425,399
425,400
425,401
425,402
425,403
425,404
425,405
425,406
425,407
425,408
425,409
425,410
425,411
425,412
425,413
425,414
425,415
425,416
425,417
425,418
425,419
425,420
425,421
425,422
425,423
425,424
425,425
425,426
425,427
425,428
425,429
425,487
425,488
425,489
425,490
425,491
425,492
425,493
425,494
425,495
425,496
425,497
425,498
425,499
425,500
425,501
425,502
425,503
425,504
425,505
425,506
425,507
425,508
425,509
425,510
425,511
425,512
425,513
425,514
425,515
425,516
425,517
425,620
425,621
425,622
425,623
425,624
425,625
425,626
425,627
425,628
425,629
425,630
425,631
425,632
425,633
425,634
425,635
425,636
425,637
425,638
425,639
425,640
425,641
425,642
425,643
425,644
425,645
425,646
425,647
425,648
425,649
425,650
425,651
425,652
425,653
425,654
425,655
425,656
425,657
425,658
425,659
425,660
425,661
425,662
425,663
425,664
425,665
425,666
425,667
425,668
425,669
425,670
425,671
425,672
426,344
426,345
426,346
426,347
426,348
426,349
426,350
426,351
426,352
426,353
426,354
426,355
426,356
426,357
426,358
426,359
426,360
426,361
426,362
426,363
426,364
426,365
426,366
426,367
426,368
426,372
426,373
426,374
426,375
426,376
426,377
426,378
426,379
426,380
426,381
426,382
426,383
426,384
426,385
426,386
426,387
426,388
426,389
426,390
426,391
426,392
426,393
426,394
426,395
426,396
426,397
426,398
426,399
426,400
426,401
426,402
426,403
426,404
426,405
426,406
426,407
426,408
426,409
426,410
426,411
426,412
426,413
426,414
426,415
426,416
426,417
426,418
426,419
426,420
426,421
426,422
426,423
426,424
426,425
426,426
426,427
426,428
426,429
426,430
426,488
426,489
426,490
426,491
426,492
426,493
426,494
426,495
426,496
426,497
426,498
426,499
426,500
426,501
426,502
426,503
426,504
426,505
426,506
426,507
426,508
426,509
426,510
426,511
426,512
426,513
426,514
426,515
426,516
426,621
426,622
426,623
426,624
426,625
426,626
426,627
426,628
426,629
426,630
426,631
426,632
426,633
426,634
426,635
426,636
426,637
426,638
426,639
426,640
426,641
426,642
426,643
426,644
426,645
426,646
426,647
426,648
426,649
426,650
426,651
426,652
426,653
426,654
426,655
426,656
426,657
426,658
426,659
426,660
426,661
426,662
426,663
426,664
426,665
426,666
426,667
426,668
426,669
426,670
426,671
427,346
427,347
427,348
427,349
427,350
427,351
427,352
427,353
427,354
427,355
427,356
427,357
427,358
427,359
427,360
427,361
427,362
427,363
427,364
427,365
427,366
427,371
427,372
427,373
427,374
427,375
427,376
427,377
427,378
427,379
427,380
427,381
427,382
427,383
427,384
427,385
427,386
427,387
427,388
427,389
427,390
427,391
427,392
427,393
427,394
427,395
427,396
427,397
427,398
427,399
427,400
427,401
427,402
427,403
427,404
427,405
427,406
427,407
427,408
427,409
427,410
427,411
427,412
427,413
427,414
427,415
427,416
427,417
427,418
427,419
427,420
427,421
427,422
427,423
427,424
427,425
427,426
427,427
427,428
427,429
427,430
427,431
427,489
427,490
427,491
427,492
427,493
427,494
427,495
427,496
427,497
427,498
427,499
427,500
427,501
427,502
427,503
427,504
427,505
427,506
427,507
427,508
427,509
427,510
427,511
427,512
427,513
427,514
427,515
427,592
427,593
427,594
427,595
427,596
427,597
427,598
427,599
427,600
427,621
427,622
427,623
427,624
427,625
427,626
427,627
427,628
427,629
427,630
427,631
427,632
427,633
427,634
427,635
427,636
427,637
427,638
427,639
427,640
427,641
427,642
427,643
427,644
427,645
427,646
427,647
427,648
427,649
427,650
427,651
427,652
427,653
427,654
427,655
427,656
427,657
427,658
427,659
427,660
427,661
427,662
427,663
427,664
427,665
427,666
427,667
427,668
427,669
427,670
427,671
428,348
428,349
428,350
428,351
428,352
428,353
428,354
428,355
428,356
428,357
428,358
428,359
428,360
428,361
428,362
428,363
428,364
428,370
428,371
428,372
428,373
428,374
428,375
428,376
428,377
428,378
428,379
428,380
428,381
428,382
428,383
428,384
428,385
428,386
428,387
428,388
428,389
428,390
428,391
428,392
428,393
428,394
428,395
428,396
428,397
428,398
428,399
428,400
428,401
428,402
428,403
428,404
428,405
428,406
428,407
428,408
428,409
428,410
428,411
428,412
428,413
428,414
428,415
428,416
428,417
428,418
428,419
428,420
428,421
428,422
428,423
428,424
428,425
428,426
428,427
428,428
428,429
428,430
428,431
428,432
428,491
428,492
428,493
428,494
428,495
428,496
428,497
428,498
428,499
428,500
428,501
428,502
428,503
428,504
428,505
428,506
428,507
428,508
428,509
428,510
428,511
428,512
428,513
428,588
428,589
428,590
428,591
428,592
428,593
428,594
428,595
428,596
428,597
428,598
428,599
428,600
428,601
428,602
428,603
428,604
428,622
428,623
428,624
428,625
428,626
428,627
428,628
428,629
428,630
428,631
428,632
428,633
428,634
428,635
428,636
428,637
428,638
428,639
428,640
428,641
428,642
428,643
428,644
428,645
428,646
428,647
428,648
428,649
428,650
428,651
428,652
428,653
428,654
428,655
428,656
428,657
428,658
428,659
428,660
428,661
428,662
428,663
428,664
428,665
428,666
428,667
428,668
428,669
428,670
429,352
429,353
429,354
429,355
429,356
429,357
429,358
429,359
429,360
429,370
429,371
429,372
429,373
429,374
429,375
429,376
429,377
429,378
429,379
429,380
429,381
429,382
429,383
429,384
429,385
429,386
429,387
429,388
429,389
429,390
429,391
429,392
429,393
429,394
429,395
429,396
429,397
429,398
429,399
429,400
429,401
429,402
429,403
429,404
429,405
429,406
429,407
429,408
429,409
429,410
429,411
429,412
429,413
429,414
429,415
429,416
429,417
429,418
429,419
429,420
429,421
429,422
429,423
429,424
429,425
429,426
429,427
429,428
429,429
429,430
429,431
429,432
429,492
429,493
429,494
429,495
429,496
429,497
429,498
429,499
429,500
429,501
429,502
429,503
429,504
429,505
429,506
429,507
429,508
429,509
429,510
429,511
429,512
429,586
429,587
429,588
429,589
429,590
429,591
429,592
429,593
429,594
429,595
429,596
429,597
429,598
429,599
429,600
429,601
429,602
429,603
429,604
429,605
429,606
429,623
429,624
429,625
429,626
429,627
429,628
429,629
429,630
429,631
429,632
429,633
429,634
429,635
429,636
429,637
429,638
429,639
429,640
429,641
429,642
429,643
429,644
429,645
429,646
429,647
429,648
429,649
429,650
429,651
429,652
429,653
429,654
429,655
429,656
429,657
429,658
429,659
429,660
429,661
429,662
429,663
429,664
429,665
429,666
429,667
429,668
429,669
430,369
430,370
430,371
430,372
430,373
430,374
430,375
430,376
430,377
430,378
430,379
430,380
430,381
430,382
430,383
430,384
430,385
430,386
430,387
430,388
430,389
430,390
430,391
430,392
430,393
430,394
430,395
430,396
430,397
430,398
430,399
430,400
430,401
430,402
430,403
430,404
430,405
430,406
430,407
430,408
430,409
430,410
430,411
430,412
430,413
430,414
430,415
430,416
430,417
430,418
430,419
430,420
430,421
430,422
430,423
430,424
430,425
430,426
430,427
430,428
430,429
430,430
430,431
430,432
430,433
430,495
430,496
430,497
430,498
430,499
430,500
430,501
430,502
430,503
430,504
430,505
430,506
430,507
430,508
430,509
430,584
430,585
430,586
430,587
430,588
430,589
430,590
430,591
430,592
430,593
430,594
430,595
430,596
430,597
430,598
430,599
430,600
430,601
430,602
430,603
430,604
430,605
430,606
430,607
430,608
430,624
430,625
430,626
430,627
430,628
430,629
430,630
430,631
430,632
430,633
430,634
430,635
430,636
430,637
430,638
430,639
430,640
430,641
430,642
430,643
430,644
430,645
430,646
430,647
430,648
430,649
430,650
430,651
430,652
430,653
430,654
430,655
430,656
430,657
430,658
430,659
430,660
430,661
430,662
430,663
430,664
430,665
430,666
430,667
430,668
431,369
431,370
431,371
431,372
431,373
431,374
431,375
431,376
431,377
431,378
431,379
431,380
431,381
431,382
431,383
431,384
431,385
431,386
431,387
431,388
431,389
431,390
431,391
431,392
431,393
431,394
431,395
431,396
431,397
431,398
431,399
431,400
431,401
431,402
431,403
431,404
431,405
431,406
431,407
431,408
431,409
431,410
431,411
431,412
431,413
431,414
431,415
431,416
431,417
431,418
431,419
431,420
431,421
431,422
431,423
431,424
431,425
431,426
431,427
431,428
431,429
431,430
431,431
431,432
431,433
431,498
431,499
431,500
431,501
431,502
431,503
431,504
431,505
431,506
431,583
431,584
431,585
431,586
431,587
431,588
431,589
431,590
431,591
431,592
431,593
431,594
431,595
431,596
431,597
431,598
431,599
431,600
431,601
431,602
431,603
431,604
431,605
431,606
431,607
431,608
431,609
431,625
431,626
431,627
431,628
431,629
431,630
431,631
431,632
431,633
431,634
431,635
431,636
431,637
431,638
431,639
431,640
431,641
431,642
431,643
431,644
431,645
431,646
431,647
431,648
431,649
431,650
431,651
431,652
431,653
431,654
431,655
431,656
431,657
431,658
431,659
431,660
431,661
431,662
431,663
431,664
431,665
431,666
431,667
432,368
432,369
432,370
432,371
432,372
432,373
432,374
432,375
432,376
432,377
432,378
432,379
432,380
432,381
432,382
432,383
432,384
432,385
432,386
432,387
432,388
432,389
432,390
432,391
432,392
432,393
432,394
432,395
432,396
432,397
432,398
432,399
432,400
432,401
432,402
432,403
432,404
432,405
432,406
432,407
432,408
432,409
432,410
432,411
432,412
432,413
432,414
432,415
432,416
432,417
432,418
432,419
432,420
432,421
432,422
432,423
432,424
432,425
432,426
432,427
432,428
432,429
432,430
432,431
432,432
432,433
432,434
432,582
432,583
432,584
432,585
432,586
432,587
432,588
432,589
432,590
432,591
432,592
432,593
432,594
432,595
432,596
432,597
432,598
432,599
432,600
432,601
432,602
432,603
432,604
432,605
432,606
432,607
432,608
432,609
432,610
432,626
432,627
432,628
432,629
432,630
432,631
432,632
432,633
432,634
432,635
432,636
432,637
432,638
432,639
432,640
432,641
432,642
432,643
432,644
432,645
432,646
432,647
432,648
432,649
432,650
432,651
432,652
432,653
432,654
432,655
432,656
432,657
432,658
432,659
432,660
432,661
432,662
432,663
432,664
432,665
432,666
433,368
433,369
433,370
433,371
433,372
433,373
433,374
433,375
433,376
433,377
433,378
433,379
433,380
433,381
433,382
433,383
433,384
433,385
433,386
433,387
433,388
433,389
433,390
433,391
433,392
433,393
433,394
433,395
433,396
433,397
433,398
433,399
433,400
433,401
433,402
433,403
433,404
433,405
433,406
433,407
433,408
433,409
433,410
433,411
433,412
433,413
433,414
433,415
433,416
433,417
433,418
433,419
433,420
433,421
433,422
433,423
433,424
433,425
433,426
433,427
433,428
433,429
433,430
433,431
433,432
433,433
433,434
433,580
433,581
433,582
433,583
433,584
433,585
433,586
433,587
433,588
433,589
433,590
433,591
433,592
433,593
433,594
433,595
433,596
433,597
433,598
433,599
433,600
433,601
433,602
433,603
433,604
433,605
433,606
433,607
433,608
433,609
433,610
433,611
433,612
433,627
433,628
433,629
433,630
433,631
433,632
433,633
433,634
433,635
433,636
433,637
433,638
433,639
433,640
433,641
433,642
433,643
433,644
433,645
433,646
433,647
433,648
433,649
433,650
433,651
433,652
433,653
433,654
433,655
433,656
433,657
433,658
433,659
433,660
433,661
433,662
433,663
433,664
433,665
434,367
434,368
434,369
434,370
434,371
434,372
434,373
434,374
434,375
434,376
434,377
434,378
434,379
434,380
434,381
434,382
434,383
434,384
434,385
434,386
434,387
434,388
434,389
434,390
434,391
434,392
434,393
434,394
434,395
434,396
434,397
434,398
434,399
434,400
434,401
434,402
434,403
434,404
434,405
434,406
434,407
434,408
434,409
434,410
434,411
434,412
434,413
434,414
434,415
434,416
434,417
434,418
434,419
434,420
434,421
434,422
434,423
434,424
434,425
434,426
434,427
434,428
434,429
434,430
434,431
434,432
434,433
434,434
434,435
434,579
434,580
434,581
434,582
434,583
434,584
434,585
434,586
434,587
434,588
434,589
434,590
434,591
434,592
434,593
434,594
434,595
434,596
434,597
434,598
434,599
434,600
434,601
434,602
434,603
434,604
434,605
434,606
434,607
434,608
434,609
434,610
434,611
434,612
434,613
434,628
434,629
434,630
434,631
434,632
434,633
434,634
434,635
434,636
434,637
434,638
434,639
434,640
434,641
434,642
434,643
434,644
434,645
434,646
434,647
434,648
434,649
434,650
434,651
434,652
434,653
434,654
434,655
434,656
434,657
434,658
434,659
434,660
434,661
434,662
434,663
434,664
435,367
435,368
435,369
435,370
435,371
435,372
435,373
435,374
435,375
435,376
435,377
435,378
435,379
435,380
435,381
435,382
435,383
435,384
435,385
435,386
435,387
435,388
435,389
435,390
435,391
435,392
435,393
435,394
435,395
435,396
435,397
435,398
435,399
435,400
435,401
435,402
435,403
435,404
435,405
435,406
435,407
435,408
435,409
435,410
435,411
435,412
435,413
435,414
435,415
435,416
435,417
435,418
435,419
435,420
435,421
435,422
435,423
435,424
435,425
435,426
435,427
435,428
435,429
435,430
435,431
435,432
435,433
435,434
435,435
435,579
435,580
435,581
435,582
435,583
435,584
435,585
435,586
435,587
435,588
435,589
435,590
435,591
435,592
435,593
435,594
435,595
435,596
435,597
435,598
435,599
435,600
435,601
435,602
435,603
435,604
435,605
435,606
435,607
435,608
435,609
435,610
435,611
435,612
435,613
435,629
435,630
435,631
435,632
435,633
435,634
435,635
435,636
435,637
435,638
435,639
435,640
435,641
435,642
435,643
435,644
435,645
435,646
435,647
435,648
435,649
435,650
435,651
435,652
435,653
435,654
435,655
435,656
435,657
435,658
435,659
435,660
435,661
435,662
435,663
436,367
436,368
436,369
436,370
436,371
436,372
436,373
436,374
436,375
436,376
436,377
436,378
436,379
436,380
436,381
436,382
436,383
436,384
436,385
436,386
436,387
436,388
436,389
436,390
436,391
436,392
436,393
436,394
436,395
436,396
436,397
436,398
436,399
436,400
436,401
436,402
436,403
436,404
436,405
436,406
436,407
436,408
436,409
436,410
436,411
436,412
436,413
436,414
436,415
436,416
436,417
436,418
436,419
436,420
436,421
436,422
436,423
436,424
436,425
436,426
436,427
436,428
436,429
436,430
436,431
436,432
436,433
436,434
436,435
436,578
436,579
436,580
436,581
436,582
436,583
436,584
436,585
436,586
436,587
436,588
436,589
436,590
436,591
436,592
436,593
436,594
436,595
436,596
436,597
436,598
436,599
436,600
436,601
436,602
436,603
436,604
436,605
436,606
436,607
436,608
436,609
436,610
436,611
436,612
436,613
436,614
436,631
436,632
436,633
436,634
436,635
436,636
436,637
436,638
436,639
436,640
436,641
436,642
436,643
436,644
436,645
436,646
436,647
436,648
436,649
436,650
436,651
436,652
436,653
436,654
436,655
436,656
436,657
436,658
436,659
436,660
436,661
437,366
437,367
437,368
437,369
437,370
437,371
437,372
437,373
437,374
437,375
437,376
437,377
437,378
437,379
437,380
437,381
437,382
437,383
437,384
437,385
437,386
437,387
437,388
437,389
437,390
437,391
437,392
437,393
437,394
437,395
437,396
437,397
437,398
437,399
437,400
437,401
437,402
437,403
437,404
437,405
437,406
437,407
437,408
437,409
437,410
437,411
437,412
437,413
437,414
437,415
437,416
437,417
437,418
437,419
437,420
437,421
437,422
437,423
437,424
437,425
437,426
437,427
437,428
437,429
437,430
437,431
437,432
437,433
437,434
437,435
437,436
437,577
437,578
437,579
437,580
437,581
437,582
437,583
437,584
437,585
437,586
437,587
437,588
437,589
437,590
437,591
437,592
437,593
437,594
437,595
437,596
437,597
437,598
437,599
437,600
437,601
437,602
437,603
437,604
437,605
437,606
437,607
437,608
437,609
437,610
437,611
437,612
437,613
437,614
437,615
437,632
437,633
437,634
437,635
437,636
437,637
437,638
437,639
437,640
437,641
437,642
437,643
437,644
437,645
437,646
437,647
437,648
437,649
437,650
437,651
437,652
437,653
437,654
437,655
437,656
437,657
437,658
437,659
437,660
438,366
438,367
438,368
438,369
438,370
438,371
438,372
438,373
438,374
438,375
438,376
438,377
438,378
438,379
438,380
438,381
438,382
438,383
438,384
438,385
438,386
438,387
438,388
438,389
438,390
438,391
438,392
438,393
438,394
438,395
438,396
438,397
438,398
438,399
438,400
438,401
438,402
438,403
438,404
438,405
438,406
438,407
438,408
438,409
438,410
438,411
438,412
438,413
438,414
438,415
438,416
438,417
438,418
438,419
438,420
438,421
438,422
438,423
438,424
438,425
438,426
438,427
438,428
438,429
438,430
438,431
438,432
438,433
438,434
438,435
438,436
438,576
438,577
438,578
438,579
438,580
438,581
438,582
438,583
438,584
438,585
438,586
438,587
438,588
438,589
438,590
438,591
438,592
438,593
438,594
438,595
438,596
438,597
438,598
438,599
438,600
438,601
438,602
438,603
438,604
438,605
438,606
438,607
438,608
438,609
438,610
438,611
438,612
438,613
438,614
438,615
438,616
438,635
438,636
438,637
438,638
438,639
438,640
438,641
438,642
438,643
438,644
438,645
438,646
438,647
438,648
438,649
438,650
438,651
438,652
438,653
438,654
438,655
438,656
438,657
439,366
439,367
439,368
439,369
439,370
439,371
439,372
439,373
439,374
439,375
439,376
439,377
439,378
439,379
439,380
439,381
439,382
439,383
439,384
439,385
439,386
439,387
439,388
439,389
439,390
439,391
439,392
439,393
439,394
439,395
439,396
439,397
439,398
439,399
439,400
439,401
439,402
439,403
439,404
439,405
439,406
439,407
439,408
439,409
439,410
439,411
439,412
439,413
439,414
439,415
439,416
439,417
439,418
439,419
439,420
439,421
439,422
439,423
439,424
439,425
439,426
439,427
439,428
439,429
439,430
439,431
439,432
439,433
439,434
439,435
439,436
439,576
439,577
439,578
439,579
439,580
439,581
439,582
439,583
439,584
439,585
439,586
439,587
439,588
439,589
439,590
439,591
439,592
439,593
439,594
439,595
439,596
439,597
439,598
439,599
439,600
439,601
439,602
439,603
439,604
439,605
439,606
439,607
439,608
439,609
439,610
439,611
439,612
439,613
439,614
439,615
439,616
439,637
439,638
439,639
439,640
439,641
439,642
439,643
439,644
439,645
439,646
439,647
439,648
439,649
439,650
439,651
439,652
439,653
439,654
439,655
440,366
440,367
440,368
440,369
440,370
440,371
440,372
440,373
440,374
440,375
440,376
440,377
440,378
440,379
440,380
440,381
440,382
440,383
440,384
440,385
440,386
440,387
440,388
440,389
440,390
440,391
440,392
440,393
440,394
440,395
440,396
440,397
440,398
440,399
440,400
440,401
440,402
440,403
440,404
440,405
440,406
440,407
440,408
440,409
440,410
440,411
440,412
440,413
440,414
440,415
440,416
440,417
440,418
440,419
440,420
440,421
440,422
440,423
440,424
440,425
440,426
440,427
440,428
440,429
440,430
440,431
440,432
440,433
440,434
440,435
440,436
440,575
440,576
440,577
440,578
440,579
440,580
440,581
440,582
440,583
440,584
440,585
440,586
440,587
440,588
440,589
440,590
440,591
440,592
440,593
440,594
440,595
440,596
440,597
440,598
440,599
440,600
440,601
440,602
440,603
440,604
440,605
440,606
440,607
440,608
440,609
440,610
440,611
440,612
440,613
440,614
440,615
440,616
440,617
440,641
440,642
440,643
440,644
440,645
440,646
440,647
440,648
440,649
440,650
440,651
441,366
441,367
441,368
441,369
441,370
441,371
441,372
441,373
441,374
441,375
441,376
441,377
441,378
441,379
441,380
441,381
441,382
441,383
441,384
441,385
441,386
441,387
441,388
441,389
441,390
441,391
441,392
441,393
441,394
441,395
441,396
441,397
441,398
441,399
441,400
441,401
441,402
441,403
441,404
441,405
441,406
441,407
441,408
441,409
441,410
441,411
441,412
441,413
441,414
441,415
441,416
441,417
441,418
441,419
441,420
441,421
441,422
441,423
441,424
441,425
441,426
441,427
441,428
441,429
441,430
441,431
441,432
441,433
441,434
441,435
441,436
441,575
441,576
441,577
441,578
441,579
441,580
441,581
441,582
441,583
441,584
441,585
441,586
441,587
441,588
441,589
441,590
441,591
441,592
441,593
441,594
441,595
441,596
441,597
441,598
441,599
441,600
441,601
441,602
441,603
441,604
441,605
441,606
441,607
441,608
441,609
441,610
441,611
441,612
441,613
441,614
441,615
441,616
441,617
442,365
442,366
442,367
442,368
442,369
442,370
442,371
442,372
442,373
442,374
442,375
442,376
442,377
442,378
442,379
442,380
442,381
442,382
442,383
442,384
442,385
442,386
442,387
442,388
442,389
442,390
442,391
442,392
442,393
442,394
442,395
442,396
442,397
442,398
442,399
442,400
442,401
442,402
442,403
442,404
442,405
442,406
442,407
442,408
442,409
442,410
442,411
442,412
442,413
442,414
442,415
442,416
442,417
442,418
442,419
442,420
442,421
442,422
442,423
442,424
442,425
442,426
442,427
442,428
442,429
442,430
442,431
442,432
442,433
442,434
442,435
442,436
442,437
442,574
442,575
442,576
442,577
442,578
442,579
442,580
442,581
442,582
442,583
442,584
442,585
442,586
442,587
442,588
442,589
442,590
442,591
442,592
442,593
442,594
442,595
442,596
442,597
442,598
442,599
442,600
442,601
442,602
442,603
442,604
442,605
442,606
442,607
442,608
442,609
442,610
442,611
442,612
442,613
442,614
442,615
442,616
442,617
442,618
443,365
443,366
443,367
443,368
443,369
443,370
443,371
443,372
443,373
443,374
443,375
443,376
443,377
443,378
443,379
443,380
443,381
443,382
443,383
443,384
443,385
443,386
443,387
443,388
443,389
443,390
443,391
443,392
443,393
443,394
443,395
443,396
443,397
443,398
443,399
443,400
443,401
443,402
443,403
443,404
443,405
443,406
443,407
443,408
443,409
443,410
443,411
443,412
443,413
443,414
443,415
443,416
443,417
443,418
443,419
443,420
443,421
443,422
443,423
443,424
443,425
443,426
443,427
443,428
443,429
443,430
443,431
443,432
443,433
443,434
443,435
443,436
443,437
443,574
443,575
443,576
443,577
443,578
443,579
443,580
443,581
443,582
443,583
443,584
443,585
443,586
443,587
443,588
443,589
443,590
443,591
443,592
443,593
443,594
443,595
443,596
443,597
443,598
443,599
443,600
443,601
443,602
443,603
443,604
443,605
443,606
443,607
443,608
443,609
443,610
443,611
443,612
443,613
443,614
443,615
443,616
443,617
443,618
444,365
444,366
444,367
444,368
444,369
444,370
444,371
444,372
444,373
444,374
444,375
444,376
444,377
444,378
444,379
444,380
444,381
444,382
444,383
444,384
444,385
444,386
444,387
444,388
444,389
444,390
444,391
444,392
444,393
444,394
444,395
444,396
444,397
444,398
444,399
444,400
444,401
444,402
444,403
444,404
444,405
444,406
444,407
444,408
444,409
444,410
444,411
444,412
444,413
444,414
444,415
444,416
444,417
444,418
444,419
444,420
444,421
444,422
444,423
444,424
444,425
444,426
444,427
444,428
444,429
444,430
444,431
444,432
444,433
444,434
444,435
444,436
444,437
444,574
444,575
444,576
444,577
444,578
444,579
444,580
444,581
444,582
444,583
444,584
444,585
444,586
444,587
444,588
444,589
444,590
444,591
444,592
444,593
444,594
444,595
444,596
444,597
444,598
444,599
444,600
444,601
444,602
444,603
444,604
444,605
444,606
444,607
444,608
444,609
444,610
444,611
444,612
444,613
444,614
444,615
444,616
444,617
444,618
445,365
445,366
445,367
445,368
445,369
445,370
445,371
445,372
445,373
445,374
445,375
445,376
445,377
445,378
445,379
445,380
445,381
445,382
445,383
445,384
445,385
445,386
445,387
445,388
445,389
445,390
445,391
445,392
445,393
445,394
445,395
445,396
445,397
445,398
445,399
445,400
445,401
445,402
445,403
445,404
445,405
445,406
445,407
445,408
445,409
445,410
445,411
445,412
445,413
445,414
445,415
445,416
445,417
445,418
445,419
445,420
445,421
445,422
445,423
445,424
445,425
445,426
445,427
445,428
445,429
445,430
445,431
445,432
445,433
445,434
445,435
445,436
445,437
445,574
445,575
445,576
445,577
445,578
445,579
445,580
445,581
445,582
445,583
445,584
445,585
445,586
445,587
445,588
445,589
445,590
445,591
445,592
445,593
445,594
445,595
445,596
445,597
445,598
445,599
445,600
445,601
445,602
445,603
445,604
445,605
445,606
445,607
445,608
445,609
445,610
445,611
445,612
445,613
445,614
445,615
445,616
445,617
445,618
446,365
446,366
446,367
446,368
446,369
446,370
446,371
446,372
446,373
446,374
446,375
446,376
446,377
446,378
446,379
446,380
446,381
446,382
446,383
446,384
446,385
446,386
446,387
446,388
446,389
446,390
446,391
446,392
446,393
446,394
446,395
446,396
446,397
446,398
446,399
446,400
446,401
446,402
446,403
446,404
446,405
446,406
446,407
446,408
446,409
446,410
446,411
446,412
446,413
446,414
446,415
446,416
446,417
446,418
446,419
446,420
446,421
446,422
446,423
446,424
446,425
446,426
446,427
446,428
446,429
446,430
446,431
446,432
446,433
446,434
446,435
446,436
446,437
446,573
446,574
446,575
446,576
446,577
446,578
446,579
446,580
446,581
446,582
446,583
446,584
446,585
446,586
446,587
446,588
446,589
446,590
446,591
446,592
446,593
446,594
446,595
446,596
446,597
446,598
446,599
446,600
446,601
446,602
446,603
446,604
446,605
446,606
446,607
446,608
446,609
446,610
446,611
446,612
446,613
446,614
446,615
446,616
446,617
446,618
446,619
447,365
447,366
447,367
447,368
447,369
447,370
447,371
447,372
447,373
447,374
447,375
447,376
447,377
447,378
447,379
447,380
447,381
447,382
447,383
447,384
447,385
447,386
447,387
447,388
447,389
447,390
447,391
447,392
447,393
447,394
447,395
447,396
447,397
447,398
447,399
447,400
447,401
447,402
447,403
447,404
447,405
447,406
447,407
447,408
447,409
447,410
447,411
447,412
447,413
447,414
447,415
447,416
447,417
447,418
447,419
447,420
447,421
447,422
447,423
447,424
447,425
447,426
447,427
447,428
447,429
447,430
447,431
447,432
447,433
447,434
447,435
447,436
447,437
447,573
447,574
447,575
447,576
447,577
447,578
447,579
447,580
447,581
447,582
447,583
447,584
447,585
447,586
447,587
447,588
447,589
447,590
447,591
447,592
447,593
447,594
447,595
447,596
447,597
447,598
447,599
447,600
447,601
447,602
447,603
447,604
447,605
447,606
447,607
447,608
447,609
447,610
447,611
447,612
447,613
447,614
447,615
447,616
447,617
447,618
447,619
448,365
448,366
448,367
448,368
448,369
448,370
448,371
448,372
448,373
448,374
448,375
448,376
448,377
448,378
448,379
448,380
448,381
448,382
448,383
448,384
448,385
448,386
448,387
448,388
448,389
448,390
448,391
448,392
448,393
448,394
448,395
448,396
448,397
448,398
448,399
448,400
448,401
448,402
448,403
448,404
448,405
448,406
448,407
448,408
448,409
448,410
448,411
448,412
448,413
448,414
448,415
448,416
448,417
448,418
448,419
448,420
448,421
448,422
448,423
448,424
448,425
448,426
448,427
448,428
448,429
448,430
448,431
448,432
448,433
448,434
448,435
448,436
448,437
448,573
448,574
448,575
448,576
448,577
448,578
448,579
448,580
448,581
448,582
448,583
448,584
448,585
448,586
448,587
448,588
448,589
448,590
448,591
448,592
448,593
448,594
448,595
448,596
448,597
448,598
448,599
448,600
448,601
448,602
448,603
448,604
448,605
448,606
448,607
448,608
448,609
448,610
448,611
448,612
448,613
448,614
448,615
448,616
448,617
448,618
448,619
449,365
449,366
449,367
449,368
449,369
449,370
449,371
449,372
449,373
449,374
449,375
449,376
449,377
449,378
449,379
449,380
449,381
449,382
449,383
449,384
449,385
449,386
449,387
449,388
449,389
449,390
449,391
449,392
449,393
449,394
449,395
449,396
449,397
449,398
449,399
449,400
449,401
449,402
449,403
449,404
449,405
449,406
449,407
449,408
449,409
449,410
449,411
449,412
449,413
449,414
449,415
449,416
449,417
449,418
449,419
449,420
449,421
449,422
449,423
449,424
449,425
449,426
449,427
449,428
449,429
449,430
449,431
449,432
449,433
449,434
449,435
449,436
449,437
449,573
449,574
449,575
449,576
449,577
449,578
449,579
449,580
449,581
449,582
449,583
449,584
449,585
449,586
449,587
449,588
449,589
449,590
449,591
449,592
449,593
449,594
449,595
449,596
449,597
449,598
449,599
449,600
449,601
449,602
449,603
449,604
449,605
449,606
449,607
449,608
449,609
449,610
449,611
449,612
449,613
449,614
449,615
449,616
449,617
449,618
449,619
450,365
450,366
450,367
450,368
450,369
450,370
450,371
450,372
450,373
450,374
450,375
450,376
450,377
450,378
450,379
450,380
450,381
450,382
450,383
450,384
450,385
450,386
450,387
450,388
450,389
450,390
450,391
450,392
450,393
450,394
450,395
450,396
450,397
450,398
450,399
450,400
450,401
450,402
450,403
450,404
450,405
450,406
450,407
450,408
450,409
450,410
450,411
450,412
450,413
450,414
450,415
450,416
450,417
450,418
450,419
450,420
450,421
450,422
450,423
450,424
450,425
450,426
450,427
450,428
450,429
450,430
450,431
450,432
450,433
450,434
450,435
450,436
450,437
450,573
450,574
450,575
450,576
450,577
450,578
450,579
450,580
450,581
450,582
450,583
450,584
450,585
450,586
450,587
450,588
450,589
450,590
450,591
450,592
450,593
450,594
450,595
450,596
450,597
450,598
450,599
450,600
450,601
450,602
450,603
450,604
450,605
450,606
450,607
450,608
450,609
450,610
450,611
450,612
450,613
450,614
450,615
450,616
450,617
450,618
450,619
451,365
451,366
451,367
451,368
451,369
451,370
451,371
451,372
451,373
451,374
451,375
451,376
451,377
451,378
451,379
451,380
451,381
451,382
451,383
451,384
451,385
451,386
451,387
451,388
451,389
451,390
451,391
451,392
451,393
451,394
451,395
451,396
451,397
451,398
451,399
451,400
451,401
451,402
451,403
451,404
451,405
451,406
451,407
451,408
451,409
451,410
451,411
451,412
451,413
451,414
451,415
451,416
451,417
451,418
451,419
451,420
451,421
451,422
451,423
451,424
451,425
451,426
451,427
451,428
451,429
451,430
451,431
451,432
451,433
451,434
451,435
451,436
451,437
451,573
451,574
451,575
451,576
451,577
451,578
451,579
451,580
451,581
451,582
451,583
451,584
451,585
451,586
451,587
451,588
451,589
451,590
451,591
451,592
451,593
451,594
451,595
451,596
451,597
451,598
451,599
451,600
451,601
451,602
451,603
451,604
451,605
451,606
451,607
451,608
451,609
451,610
451,611
451,612
451,613
451,614
451,615
451,616
451,617
451,618
451,619
452,365
452,366
452,367
452,368
452,369
452,370
452,371
452,372
452,373
452,374
452,375
452,376
452,377
452,378
452,379
452,380
452,381
452,382
452,383
452,384
452,385
452,386
452,387
452,388
452,389
452,390
452,391
452,392
452,393
452,394
452,395
452,396
452,397
452,398
452,399
452,400
452,401
452,402
452,403
452,404
452,405
452,406
452,407
452,408
452,409
452,410
452,411
452,412
452,413
452,414
452,415
452,416
452,417
452,418
452,419
452,420
452,421
452,422
452,423
452,424
452,425
452,426
452,427
452,428
452,429
452,430
452,431
452,432
452,433
452,434
452,435
452,436
452,437
452,573
452,574
452,575
452,576
452,577
452,578
452,579
452,580
452,581
452,582
452,583
452,584
452,585
452,586
452,587
452,588
452,589
452,590
452,591
452,592
452,593
452,594
452,595
452,596
452,597
452,598
452,599
452,600
452,601
452,602
452,603
452,604
452,605
452,606
452,607
452,608
452,609
452,610
452,611
452,612
452,613
452,614
452,615
452,616
452,617
452,618
452,619
453,366
453,367
453,368
453,369
453,370
453,371
453,372
453,373
453,374
453,375
453,376
453,377
453,378
453,379
453,380
453,381
453,382
453,383
453,384
453,385
453,386
453,387
453,388
453,389
453,390
453,391
453,392
453,393
453,394
453,395
453,396
453,397
453,398
453,399
453,400
453,401
453,402
453,403
453,404
453,405
453,406
453,407
453,408
453,409
453,410
453,411
453,412
453,413
453,414
453,415
453,416
453,417
453,418
453,419
453,420
453,421
453,422
453,423
453,424
453,425
453,426
453,427
453,428
453,429
453,430
453,431
453,432
453,433
453,434
453,435
453,436
453,573
453,574
453,575
453,576
453,577
453,578
453,579
453,580
453,581
453,582
453,583
453,584
453,585
453,586
453,587
453,588
453,589
453,590
453,591
453,592
453,593
453,594
453,595
453,596
453,597
453,598
453,599
453,600
453,601
453,602
453,603
453,604
453,605
453,606
453,607
453,608
453,609
453,610
453,611
453,612
453,613
453,614
453,615
453,616
453,617
453,618
453,619
454,366
454,367
454,368
454,369
454,370
454,371
454,372
454,373
454,374
454,375
454,376
454,377
454,378
454,379
454,380
454,381
454,382
454,383
454,384
454,385
454,386
454,387
454,388
454,389
454,390
454,391
454,392
454,393
454,394
454,395
454,396
454,397
454,398
454,399
454,400
454,401
454,402
454,403
454,404
454,405
454,406
454,407
454,408
454,409
454,410
454,411
454,412
454,413
454,414
454,415
454,416
454,417
454,418
454,419
454,420
454,421
454,422
454,423
454,424
454,425
454,426
454,427
454,428
454,429
454,430
454,431
454,432
454,433
454,434
454,435
454,436
454,573
454,574
454,575
454,576
454,577
454,578
454,579
454,580
454,581
454,582
454,583
454,584
454,585
454,586
454,587
454,588
454,589
454,590
454,591
454,592
454,593
454,594
454,595
454,596
454,597
454,598
454,599
454,600
454,601
454,602
454,603
454,604
454,605
454,606
454,607
454,608
454,609
454,610
454,611
454,612
454,613
454,614
454,615
454,616
454,617
454,618
454,619
455,366
455,367
455,368
455,369
455,370
455,371
455,372
455,373
455,374
455,375
455,376
455,377
455,378
455,379
455,380
455,381
455,382
455,383
455,384
455,385
455,386
455,387
455,388
455,389
455,390
455,391
455,392
455,393
455,394
455,395
455,396
455,397
455,398
455,399
455,400
455,401
455,402
455,403
455,404
455,405
455,406
455,407
455,408
455,409
455,410
455,411
455,412
455,413
455,414
455,415
455,416
455,417
455,418
455,419
455,420
455,421
455,422
455,423
455,424
455,425
455,426
455,427
455,428
455,429
455,430
455,431
455,432
455,433
455,434
455,435
455,436
455,574
455,575
455,576
455,577
455,578
455,579
455,580
455,581
455,582
455,583
455,584
455,585
455,586
455,587
455,588
455,589
455,590
455,591
455,592
455,593
455,594
455,595
455,596
455,597
455,598
455,599
455,600
455,601
455,602
455,603
455,604
455,605
455,606
455,607
455,608
455,609
455,610
455,611
455,612
455,613
455,614
455,615
455,616
455,617
455,618
456,366
456,367
456,368
456,369
456,370
456,371
456,372
456,373
456,374
456,375
456,376
456,377
456,378
456,379
456,380
456,381
456,382
456,383
456,384
456,385
456,386
456,387
456,388
456,389
456,390
456,391
456,392
456,393
456,394
456,395
456,396
456,397
456,398
456,399
456,400
456,401
456,402
456,403
456,404
456,405
456,406
456,407
456,408
456,409
456,410
456,411
456,412
456,413
456,414
456,415
456,416
456,417
456,418
456,419
456,420
456,421
456,422
456,423
456,424
456,425
456,426
456,427
456,428
456,429
456,430
456,431
456,432
456,433
456,434
456,435
456,436
456,574
456,575
456,576
456,577
456,578
456,579
456,580
456,581
456,582
456,583
456,584
456,585
456,586
456,587
456,588
456,589
456,590
456,591
456,592
456,593
456,594
456,595
456,596
456,597
456,598
456,599
456,600
456,601
456,602
456,603
456,604
456,605
456,606
456,607
456,608
456,609
456,610
456,611
456,612
456,613
456,614
456,615
456,616
456,617
456,618
457,366
457,367
457,368
457,369
457,370
457,371
457,372
457,373
457,374
457,375
457,376
457,377
457,378
457,379
457,380
457,381
457,382
457,383
457,384
457,385
457,386
457,387
457,388
457,389
457,390
457,391
457,392
457,393
457,394
457,395
457,396
457,397
457,398
457,399
457,400
457,401
457,402
457,403
457,404
457,405
457,406
457,407
457,408
457,409
457,410
457,411
457,412
457,413
457,414
457,415
457,416
457,417
457,418
457,419
457,420
457,421
457,422
457,423
457,424
457,425
457,426
457,427
457,428
457,429
457,430
457,431
457,432
457,433
457,434
457,435
457,436
457,574
457,575
457,576
457,577
457,578
457,579
457,580
457,581
457,582
457,583
457,584
457,585
457,586
457,587
457,588
457,589
457,590
457,591
457,592
457,593
457,594
457,595
457,596
457,597
457,598
457,599
457,600
457,601
457,602
457,603
457,604
457,605
457,606
457,607
457,608
457,609
457,610
457,611
457,612
457,613
457,614
457,615
457,616
457,617
457,618
458,367
458,368
458,369
458,370
458,371
458,372
458,373
458,374
458,375
458,376
458,377
458,378
458,379
458,380
458,381
458,382
458,383
458,384
458,385
458,386
458,387
458,388
458,389
458,390
458,391
458,392
458,393
458,394
458,395
458,396
458,397
458,398
458,399
458,400
458,401
458,402
458,403
458,404
458,405
458,406
458,407
458,408
458,409
458,410
458,411
458,412
458,413
458,414
458,415
458,416
458,417
458,418
458,419
458,420
458,421
458,422
458,423
458,424
458,425
458,426
458,427
458,428
458,429
458,430
458,431
458,432
458,433
458,434
458,435
458,574
458,575
458,576
458,577
458,578
458,579
458,580
458,581
458,582
458,583
458,584
458,585
458,586
458,587
458,588
458,589
458,590
458,591
458,592
458,593
458,594
458,595
458,596
458,597
458,598
458,599
458,600
458,601
458,602
458,603
458,604
458,605
458,606
458,607
458,608
458,609
458,610
458,611
458,612
458,613
458,614
458,615
458,616
458,617
458,618
459,367
459,368
459,369
459,370
459,371
459,372
459,373
459,374
459,375
459,376
459,377
459,378
459,379
459,380
459,381
459,382
459,383
459,384
459,385
459,386
459,387
459,388
459,389
459,390
459,391
459,392
459,393
459,394
459,395
459,396
459,397
459,398
459,399
459,400
459,401
459,402
459,403
459,404
459,405
459,406
459,407
459,408
459,409
459,410
459,411
459,412
459,413
459,414
459,415
459,416
459,417
459,418
459,419
459,420
459,421
459,422
459,423
459,424
459,425
459,426
459,427
459,428
459,429
459,430
459,431
459,432
459,433
459,434
459,435
459,575
459,576
459,577
459,578
459,579
459,580
459,581
459,582
459,583
459,584
459,585
459,586
459,587
459,588
459,589
459,590
459,591
459,592
459,593
459,594
459,595
459,596
459,597
459,598
459,599
459,600
459,601
459,602
459,603
459,604
459,605
459,606
459,607
459,608
459,609
459,610
459,611
459,612
459,613
459,614
459,615
459,616
459,617
460,367
460,368
460,369
460,370
460,371
460,372
460,373
460,374
460,375
460,376
460,377
460,378
460,379
460,380
460,381
460,382
460,383
460,384
460,385
460,386
460,387
460,388
460,389
460,390
460,391
460,392
460,393
460,394
460,395
460,396
460,397
460,398
460,399
460,400
460,401
460,402
460,403
460,404
460,405
460,406
460,407
460,408
460,409
460,410
460,411
460,412
460,413
460,414
460,415
460,416
460,417
460,418
460,419
460,420
460,421
460,422
460,423
460,424
460,425
460,426
460,427
460,428
460,429
460,430
460,431
460,432
460,433
460,434
460,435
460,575
460,576
460,577
460,578
460,579
460,580
460,581
460,582
460,583
460,584
460,585
460,586
460,587
460,588
460,589
460,590
460,591
460,592
460,593
460,594
460,595
460,596
460,597
460,598
460,599
460,600
460,601
460,602
460,603
460,604
460,605
460,606
460,607
460,608
460,609
460,610
460,611
460,612
460,613
460,614
460,615
460,616
460,617
461,368
461,369
461,370
461,371
461,372
461,373
461,374
461,375
461,376
461,377
461,378
461,379
461,380
461,381
461,382
461,383
461,384
461,385
461,386
461,387
461,388
461,389
461,390
461,391
461,392
461,393
461,394
461,395
461,396
461,397
461,398
461,399
461,400
461,401
461,402
461,403
461,404
461,405
461,406
461,407
461,408
461,409
461,410
461,411
461,412
461,413
461,414
461,415
461,416
461,417
461,418
461,419
461,420
461,421
461,422
461,423
461,424
461,425
461,426
461,427
461,428
461,429
461,430
461,431
461,432
461,433
461,434
461,576
461,577
461,578
461,579
461,580
461,581
461,582
461,583
461,584
461,585
461,586
461,587
461,588
461,589
461,590
461,591
461,592
461,593
461,594
461,595
461,596
461,597
461,598
461,599
461,600
461,601
461,602
461,603
461,604
461,605
461,606
461,607
461,608
461,609
461,610
461,611
461,612
461,613
461,614
461,615
461,616
462,368
462,369
462,370
462,371
462,372
462,373
462,374
462,375
462,376
462,377
462,378
462,379
462,380
462,381
462,382
462,383
462,384
462,385
462,386
462,387
462,388
462,389
462,390
462,391
462,392
462,393
462,394
462,395
462,396
462,397
462,398
462,399
462,400
462,401
462,402
462,403
462,404
462,405
462,406
462,407
462,408
462,409
462,410
462,411
462,412
462,413
462,414
462,415
462,416
462,417
462,418
462,419
462,420
462,421
462,422
462,423
462,424
462,425
462,426
462,427
462,428
462,429
462,430
462,431
462,432
462,433
462,434
462,576
462,577
462,578
462,579
462,580
462,581
462,582
462,583
462,584
462,585
462,586
462,587
462,588
462,589
462,590
462,591
462,592
462,593
462,594
462,595
462,596
462,597
462,598
462,599
462,600
462,601
462,602
462,603
462,604
462,605
462,606
462,607
462,608
462,609
462,610
462,611
462,612
462,613
462,614
462,615
462,616
463,369
463,370
463,371
463,372
463,373
463,374
463,375
463,376
463,377
463,378
463,379
463,380
463,381
463,382
463,383
463,384
463,385
463,386
463,387
463,388
463,389
463,390
463,391
463,392
463,393
463,394
463,395
463,396
463,397
463,398
463,399
463,400
463,401
463,402
463,403
463,404
463,405
463,406
463,407
463,408
463,409
463,410
463,411
463,412
463,413
463,414
463,415
463,416
463,417
463,418
463,419
463,420
463,421
463,422
463,423
463,424
463,425
463,426
463,427
463,428
463,429
463,430
463,431
463,432
463,433
463,577
463,578
463,579
463,580
463,581
463,582
463,583
463,584
463,585
463,586
463,587
463,588
463,589
463,590
463,591
463,592
463,593
463,594
463,595
463,596
463,597
463,598
463,599
463,600
463,601
463,602
463,603
463,604
463,605
463,606
463,607
463,608
463,609
463,610
463,611
463,612
463,613
463,614
463,615
464,369
464,370
464,371
464,372
464,373
464,374
464,375
464,376
464,377
464,378
464,379
464,380
464,381
464,382
464,383
464,384
464,385
464,386
464,387
464,388
464,389
464,390
464,391
464,392
464,393
464,394
464,395
464,396
464,397
464,398
464,399
464,400
464,401
464,402
464,403
464,404
464,405
464,406
464,407
464,408
464,409
464,410
464,411
464,412
464,413
464,414
464,415
464,416
464,417
464,418
464,419
464,420
464,421
464,422
464,423
464,424
464,425
464,426
464,427
464,428
464,429
464,430
464,431
464,432
464,433
464,578
464,579
464,580
464,581
464,582
464,583
464,584
464,585
464,586
464,587
464,588
464,589
464,590
464,591
464,592
464,593
464,594
464,595
464,596
464,597
464,598
464,599
464,600
464,601
464,602
464,603
464,604
464,605
464,606
464,607
464,608
464,609
464,610
464,611
464,612
464,613
464,614
465,370
465,371
465,372
465,373
465,374
465,375
465,376
465,377
465,378
465,379
465,380
465,381
465,382
465,383
465,384
465,385
465,386
465,387
465,388
465,389
465,390
465,391
465,392
465,393
465,394
465,395
465,396
465,397
465,398
465,399
465,400
465,401
465,402
465,403
465,404
465,405
465,406
465,407
465,408
465,409
465,410
465,411
465,412
465,413
465,414
465,415
465,416
465,417
465,418
465,419
465,420
465,421
465,422
465,423
465,424
465,425
465,426
465,427
465,428
465,429
465,430
465,431
465,432
465,579
465,580
465,581
465,582
465,583
465,584
465,585
465,586
465,587
465,588
465,589
465,590
465,591
465,592
465,593
465,594
465,595
465,596
465,597
465,598
465,599
465,600
465,601
465,602
465,603
465,604
465,605
465,606
465,607
465,608
465,609
465,610
465,611
465,612
465,613
466,370
466,371
466,372
466,373
466,374
466,375
466,376
466,377
466,378
466,379
466,380
466,381
466,382
466,383
466,384
466,385
466,386
466,387
466,388
466,389
466,390
466,391
466,392
466,393
466,394
466,395
466,396
466,397
466,398
466,399
466,400
466,401
466,402
466,403
466,404
466,405
466,406
466,407
466,408
466,409
466,410
466,411
466,412
466,413
466,414
466,415
466,416
466,417
466,418
466,419
466,420
466,421
466,422
466,423
466,424
466,425
466,426
466,427
466,428
466,429
466,430
466,431
466,432
466,579
466,580
466,581
466,582
466,583
466,584
466,585
466,586
466,587
466,588
466,589
466,590
466,591
466,592
466,593
466,594
466,595
466,596
466,597
466,598
466,599
466,600
466,601
466,602
466,603
466,604
466,605
466,606
466,607
466,608
466,609
466,610
466,611
466,612
466,613
467,371
467,372
467,373
467,374
467,375
467,376
467,377
467,378
467,379
467,380
467,381
467,382
467,383
467,384
467,385
467,386
467,387
467,388
467,389
467,390
467,391
467,392
467,393
467,394
467,395
467,396
467,397
467,398
467,399
467,400
467,401
467,402
467,403
467,404
467,405
467,406
467,407
467,408
467,409
467,410
467,411
467,412
467,413
467,414
467,415
467,416
467,417
467,418
467,419
467,420
467,421
467,422
467,423
467,424
467,425
467,426
467,427
467,428
467,429
467,430
467,431
467,580
467,581
467,582
467,583
467,584
467,585
467,586
467,587
467,588
467,589
467,590
467,591
467,592
467,593
467,594
467,595
467,596
467,597
467,598
467,599
467,600
467,601
467,602
467,603
467,604
467,605
467,606
467,607
467,608
467,609
467,610
467,611
467,612
468,372
468,373
468,374
468,375
468,376
468,377
468,378
468,379
468,380
468,381
468,382
468,383
468,384
468,385
468,386
468,387
468,388
468,389
468,390
468,391
468,392
468,393
468,394
468,395
468,396
468,397
468,398
468,399
468,400
468,401
468,402
468,403
468,404
468,405
468,406
468,407
468,408
468,409
468,410
468,411
468,412
468,413
468,414
468,415
468,416
468,417
468,418
468,419
468,420
468,421
468,422
468,423
468,424
468,425
468,426
468,427
468,428
468,429
468,430
468,582
468,583
468,584
468,585
468,586
468,587
468,588
468,589
468,590
468,591
468,592
468,593
468,594
468,595
468,596
468,597
468,598
468,599
468,600
468,601
468,602
468,603
468,604
468,605
468,606
468,607
468,608
468,609
468,610
469,373
469,374
469,375
469,376
469,377
469,378
469,379
469,380
469,381
469,382
469,383
469,384
469,385
469,386
469,387
469,388
469,389
469,390
469,391
469,392
469,393
469,394
469,395
469,396
469,397
469,398
469,399
469,400
469,401
469,402
469,403
469,404
469,405
469,406
469,407
469,408
469,409
469,410
469,411
469,412
469,413
469,414
469,415
469,416
469,417
469,418
469,419
469,420
469,421
469,422
469,423
469,424
469,425
469,426
469,427
469,428
469,429
469,583
469,584
469,585
469,586
469,587
469,588
469,589
469,590
469,591
469,592
469,593
469,594
469,595
469,596
469,597
469,598
469,599
469,600
469,601
469,602
469,603
469,604
469,605
469,606
469,607
469,608
469,609
470,373
470,374
470,375
470,376
470,377
470,378
470,379
470,380
470,381
470,382
470,383
470,384
470,385
470,386
470,387
470,388
470,389
470,390
470,391
470,392
470,393
470,394
470,395
470,396
470,397
470,398
470,399
470,400
470,401
470,402
470,403
470,404
470,405
470,406
470,407
470,408
470,409
470,410
470,411
470,412
470,413
470,414
470,415
470,416
470,417
470,418
470,419
470,420
470,421
470,422
470,423
470,424
470,425
470,426
470,427
470,428
470,429
470,584
470,585
470,586
470,587
470,588
470,589
470,590
470,591
470,592
470,593
470,594
470,595
470,596
470,597
470,598
470,599
470,600
470,601
470,602
470,603
470,604
470,605
470,606
470,607
470,608
471,374
471,375
471,376
471,377
471,378
471,379
471,380
471,381
471,382
471,383
471,384
471,385
471,386
471,387
471,388
471,389
471,390
471,391
471,392
471,393
471,394
471,395
471,396
471,397
471,398
471,399
471,400
471,401
471,402
471,403
471,404
471,405
471,406
471,407
471,408
471,409
471,410
471,411
471,412
471,413
471,414
471,415
471,416
471,417
471,418
471,419
471,420
471,421
471,422
471,423
471,424
471,425
471,426
471,427
471,428
471,586
471,587
471,588
471,589
471,590
471,591
471,592
471,593
471,594
471,595
471,596
471,597
471,598
471,599
471,600
471,601
471,602
471,603
471,604
471,605
471,606
472,375
472,376
472,377
472,378
472,379
472,380
472,381
472,382
472,383
472,384
472,385
472,386
472,387
472,388
472,389
472,390
472,391
472,392
472,393
472,394
472,395
472,396
472,397
472,398
472,399
472,400
472,401
472,402
472,403
472,404
472,405
472,406
472,407
472,408
472,409
472,410
472,411
472,412
472,413
472,414
472,415
472,416
472,417
472,418
472,419
472,420
472,421
472,422
472,423
472,424
472,425
472,426
472,427
472,588
472,589
472,590
472,591
472,592
472,593
472,594
472,595
472,596
472,597
472,598
472,599
472,600
472,601
472,602
472,603
472,604
473,376
473,377
473,378
473,379
473,380
473,381
473,382
473,383
473,384
473,385
473,386
473,387
473,388
473,389
473,390
473,391
473,392
473,393
473,394
473,395
473,396
473,397
473,398
473,399
473,400
473,401
473,402
473,403
473,404
473,405
473,406
473,407
473,408
473,409
473,410
473,411
473,412
473,413
473,414
473,415
473,416
473,417
473,418
473,419
473,420
473,421
473,422
473,423
473,424
473,425
473,426
473,592
473,593
473,594
473,595
473,596
473,597
473,598
473,599
473,600
474,377
474,378
474,379
474,380
474,381
474,382
474,383
474,384
474,385
474,386
474,387
474,388
474,389
474,390
474,391
474,392
474,393
474,394
474,395
474,396
474,397
474,398
474,399
474,400
474,401
474,402
474,403
474,404
474,405
474,406
474,407
474,408
474,409
474,410
474,411
474,412
474,413
474,414
474,415
474,416
474,417
474,418
474,419
474,420
474,421
474,422
474,423
474,424
474,425
475,378
475,379
475,380
475,381
475,382
475,383
475,384
475,385
475,386
475,387
475,388
475,389
475,390
475,391
475,392
475,393
475,394
475,395
475,396
475,397
475,398
475,399
475,400
475,401
475,402
475,403
475,404
475,405
475,406
475,407
475,408
475,409
475,410
475,411
475,412
475,413
475,414
475,415
475,416
475,417
475,418
475,419
475,420
475,421
475,422
475,423
475,424
476,380
476,381
476,382
476,383
476,384
476,385
476,386
476,387
476,388
476,389
476,390
476,391
476,392
476,393
476,394
476,395
476,396
476,397
476,398
476,399
476,400
476,401
476,402
476,403
476,404
476,405
476,406
476,407
476,408
476,409
476,410
476,411
476,412
476,413
476,414
476,415
476,416
476,417
476,418
476,419
476,420
476,421
476,422
477,285
477,286
477,287
477,288
477,289
477,290
477,291
477,292
477,293
477,294
477,295
477,381
477,382
477,383
477,384
477,385
477,386
477,387
477,388
477,389
477,390
477,391
477,392
477,393
477,394
477,395
477,396
477,397
477,398
477,399
477,400
477,401
477,402
477,403
477,404
477,405
477,406
477,407
477,408
477,409
477,410
477,411
477,412
477,413
477,414
477,415
477,416
477,417
477,418
477,419
477,420
477,421
478,281
478,282
478,283
478,284
478,285
478,286
478,287
478,288
478,289
478,290
478,291
478,292
478,293
478,294
478,295
478,296
478,297
478,298
478,299
478,382
478,383
478,384
478,385
478,386
478,387
478,388
478,389
478,390
478,391
478,392
478,393
478,394
478,395
478,396
478,397
478,398
478,399
478,400
478,401
478,402
478,403
478,404
478,405
478,406
478,407
478,408
478,409
478,410
478,411
478,412
478,413
478,414
478,415
478,416
478,417
478,418
478,419
478,420
479,278
479,279
479,280
479,281
479,282
479,283
479,284
479,285
479,286
479,287
479,288
479,289
479,290
479,291
479,292
479,293
479,294
479,295
479,296
479,297
479,298
479,299
479,300
479,301
479,302
479,384
479,385
479,386
479,387
479,388
479,389
479,390
479,391
479,392
479,393
479,394
479,395
479,396
479,397
479,398
479,399
479,400
479,401
479,402
479,403
479,404
479,405
479,406
479,407
479,408
479,409
479,410
479,411
479,412
479,413
479,414
479,415
479,416
479,417
479,418
480,276
480,277
480,278
480,279
480,280
480,281
480,282
480,283
480,284
480,285
480,286
480,287
480,288
480,289
480,290
480,291
480,292
480,293
480,294
480,295
480,296
480,297
480,298
480,299
480,300
480,301
480,302
480,303
480,304
480,386
480,387
480,388
480,389
480,390
480,391
480,392
480,393
480,394
480,395
480,396
480,397
480,398
480,399
480,400
480,401
480,402
480,403
480,404
480,405
480,406
480,407
480,408
480,409
480,410
480,411
480,412
480,413
480,414
480,415
480,416
481,274
481,275
481,276
481,277
481,278
481,279
481,280
481,281
481,282
481,283
481,284
481,285
481,286
481,287
481,288
481,289
481,290
481,291
481,292
481,293
481,294
481,295
481,296
481,297
481,298
481,299
481,300
481,301
481,302
481,303
481,304
481,305
481,306
481,388
481,389
481,390
481,391
481,392
481,393
481,394
481,395
481,396
481,397
481,398
481,399
481,400
481,401
481,402
481,403
481,404
481,405
481,406
481,407
481,408
481,409
481,410
481,411
481,412
481,413
481,414
482,273
482,274
482,275
482,276
482,277
482,278
482,279
482,280
482,281
482,282
482,283
482,284
482,285
482,286
482,287
482,288
482,289
482,290
482,291
482,292
482,293
482,294
482,295
482,296
482,297
482,298
482,299
482,300
482,301
482,302
482,303
482,304
482,305
482,306
482,307
482,391
482,392
482,393
482,394
482,395
482,396
482,397
482,398
482,399
482,400
482,401
482,402
482,403
482,404
482,405
482,406
482,407
482,408
482,409
482,410
482,411
483,272
483,273
483,274
483,275
483,276
483,277
483,278
483,279
483,280
483,281
483,282
483,283
483,284
483,285
483,286
483,287
483,288
483,289
483,290
483,291
483,292
483,293
483,294
483,295
483,296
483,297
483,298
483,299
483,300
483,301
483,302
483,303
483,304
483,305
483,306
483,307
483,308
483,396
483,397
483,398
483,399
483,400
483,401
483,402
483,403
483,404
483,405
483,406
484,270
484,271
484,272
484,273
484,274
484,275
484,276
484,277
484,278
484,279
484,280
484,281
484,282
484,283
484,284
484,285
484,286
484,287
484,288
484,289
484,290
484,291
484,292
484,293
484,294
484,295
484,296
484,297
484,298
484,299
484,300
484,301
484,302
484,303
484,304
484,305
484,306
484,307
484,308
484,309
484,310
485,269
485,270
485,271
485,272
485,273
485,274
485,275
485,276
485,277
485,278
485,279
485,280
485,281
485,282
485,283
485,284
485,285
485,286
485,287
485,288
485,289
485,290
485,291
485,292
485,293
485,294
485,295
485,296
485,297
485,298
485,299
485,300
485,301
485,302
485,303
485,304
485,305
485,306
485,307
485,308
485,309
485,310
485,311
486,268
486,269
486,270
486,271
486,272
486,273
486,274
486,275
486,276
486,277
486,278
486,279
486,280
486,281
486,282
486,283
486,284
486,285
486,286
486,287
486,288
486,289
486,290
486,291
486,292
486,293
486,294
486,295
486,296
486,297
486,298
486,299
486,300
486,301
486,302
486,303
486,304
486,305
486,306
486,307
486,308
486,309
486,310
486,311
486,312
487,267
487,268
487,269
487,270
487,271
487,272
487,273
487,274
487,275
487,276
487,277
487,278
487,279
487,280
487,281
487,282
487,283
487,284
487,285
487,286
487,287
487,288
487,289
487,290
487,291
487,292
487,293
487,294
487,295
487,296
487,297
487,298
487,299
487,300
487,301
487,302
487,303
487,304
487,305
487,306
487,307
487,308
487,309
487,310
487,311
487,312
487,313
488,266
488,267
488,268
488,269
488,270
488,271
488,272
488,273
488,274
488,275
488,276
488,277
488,278
488,279
488,280
488,281
488,282
488,283
488,284
488,285
488,286
488,287
488,288
488,289
488,290
488,291
488,292
488,293
488,294
488,295
488,296
488,297
488,298
488,299
488,300
488,301
488,302
488,303
488,304
488,305
488,306
488,307
488,308
488,309
488,310
488,311
488,312
488,313
488,314
489,266
489,267
489,268
489,269
489,270
489,271
489,272
489,273
489,274
489,275
489,276
489,277
489,278
489,279
489,280
489,281
489,282
489,283
489,284
489,285
489,286
489,287
489,288
489,289
489,290
489,291
489,292
489,293
489,294
489,295
489,296
489,297
489,298
489,299
489,300
489,301
489,302
489,303
489,304
489,305
489,306
489,307
489,308
489,309
489,310
489,311
489,312
489,313
489,314
490,265
490,266
490,267
490,268
490,269
490,270
490,271
490,272
490,273
490,274
490,275
490,276
490,277
490,278
490,279
490,280
490,281
490,282
490,283
490,284
490,285
490,286
490,287
490,288
490,289
490,290
490,291
490,292
490,293
490,294
490,295
490,296
490,297
490,298
490,299
490,300
490,301
490,302
490,303
490,304
490,305
490,306
490,307
490,308
490,309
490,310
490,311
490,312
490,313
490,314
490,315
491,264
491,265
491,266
491,267
491,268
491,269
491,270
491,271
491,272
491,273
491,274
491,275
491,276
491,277
491,278
491,279
491,280
491,281
491,282
491,283
491,284
491,285
491,286
491,287
491,288
491,289
491,290
491,291
491,292
491,293
491,294
491,295
491,296
491,297
491,298
491,299
491,300
491,301
491,302
491,303
491,304
491,305
491,306
491,307
491,308
491,309
491,310
491,311
491,312
491,313
491,314
491,315
491,316
492,263
492,264
492,265
492,266
492,267
492,268
492,269
492,270
492,271
492,272
492,273
492,274
492,275
492,276
492,277
492,278
492,279
492,280
492,281
492,282
492,283
492,284
492,285
492,286
492,287
492,288
492,289
492,290
492,291
492,292
492,293
492,294
492,295
492,296
492,297
492,298
492,299
492,300
492,301
492,302
492,303
492,304
492,305
492,306
492,307
492,308
492,309
492,310
492,311
492,312
492,313
492,314
492,315
492,316
492,317
493,263
493,264
493,265
493,266
493,267
493,268
493,269
493,270
493,271
493,272
493,273
493,274
493,275
493,276
493,277
493,278
493,279
493,280
493,281
493,282
493,283
493,284
493,285
493,286
493,287
493,288
493,289
493,290
493,291
493,292
493,293
493,294
493,295
493,296
493,297
493,298
493,299
493,300
493,301
493,302
493,303
493,304
493,305
493,306
493,307
493,308
493,309
493,310
493,311
493,312
493,313
493,314
493,315
493,316
493,317
494,262
494,263
494,264
494,265
494,266
494,267
494,268
494,269
494,270
494,271
494,272
494,273
494,274
494,275
494,276
494,277
494,278
494,279
494,280
494,281
494,282
494,283
494,284
494,285
494,286
494,287
494,288
494,289
494,290
494,291
494,292
494,293
494,294
494,295
494,296
494,297
494,298
494,299
494,300
494,301
494,302
494,303
494,304
494,305
494,306
494,307
494,308
494,309
494,310
494,311
494,312
494,313
494,314
494,315
494,316
494,317
494,318
495,262
495,263
495,264
495,265
495,266
495,267
495,268
495,269
495,270
495,271
495,272
495,273
495,274
495,275
495,276
495,277
495,278
495,279
495,280
495,281
495,282
495,283
495,284
495,285
495,286
495,287
495,288
495,289
495,290
495,291
495,292
495,293
495,294
495,295
495,296
495,297
495,298
495,299
495,300
495,301
495,302
495,303
495,304
495,305
495,306
495,307
495,308
495,309
495,310
495,311
495,312
495,313
495,314
495,315
495,316
495,317
495,318
496,261
496,262
496,263
496,264
496,265
496,266
496,267
496,268
496,269
496,270
496,271
496,272
496,273
496,274
496,275
496,276
496,277
496,278
496,279
496,280
496,281
496,282
496,283
496,284
496,285
496,286
496,287
496,288
496,289
496,290
496,291
496,292
496,293
496,294
496,295
496,296
496,297
496,298
496,299
496,300
496,301
496,302
496,303
496,304
496,305
496,306
496,307
496,308
496,309
496,310
496,311
496,312
496,313
496,314
496,315
496,316
496,317
496,318
496,319
497,261
497,262
497,263
497,264
497,265
497,266
497,267
497,268
497,269
497,270
497,271
497,272
497,273
497,274
497,275
497,276
497,277
497,278
497,279
497,280
497,281
497,282
497,283
497,284
497,285
497,286
497,287
497,288
497,289
497,290
497,291
497,292
497,293
497,294
497,295
497,296
497,297
497,298
497,299
497,300
497,301
497,302
497,303
497,304
497,305
497,306
497,307
497,308
497,309
497,310
497,311
497,312
497,313
497,314
497,315
497,316
497,317
497,318
497,319
498,261
498,262
498,263
498,264
498,265
498,266
498,267
498,268
498,269
498,270
498,271
498,272
498,273
498,274
498,275
498,276
498,277
498,278
498,279
498,280
498,281
498,282
498,283
498,284
498,285
498,286
498,287
498,288
498,289
498,290
498,291
498,292
498,293
498,294
498,295
498,296
498,297
498,298
498,299
498,300
498,301
498,302
498,303
498,304
498,305
498,306
498,307
498,308
498,309
498,310
498,311
498,312
498,313
498,314
498,315
498,316
498,317
498,318
498,319
499,260
499,261
499,262
499,263
499,264
499,265
499,266
499,267
499,268
499,269
499,270
499,271
499,272
499,273
499,274
499,275
499,276
499,277
499,278
499,279
499,280
499,281
499,282
499,283
499,284
499,285
499,286
499,287
499,288
499,289
499,290
499,291
499,292
499,293
499,294
499,295
499,296
499,297
499,298
499,299
499,300
499,301
499,302
499,303
499,304
499,305
499,306
499,307
499,308
499,309
499,310
499,311
499,312
499,313
499,314
499,315
499,316
499,317
499,318
499,319
499,320
500,260
500,261
500,262
500,263
500,264
500,265
500,266
500,267
500,268
500,269
500,270
500,271
500,272
500,273
500,274
500,275
500,276
500,277
500,278
500,279
500,280
500,281
500,282
500,283
500,284
500,285
500,286
500,287
500,288
500,289
500,290
500,291
500,292
500,293
500,294
500,295
500,296
500,297
500,298
500,299
500,300
500,301
500,302
500,303
500,304
500,305
500,306
500,307
500,308
500,309
500,310
500,311
500,312
500,313
500,314
500,315
500,316
500,317
500,318
500,319
500,320
501,260
501,261
501,262
501,263
501,264
501,265
501,266
501,267
501,268
501,269
501,270
501,271
501,272
501,273
501,274
501,275
501,276
501,277
501,278
501,279
501,280
501,281
501,282
501,283
501,284
501,285
501,286
501,287
501,288
501,289
501,290
501,291
501,292
501,293
501,294
501,295
501,296
501,297
501,298
501,299
501,300
501,301
501,302
501,303
501,304
501,305
501,306
501,307
501,308
501,309
501,310
501,311
501,312
501,313
501,314
501,315
501,316
501,317
501,318
501,319
501,320
502,260
502,261
502,262
502,263
502,264
502,265
502,266
502,267
502,268
502,269
502,270
502,271
502,272
502,273
502,274
502,275
502,276
502,277
502,278
502,279
502,280
502,281
502,282
502,283
502,284
502,285
502,286
502,287
502,288
502,289
502,290
502,291
502,292
502,293
502,294
502,295
502,296
502,297
502,298
502,299
502,300
502,301
502,302
502,303
502,304
502,305
502,306
502,307
502,308
502,309
502,310
502,311
502,312
502,313
502,314
502,315
502,316
502,317
502,318
502,319
502,320
503,259
503,260
503,261
503,262
503,263
503,264
503,265
503,266
503,267
503,268
503,269
503,270
503,271
503,272
503,273
503,274
503,275
503,276
503,277
503,278
503,279
503,280
503,281
503,282
503,283
503,284
503,285
503,286
503,287
503,288
503,289
503,290
503,291
503,292
503,293
503,294
503,295
503,296
503,297
503,298
503,299
503,300
503,301
503,302
503,303
503,304
503,305
503,306
503,307
503,308
503,309
503,310
503,311
503,312
503,313
503,314
503,315
503,316
503,317
503,318
503,319
503,320
503,321
504,259
504,260
504,261
504,262
504,263
504,264
504,265
504,266
504,267
504,268
504,269
504,270
504,271
504,272
504,273
504,274
504,275
504,276
504,277
504,278
504,279
504,280
504,281
504,282
504,283
504,284
504,285
504,286
504,287
504,288
504,289
504,290
504,291
504,292
504,293
504,294
504,295
504,296
504,297
504,298
504,299
504,300
504,301
504,302
504,303
504,304
504,305
504,306
504,307
504,308
504,309
504,310
504,311
504,312
504,313
504,314
504,315
504,316
504,317
504,318
504,319
504,320
504,321
505,259
505,260
505,261
505,262
505,263
505,264
505,265
505,266
505,267
505,268
505,269
505,270
505,271
505,272
505,273
505,274
505,275
505,276
505,277
505,278
505,279
505,280
505,281
505,282
505,283
505,284
505,285
505,286
505,287
505,288
505,289
505,290
505,291
505,292
505,293
505,294
505,295
505,296
505,297
505,298
505,299
505,300
505,301
505,302
505,303
505,304
505,305
505,306
505,307
505,308
505,309
505,310
505,311
505,312
505,313
505,314
505,315
505,316
505,317
505,318
505,319
505,320
505,321
506,259
506,260
506,261
506,262
506,263
506,264
506,265
506,266
506,267
506,268
506,269
506,270
506,271
506,272
506,273
506,274
506,275
506,276
506,277
506,278
506,279
506,280
506,281
506,282
506,283
506,284
506,285
506,286
506,287
506,288
506,289
506,290
506,291
506,292
506,293
506,294
506,295
506,296
506,297
506,298
506,299
506,300
506,301
506,302
506,303
506,304
506,305
506,306
506,307
506,308
506,309
506,310
506,311
506,312
506,313
506,314
506,315
506,316
506,317
506,318
506,319
506,320
506,321
507,259
507,260
507,261
507,262
507,263
507,264
507,265
507,266
507,267
507,268
507,269
507,270
507,271
507,272
507,273
507,274
507,275
507,276
507,277
507,278
507,279
507,280
507,281
507,282
507,283
507,284
507,285
507,286
507,287
507,288
507,289
507,290
507,291
507,292
507,293
507,294
507,295
507,296
507,297
507,298
507,299
507,300
507,301
507,302
507,303
507,304
507,305
507,306
507,307
507,308
507,309
507,310
507,311
507,312
507,313
507,314
507,315
507,316
507,317
507,318
507,319
507,320
507,321
508,259
508,260
508,261
508,262
508,263
508,264
508,265
508,266
508,267
508,268
508,269
508,270
508,271
508,272
508,273
508,274
508,275
508,276
508,277
508,278
508,279
508,280
508,281
508,282
508,283
508,284
508,285
508,286
508,287
508,288
508,289
508,290
508,291
508,292
508,293
508,294
508,295
508,296
508,297
508,298
508,299
508,300
508,301
508,302
508,303
508,304
508,305
508,306
508,307
508,308
508,309
508,310
508,311
508,312
508,313
508,314
508,315
508,316
508,317
508,318
508,319
508,320
508,321
509,259
509,260
509,261
509,262
509,263
509,264
509,265
509,266
509,267
509,268
509,269
509,270
509,271
509,272
509,273
509,274
509,275
509,276
509,277
509,278
509,279
509,280
509,281
509,282
509,283
509,284
509,285
509,286
509,287
509,288
509,289
509,290
509,291
509,292
509,293
509,294
509,295
509,296
509,297
509,298
509,299
509,300
509,301
509,302
509,303
509,304
509,305
509,306
509,307
509,308
509,309
509,310
509,311
509,312
509,313
509,314
509,315
509,316
509,317
509,318
509,319
509,320
509,321
510,259
510,260
510,261
510,262
510,263
510,264
510,265
510,266
510,267
510,268
510,269
510,270
510,271
510,272
510,273
510,274
510,275
510,276
510,277
510,278
510,279
510,280
510,281
510,282
510,283
510,284
510,285
510,286
510,287
510,288
510,289
510,290
510,291
510,292
510,293
510,294
510,295
510,296
510,297
510,298
510,299
510,300
510,301
510,302
510,303
510,304
510,305
510,306
510,307
510,308
510,309
510,310
510,311
510,312
510,313
510,314
510,315
510,316
510,317
510,318
510,319
510,320
510,321
511,259
511,260
511,261
511,262
511,263
511,264
511,265
511,266
511,267
511,268
511,269
511,270
511,271
511,272
511,273
511,274
511,275
511,276
511,277
511,278
511,279
511,280
511,281
511,282
511,283
511,284
511,285
511,286
511,287
511,288
511,289
511,290
511,291
511,292
511,293
511,294
511,295
511,296
511,297
511,298
511,299
511,300
511,301
511,302
511,303
511,304
511,305
511,306
511,307
511,308
511,309
511,310
511,311
511,312
511,313
511,314
511,315
511,316
511,317
511,318
511,319
511,320
511,321
512,259
512,260
512,261
512,262
512,263
512,264
512,265
512,266
512,267
512,268
512,269
512,270
512,271
512,272
512,273
512,274
512,275
512,276
512,277
512,278
512,279
512,280
512,281
512,282
512,283
512,284
512,285
512,286
512,287
512,288
512,289
512,290
512,291
512,292
512,293
512,294
512,295
512,296
512,297
512,298
512,299
512,300
512,301
512,302
512,303
512,304
512,305
512,306
512,307
512,308
512,309
512,310
512,311
512,312
512,313
512,314
512,315
512,316
512,317
512,318
512,319
512,320
512,321
513,259
513,260
513,261
513,262
513,263
513,264
513,265
513,266
513,267
513,268
513,269
513,270
513,271
513,272
513,273
513,274
513,275
513,276
513,277
513,278
513,279
513,280
513,281
513,282
513,283
513,284
513,285
513,286
513,287
513,288
513,289
513,290
513,291
513,292
513,293
513,294
513,295
513,296
513,297
513,298
513,299
513,300
513,301
513,302
513,303
513,304
513,305
513,306
513,307
513,308
513,309
513,310
513,311
513,312
513,313
513,314
513,315
513,316
513,317
513,318
513,319
513,320
513,321
514,260
514,261
514,262
514,263
514,264
514,265
514,266
514,267
514,268
514,269
514,270
514,271
514,272
514,273
514,274
514,275
514,276
514,277
514,278
514,279
514,280
514,281
514,282
514,283
514,284
514,285
514,286
514,287
514,288
514,289
514,290
514,291
514,292
514,293
514,294
514,295
514,296
514,297
514,298
514,299
514,300
514,301
514,302
514,303
514,304
514,305
514,306
514,307
514,308
514,309
514,310
514,311
514,312
514,313
514,314
514,315
514,316
514,317
514,318
514,319
514,320
515,260
515,261
515,262
515,263
515,264
515,265
515,266
515,267
515,268
515,269
515,270
515,271
515,272
515,273
515,274
515,275
515,276
515,277
515,278
515,279
515,280
515,281
515,282
515,283
515,284
515,285
515,286
515,287
515,288
515,289
515,290
515,291
515,292
515,293
515,294
515,295
515,296
515,297
515,298
515,299
515,300
515,301
515,302
515,303
515,304
515,305
515,306
515,307
515,308
515,309
515,310
515,311
515,312
515,313
515,314
515,315
515,316
515,317
515,318
515,319
515,320
516,260
516,261
516,262
516,263
516,264
516,265
516,266
516,267
516,268
516,269
516,270
516,271
516,272
516,273
516,274
516,275
516,276
516,277
516,278
516,279
516,280
516,281
516,282
516,283
516,284
516,285
516,286
516,287
516,288
516,289
516,290
516,291
516,292
516,293
516,294
516,295
516,296
516,297
516,298
516,299
516,300
516,301
516,302
516,303
516,304
516,305
516,306
516,307
516,308
516,309
516,310
516,311
516,312
516,313
516,314
516,315
516,316
516,317
516,318
516,319
516,320
517,260
517,261
517,262
517,263
517,264
517,265
517,266
517,267
517,268
517,269
517,270
517,271
517,272
517,273
517,274
517,275
517,276
517,277
517,278
517,279
517,280
517,281
517,282
517,283
517,284
517,285
517,286
517,287
517,288
517,289
517,290
517,291
517,292
517,293
517,294
517,295
517,296
517,297
517,298
517,299
517,300
517,301
517,302
517,303
517,304
517,305
517,306
517,307
517,308
517,309
517,310
517,311
517,312
517,313
517,314
517,315
517,316
517,317
517,318
517,319
517,320
518,261
518,262
518,263
518,264
518,265
518,266
518,267
518,268
518,269
518,270
518,271
518,272
518,273
518,274
518,275
518,276
518,277
518,278
518,279
518,280
518,281
518,282
518,283
518,284
518,285
518,286
518,287
518,288
518,289
518,290
518,291
518,292
518,293
518,294
518,295
518,296
518,297
518,298
518,299
518,300
518,301
518,302
518,303
518,304
518,305
518,306
518,307
518,308
518,309
518,310
518,311
518,312
518,313
518,314
518,315
518,316
518,317
518,318
518,319
519,261
519,262
519,263
519,264
519,265
519,266
519,267
519,268
519,269
519,270
519,271
519,272
519,273
519,274
519,275
519,276
519,277
519,278
519,279
519,280
519,281
519,282
519,283
519,284
519,285
519,286
519,287
519,288
519,289
519,290
519,291
519,292
519,293
519,294
519,295
519,296
519,297
519,298
519,299
519,300
519,301
519,302
519,303
519,304
519,305
519,306
519,307
519,308
519,309
519,310
519,311
519,312
519,313
519,314
519,315
519,316
519,317
519,318
519,319
520,261
520,262
520,263
520,264
520,265
520,266
520,267
520,268
520,269
520,270
520,271
520,272
520,273
520,274
520,275
520,276
520,277
520,278
520,279
520,280
520,281
520,282
520,283
520,284
520,285
520,286
520,287
520,288
520,289
520,290
520,291
520,292
520,293
520,294
520,295
520,296
520,297
520,298
520,299
520,300
520,301
520,302
520,303
520,304
520,305
520,306
520,307
520,308
520,309
520,310
520,311
520,312
520,313
520,314
520,315
520,316
520,317
520,318
520,319
521,262
521,263
521,264
521,265
521,266
521,267
521,268
521,269
521,270
521,271
521,272
521,273
521,274
521,275
521,276
521,277
521,278
521,279
521,280
521,281
521,282
521,283
521,284
521,285
521,286
521,287
521,288
521,289
521,290
521,291
521,292
521,293
521,294
521,295
521,296
521,297
521,298
521,299
521,300
521,301
521,302
521,303
521,304
521,305
521,306
521,307
521,308
521,309
521,310
521,311
521,312
521,313
521,314
521,315
521,316
521,317
521,318
522,262
522,263
522,264
522,265
522,266
522,267
522,268
522,269
522,270
522,271
522,272
522,273
522,274
522,275
522,276
522,277
522,278
522,279
522,280
522,281
522,282
522,283
522,284
522,285
522,286
522,287
522,288
522,289
522,290
522,291
522,292
522,293
522,294
522,295
522,296
522,297
522,298
522,299
522,300
522,301
522,302
522,303
522,304
522,305
522,306
522,307
522,308
522,309
522,310
522,311
522,312
522,313
522,314
522,315
522,316
522,317
522,318
523,263
523,264
523,265
523,266
523,267
523,268
523,269
523,270
523,271
523,272
523,273
523,274
523,275
523,276
523,277
523,278
523,279
523,280
523,281
523,282
523,283
523,284
523,285
523,286
523,287
523,288
523,289
523,290
523,291
523,292
523,293
523,294
523,295
523,296
523,297
523,298
523,299
523,300
523,301
523,302
523,303
523,304
523,305
523,306
523,307
523,308
523,309
523,310
523,311
523,312
523,313
523,314
523,315
523,316
523,317
524,263
524,264
524,265
524,266
524,267
524,268
524,269
524,270
524,271
524,272
524,273
524,274
524,275
524,276
524,277
524,278
524,279
524,280
524,281
524,282
524,283
524,284
524,285
524,286
524,287
524,288
524,289
524,290
524,291
524,292
524,293
524,294
524,295
524,296
524,297
524,298
524,299
524,300
524,301
524,302
524,303
524,304
524,305
524,306
524,307
524,308
524,309
524,310
524,311
524,312
524,313
524,314
524,315
524,316
524,317
525,264
525,265
525,266
525,267
525,268
525,269
525,270
525,271
525,272
525,273
525,274
525,275
525,276
525,277
525,278
525,279
525,280
525,281
525,282
525,283
525,284
525,285
525,286
525,287
525,288
525,289
525,290
525,291
525,292
525,293
525,294
525,295
525,296
525,297
525,298
525,299
525,300
525,301
525,302
525,303
525,304
525,305
525,306
525,307
525,308
525,309
525,310
525,311
525,312
525,313
525,314
525,315
525,316
526,265
526,266
526,267
526,268
526,269
526,270
526,271
526,272
526,273
526,274
526,275
526,276
526,277
526,278
526,279
526,280
526,281
526,282
526,283
526,284
526,285
526,286
526,287
526,288
526,289
526,290
526,291
526,292
526,293
526,294
526,295
526,296
526,297
526,298
526,299
526,300
526,301
526,302
526,303
526,304
526,305
526,306
526,307
526,308
526,309
526,310
526,311
526,312
526,313
526,314
526,315
527,266
527,267
527,268
527,269
527,270
527,271
527,272
527,273
527,274
527,275
527,276
527,277
527,278
527,279
527,280
527,281
527,282
527,283
527,284
527,285
527,286
527,287
527,288
527,289
527,290
527,291
527,292
527,293
527,294
527,295
527,296
527,297
527,298
527,299
527,300
527,301
527,302
527,303
527,304
527,305
527,306
527,307
527,308
527,309
527,310
527,311
527,312
527,313
527,314
528,266
528,267
528,268
528,269
528,270
528,271
528,272
528,273
528,274
528,275
528,276
528,277
528,278
528,279
528,280
528,281
528,282
528,283
528,284
528,285
528,286
528,287
528,288
528,289
528,290
528,291
528,292
528,293
528,294
528,295
528,296
528,297
528,298
528,299
528,300
528,301
528,302
528,303
528,304
528,305
528,306
528,307
528,308
528,309
528,310
528,311
528,312
528,313
528,314
529,267
529,268
529,269
529,270
529,271
529,272
529,273
529,274
529,275
529,276
529,277
529,278
529,279
529,280
529,281
529,282
529,283
529,284
529,285
529,286
529,287
529,288
529,289
529,290
529,291
529,292
529,293
529,294
529,295
529,296
529,297
529,298
529,299
529,300
529,301
529,302
529,303
529,304
529,305
529,306
529,307
529,308
529,309
529,310
529,311
529,312
529,313
530,268
530,269
530,270
530,271
530,272
530,273
530,274
530,275
530,276
530,277
530,278
530,279
530,280
530,281
530,282
530,283
530,284
530,285
530,286
530,287
530,288
530,289
530,290
530,291
530,292
530,293
530,294
530,295
530,296
530,297
530,298
530,299
530,300
530,301
530,302
530,303
530,304
530,305
530,306
530,307
530,308
530,309
530,310
530,311
530,312
531,269
531,270
531,271
531,272
531,273
531,274
531,275
531,276
531,277
531,278
531,279
531,280
531,281
531,282
531,283
531,284
531,285
531,286
531,287
531,288
531,289
531,290
531,291
531,292
531,293
531,294
531,295
531,296
531,297
531,298
531,299
531,300
531,301
531,302
531,303
531,304
531,305
531,306
531,307
531,308
531,309
531,310
531,311
532,270
532,271
532,272
532,273
532,274
532,275
532,276
532,277
532,278
532,279
532,280
532,281
532,282
532,283
532,284
532,285
532,286
532,287
532,288
532,289
532,290
532,291
532,292
532,293
532,294
532,295
532,296
532,297
532,298
532,299
532,300
532,301
532,302
532,303
532,304
532,305
532,306
532,307
532,308
532,309
532,310
533,272
533,273
533,274
533,275
533,276
533,277
533,278
533,279
533,280
533,281
533,282
533,283
533,284
533,285
533,286
533,287
533,288
533,289
533,290
533,291
533,292
533,293
533,294
533,295
533,296
533,297
533,298
533,299
533,300
533,301
533,302
533,303
533,304
533,305
533,306
533,307
533,308
534,273
534,274
534,275
534,276
534,277
534,278
534,279
534,280
534,281
534,282
534,283
534,284
534,285
534,286
534,287
534,288
534,289
534,290
534,291
534,292
534,293
534,294
534,295
534,296
534,297
534,298
534,299
534,300
534,301
534,302
534,303
534,304
534,305
534,306
534,307
535,274
535,275
535,276
535,277
535,278
535,279
535,280
535,281
535,282
535,283
535,284
535,285
535,286
535,287
535,288
535,289
535,290
535,291
535,292
535,293
535,294
535,295
535,296
535,297
535,298
535,299
535,300
535,301
535,302
535,303
535,304
535,305
535,306
536,276
536,277
536,278
536,279
536,280
536,281
536,282
536,283
536,284
536,285
536,286
536,287
536,288
536,289
536,290
536,291
536,292
536,293
536,294
536,295
536,296
536,297
536,298
536,299
536,300
536,301
536,302
536,303
536,304
537,278
537,279
537,280
537,281
537,282
537,283
537,284
537,285
537,286
537,287
537,288
537,289
537,290
537,291
537,292
537,293
537,294
537,295
537,296
537,297
537,298
537,299
537,300
537,301
537,302
538,281
538,282
538,283
538,284
538,285
538,286
538,287
538,288
538,289
538,290
538,291
538,292
538,293
538,294
538,295
538,296
538,297
538,298
538,299
539,285
539,286
539,287
539,288
539,289
539,290
539,291
539,292
539,293
539,294
539,295
556,475
556,476
556,477
556,478
556,479
556,480
556,481
556,482
556,483
557,472
557,473
557,474
557,475
557,476
557,477
557,478
557,479
557,480
557,481
557,482
557,483
557,484
557,485
557,486
558,470
558,471
558,472
558,473
558,474
558,475
558,476
558,477
558,478
558,479
558,480
558,481
558,482
558,483
558,484
558,485
558,486
558,487
558,488
559,469
559,470
559,471
559,472
559,473
559,474
559,475
559,476
559,477
559,478
559,479
559,480
559,481
559,482
559,483
559,484
559,485
559,486
559,487
559,488
559,489
560,467
560,468
560,469
560,470
560,471
560,472
560,473
560,474
560,475
560,476
560,477
560,478
560,479
560,480
560,481
560,482
560,483
560,484
560,485
560,486
560,487
560,488
560,489
560,490
560,491
561,466
561,467
561,468
561,469
561,470
561,471
561,472
561,473
561,474
561,475
561,476
561,477
561,478
561,479
561,480
561,481
561,482
561,483
561,484
561,485
561,486
561,487
561,488
561,489
561,490
561,491
561,492
562,465
562,466
562,467
562,468
562,469
562,470
562,471
562,472
562,473
562,474
562,475
562,476
562,477
562,478
562,479
562,480
562,481
562,482
562,483
562,484
562,485
562,486
562,487
562,488
562,489
562,490
562,491
562,492
562,493
563,464
563,465
563,466
563,467
563,468
563,469
563,470
563,471
563,472
563,473
563,474
563,475
563,476
563,477
563,478
563,479
563,480
563,481
563,482
563,483
563,484
563,485
563,486
563,487
563,488
563,489
563,490
563,491
563,492
563,493
563,494
564,464
564,465
564,466
564,467
564,468
564,469
564,470
564,471
564,472
564,473
564,474
564,475
564,476
564,477
564,478
564,479
564,480
564,481
564,482
564,483
564,484
564,485
564,486
564,487
564,488
564,489
564,490
564,491
564,492
564,493
564,494
565,403
565,404
565,405
565,406
565,407
565,408
565,409
565,410
565,411
565,463
565,464
565,465
565,466
565,467
565,468
565,469
565,470
565,471
565,472
565,473
565,474
565,475
565,476
565,477
565,478
565,479
565,480
565,481
565,482
565,483
565,484
565,485
565,486
565,487
565,488
565,489
565,490
565,491
565,492
565,493
565,494
565,495
566,400
566,401
566,402
566,403
566,404
566,405
566,406
566,407
566,408
566,409
566,410
566,411
566,412
566,413
566,414
566,462
566,463
566,464
566,465
566,466
566,467
566,468
566,469
566,470
566,471
566,472
566,473
566,474
566,475
566,476
566,477
566,478
566,479
566,480
566,481
566,482
566,483
566,484
566,485
566,486
566,487
566,488
566,489
566,490
566,491
566,492
566,493
566,494
566,495
566,496
567,398
567,399
567,400
567,401
567,402
567,403
567,404
567,405
567,406
567,407
567,408
567,409
567,410
567,411
567,412
567,413
567,414
567,415
567,416
567,462
567,463
567,464
567,465
567,466
567,467
567,468
567,469
567,470
567,471
567,472
567,473
567,474
567,475
567,476
567,477
567,478
567,479
567,480
567,481
567,482
567,483
567,484
567,485
567,486
567,487
567,488
567,489
567,490
567,491
567,492
567,493
567,494
567,495
567,496
568,396
568,397
568,398
568,399
568,400
568,401
568,402
568,403
568,404
568,405
568,406
568,407
568,408
568,409
568,410
568,411
568,412
568,413
568,414
568,415
568,416
568,417
568,418
568,461
568,462
568,463
568,464
568,465
568,466
568,467
568,468
568,469
568,470
568,471
568,472
568,473
568,474
568,475
568,476
568,477
568,478
568,479
568,480
568,481
568,482
568,483
568,484
568,485
568,486
568,487
568,488
568,489
568,490
568,491
568,492
568,493
568,494
568,495
568,496
568,497
569,395
569,396
569,397
569,398
569,399
569,400
569,401
569,402
569,403
569,404
569,405
569,406
569,407
569,408
569,409
569,410
569,411
569,412
569,413
569,414
569,415
569,416
569,417
569,418
569,419
569,461
569,462
569,463
569,464
569,465
569,466
569,467
569,468
569,469
569,470
569,471
569,472
569,473
569,474
569,475
569,476
569,477
569,478
569,479
569,480
569,481
569,482
569,483
569,484
569,485
569,486
569,487
569,488
569,489
569,490
569,491
569,492
569,493
569,494
569,495
569,496
569,497
570,393
570,394
570,395
570,396
570,397
570,398
570,399
570,400
570,401
570,402
570,403
570,404
570,405
570,406
570,407
570,408
570,409
570,410
570,411
570,412
570,413
570,414
570,415
570,416
570,417
570,418
570,419
570,420
570,421
570,461
570,462
570,463
570,464
570,465
570,466
570,467
570,468
570,469
570,470
570,471
570,472
570,473
570,474
570,475
570,476
570,477
570,478
570,479
570,480
570,481
570,482
570,483
570,484
570,485
570,486
570,487
570,488
570,489
570,490
570,491
570,492
570,493
570,494
570,495
570,496
570,497
571,392
571,393
571,394
571,395
571,396
571,397
571,398
571,399
571,400
571,401
571,402
571,403
571,404
571,405
571,406
571,407
571,408
571,409
571,410
571,411
571,412
571,413
571,414
571,415
571,416
571,417
571,418
571,419
571,420
571,421
571,422
571,460
571,461
571,462
571,463
571,464
571,465
571,466
571,467
571,468
571,469
571,470
571,471
571,472
571,473
571,474
571,475
571,476
571,477
571,478
571,479
571,480
571,481
571,482
571,483
571,484
571,485
571,486
571,487
571,488
571,489
571,490
571,491
571,492
571,493
571,494
571,495
571,496
571,497
571,498
572,391
572,392
572,393
572,394
572,395
572,396
572,397
572,398
572,399
572,400
572,401
572,402
572,403
572,404
572,405
572,406
572,407
572,408
572,409
572,410
572,411
572,412
572,413
572,414
572,415
572,416
572,417
572,418
572,419
572,420
572,421
572,422
572,423
572,460
572,461
572,462
572,463
572,464
572,465
572,466
572,467
572,468
572,469
572,470
572,471
572,472
572,473
572,474
572,475
572,476
572,477
572,478
572,479
572,480
572,481
572,482
572,483
572,484
572,485
572,486
572,487
572,488
572,489
572,490
572,491
572,492
572,493
572,494
572,495
572,496
572,497
572,498
573,391
573,392
573,393
573,394
573,395
573,396
573,397
573,398
573,399
573,400
573,401
573,402
573,403
573,404
573,405
573,406
573,407
573,408
573,409
573,410
573,411
573,412
573,413
573,414
573,415
573,416
573,417
573,418
573,419
573,420
573,421
573,422
573,423
573,460
573,461
573,462
573,463
573,464
573,465
573,466
573,467
573,468
573,469
573,470
573,471
573,472
573,473
573,474
573,475
573,476
573,477
573,478
573,479
573,480
573,481
573,482
573,483
573,484
573,485
573,486
573,487
573,488
573,489
573,490
573,491
573,492
573,493
573,494
573,495
573,496
573,497
573,498
574,390
574,391
574,392
574,393
574,394
574,395
574,396
574,397
574,398
574,399
574,400
574,401
574,402
574,403
574,404
574,405
574,406
574,407
574,408
574,409
574,410
574,411
574,412
574,413
574,414
574,415
574,416
574,417
574,418
574,419
574,420
574,421
574,422
574,423
574,424
574,460
574,461
574,462
574,463
574,464
574,465
574,466
574,467
574,468
574,469
574,470
574,471
574,472
574,473
574,474
574,475
574,476
574,477
574,478
574,479
574,480
574,481
574,482
574,483
574,484
574,485
574,486
574,487
574,488
574,489
574,490
574,491
574,492
574,493
574,494
574,495
574,496
574,497
574,498
575,389
575,390
575,391
575,392
575,393
575,394
575,395
575,396
575,397
575,398
575,399
575,400
575,401
575,402
575,403
575,404
575,405
575,406
575,407
575,408
575,409
575,410
575,411
575,412
575,413
575,414
575,415
575,416
575,417
575,418
575,419
575,420
575,421
575,422
575,423
575,424
575,425
575,460
575,461
575,462
575,463
575,464
575,465
575,466
575,467
575,468
575,469
575,470
575,471
575,472
575,473
575,474
575,475
575,476
575,477
575,478
575,479
575,480
575,481
575,482
575,483
575,484
575,485
575,486
575,487
575,488
575,489
575,490
575,491
575,492
575,493
575,494
575,495
575,496
575,497
575,498
576,201
576,202
576,203
576,204
576,205
576,206
576,207
576,208
576,209
576,210
576,211
576,389
576,390
576,391
576,392
576,393
576,394
576,395
576,396
576,397
576,398
576,399
576,400
576,401
576,402
576,403
576,404
576,405
576,406
576,407
576,408
576,409
576,410
576,411
576,412
576,413
576,414
576,415
576,416
576,417
576,418
576,419
576,420
576,421
576,422
576,423
576,424
576,425
576,460
576,461
576,462
576,463
576,464
576,465
576,466
576,467
576,468
576,469
576,470
576,471
576,472
576,473
576,474
576,475
576,476
576,477
576,478
576,479
576,480
576,481
576,482
576,483
576,484
576,485
576,486
576,487
576,488
576,489
576,490
576,491
576,492
576,493
576,494
576,495
576,496
576,497
576,498
577,197
577,198
577,199
577,200
577,201
577,202
577,203
577,204
577,205
577,206
577,207
577,208
577,209
577,210
577,211
577,212
577,213
577,214
577,215
577,388
577,389
577,390
577,391
577,392
577,393
577,394
577,395
577,396
577,397
577,398
577,399
577,400
577,401
577,402
577,403
577,404
577,405
577,406
577,407
577,408
577,409
577,410
577,411
577,412
577,413
577,414
577,415
577,416
577,417
577,418
577,419
577,420
577,421
577,422
577,423
577,424
577,425
577,426
577,460
577,461
577,462
577,463
577,464
577,465
577,466
577,467
577,468
577,469
577,470
577,471
577,472
577,473
577,474
577,475
577,476
577,477
577,478
577,479
577,480
577,481
577,482
577,483
577,484
577,485
577,486
577,487
577,488
577,489
577,490
577,491
577,492
577,493
577,494
577,495
577,496
577,497
577,498
578,195
578,196
578,197
578,198
578,199
578,200
578,201
578,202
578,203
578,204
578,205
578,206
578,207
578,208
578,209
578,210
578,211
578,212
578,213
578,214
578,215
578,216
578,217
578,388
578,389
578,390
578,391
578,392
578,393
578,394
578,395
578,396
578,397
578,398
578,399
578,400
578,401
578,402
578,403
578,404
578,405
578,406
578,407
578,408
578,409
578,410
578,411
578,412
578,413
578,414
578,415
578,416
578,417
578,418
578,419
578,420
578,421
578,422
578,423
578,424
578,425
578,426
578,460
578,461
578,462
578,463
578,464
578,465
578,466
578,467
578,468
578,469
578,470
578,471
578,472
578,473
578,474
578,475
578,476
578,477
578,478
578,479
578,480
578,481
578,482
578,483
578,484
578,485
578,486
578,487
578,488
578,489
578,490
578,491
578,492
578,493
578,494
578,495
578,496
578,497
578,498
579,192
579,193
579,194
579,195
579,196
579,197
579,198
579,199
579,200
579,201
579,202
579,203
579,204
579,205
579,206
579,207
579,208
579,209
579,210
579,211
579,212
579,213
579,214
579,215
579,216
579,217
579,218
579,219
579,220
579,387
579,388
579,389
579,390
579,391
579,392
579,393
579,394
579,395
579,396
579,397
579,398
579,399
579,400
579,401
579,402
579,403
579,404
579,405
579,406
579,407
579,408
579,409
579,410
579,411
579,412
579,413
579,414
579,415
579,416
579,417
579,418
579,419
579,420
579,421
579,422
579,423
579,424
579,425
579,426
579,427
579,460
579,461
579,462
579,463
579,464
579,465
579,466
579,467
579,468
579,469
579,470
579,471
579,472
579,473
579,474
579,475
579,476
579,477
579,478
579,479
579,480
579,481
579,482
579,483
579,484
579,485
579,486
579,487
579,488
579,489
579,490
579,491
579,492
579,493
579,494
579,495
579,496
579,497
579,498
580,191
580,192
580,193
580,194
580,195
580,196
580,197
580,198
580,199
580,200
580,201
580,202
580,203
580,204
580,205
580,206
580,207
580,208
580,209
580,210
580,211
580,212
580,213
580,214
580,215
580,216
580,217
580,218
580,219
580,220
580,221
580,387
580,388
580,389
580,390
580,391
580,392
580,393
580,394
580,395
580,396
580,397
580,398
580,399
580,400
580,401
580,402
580,403
580,404
580,405
580,406
580,407
580,408
580,409
580,410
580,411
580,412
580,413
580,414
580,415
580,416
580,417
580,418
580,419
580,420
580,421
580,422
580,423
580,424
580,425
580,426
580,427
580,461
580,462
580,463
580,464
580,465
580,466
580,467
580,468
580,469
580,470
580,471
580,472
580,473
580,474
580,475
580,476
580,477
580,478
580,479
580,480
580,481
580,482
580,483
580,484
580,485
580,486
580,487
580,488
580,489
580,490
580,491
580,492
580,493
580,494
580,495
580,496
580,497
581,189
581,190
581,191
581,192
581,193
581,194
581,195
581,196
581,197
581,198
581,199
581,200
581,201
581,202
581,203
581,204
581,205
581,206
581,207
581,208
581,209
581,210
581,211
581,212
581,213
581,214
581,215
581,216
581,217
581,218
581,219
581,220
581,221
581,222
581,223
581,387
581,388
581,389
581,390
581,391
581,392
581,393
581,394
581,395
581,396
581,397
581,398
581,399
581,400
581,401
581,402
581,403
581,404
581,405
581,406
581,407
581,408
581,409
581,410
581,411
581,412
581,413
581,414
581,415
581,416
581,417
581,418
581,419
581,420
581,421
581,422
581,423
581,424
581,425
581,426
581,427
581,461
581,462
581,463
581,464
581,465
581,466
581,467
581,468
581,469
581,470
581,471
581,472
581,473
581,474
581,475
581,476
581,477
581,478
581,479
581,480
581,481
581,482
581,483
581,484
581,485
581,486
581,487
581,488
581,489
581,490
581,491
581,492
581,493
581,494
581,495
581,496
581,497
582,188
582,189
582,190
582,191
582,192
582,193
582,194
582,195
582,196
582,197
582,198
582,199
582,200
582,201
582,202
582,203
582,204
582,205
582,206
582,207
582,208
582,209
582,210
582,211
582,212
582,213
582,214
582,215
582,216
582,217
582,218
582,219
582,220
582,221
582,222
582,223
582,224
582,386
582,387
582,388
582,389
582,390
582,391
582,392
582,393
582,394
582,395
582,396
582,397
582,398
582,399
582,400
582,401
582,402
582,403
582,404
582,405
582,406
582,407
582,408
582,409
582,410
582,411
582,412
582,413
582,414
582,415
582,416
582,417
582,418
582,419
582,420
582,421
582,422
582,423
582,424
582,425
582,426
582,427
582,428
582,461
582,462
582,463
582,464
582,465
582,466
582,467
582,468
582,469
582,470
582,471
582,472
582,473
582,474
582,475
582,476
582,477
582,478
582,479
582,480
582,481
582,482
582,483
582,484
582,485
582,486
582,487
582,488
582,489
582,490
582,491
582,492
582,493
582,494
582,495
582,496
582,497
583,187
583,188
583,189
583,190
583,191
583,192
583,193
583,194
583,195
583,196
583,197
583,198
583,199
583,200
583,201
583,202
583,203
583,204
583,205
583,206
583,207
583,208
583,209
583,210
583,211
583,212
583,213
583,214
583,215
583,216
583,217
583,218
583,219
583,220
583,221
583,222
583,223
583,224
583,225
583,386
583,387
583,388
583,389
583,390
583,391
583,392
583,393
583,394
583,395
583,396
583,397
583,398
583,399
583,400
583,401
583,402
583,403
583,404
583,405
583,406
583,407
583,408
583,409
583,410
583,411
583,412
583,413
583,414
583,415
583,416
583,417
583,418
583,419
583,420
583,421
583,422
583,423
583,424
583,425
583,426
583,427
583,428
583,462
583,463
583,464
583,465
583,466
583,467
583,468
583,469
583,470
583,471
583,472
583,473
583,474
583,475
583,476
583,477
583,478
583,479
583,480
583,481
583,482
583,483
583,484
583,485
583,486
583,487
583,488
583,489
583,490
583,491
583,492
583,493
583,494
583,495
583,496
584,186
584,187
584,188
584,189
584,190
584,191
584,192
584,193
584,194
584,195
584,196
584,197
584,198
584,199
584,200
584,201
584,202
584,203
584,204
584,205
584,206
584,207
584,208
584,209
584,210
584,211
584,212
584,213
584,214
584,215
584,216
584,217
584,218
584,219
584,220
584,221
584,222
584,223
584,224
584,225
584,226
584,386
584,387
584,388
584,389
584,390
584,391
584,392
584,393
584,394
584,395
584,396
584,397
584,398
584,399
584,400
584,401
584,402
584,403
584,404
584,405
584,406
584,407
584,408
584,409
584,410
584,411
584,412
584,413
584,414
584,415
584,416
584,417
584,418
584,419
584,420
584,421
584,422
584,423
584,424
584,425
584,426
584,427
584,428
584,462
584,463
584,464
584,465
584,466
584,467
584,468
584,469
584,470
584,471
584,472
584,473
584,474
584,475
584,476
584,477
584,478
584,479
584,480
584,481
584,482
584,483
584,484
584,485
584,486
584,487
584,488
584,489
584,490
584,491
584,492
584,493
584,494
584,495
584,496
585,185
585,186
585,187
585,188
585,189
585,190
585,191
585,192
585,193
585,194
585,195
585,196
585,197
585,198
585,199
585,200
585,201
585,202
585,203
585,204
585,205
585,206
585,207
585,208
585,209
585,210
585,211
585,212
585,213
585,214
585,215
585,216
585,217
585,218
585,219
585,220
585,221
585,222
585,223
585,224
585,225
585,226
585,227
585,386
585,387
585,388
585,389
585,390
585,391
585,392
585,393
585,394
585,395
585,396
585,397
585,398
585,399
585,400
585,401
585,402
585,403
585,404
585,405
585,406
585,407
585,408
585,409
585,410
585,411
585,412
585,413
585,414
585,415
585,416
585,417
585,418
585,419
585,420
585,421
585,422
585,423
585,424
585,425
585,426
585,427
585,428
585,463
585,464
585,465
585,466
585,467
585,468
585,469
585,470
585,471
585,472
585,473
585,474
585,475
585,476
585,477
585,478
585,479
585,480
585,481
585,482
585,483
585,484
585,485
585,486
585,487
585,488
585,489
585,490
585,491
585,492
585,493
585,494
585,495
586,184
586,185
586,186
586,187
586,188
586,189
586,190
586,191
586,192
586,193
586,194
586,195
586,196
586,197
586,198
586,199
586,200
586,201
586,202
586,203
586,204
586,205
586,206
586,207
586,208
586,209
586,210
586,211
586,212
586,213
586,214
586,215
586,216
586,217
586,218
586,219
586,220
586,221
586,222
586,223
586,224
586,225
586,226
586,227
586,228
586,386
586,387
586,388
586,389
586,390
586,391
586,392
586,393
586,394
586,395
586,396
586,397
586,398
586,399
586,400
586,401
586,402
586,403
586,404
586,405
586,406
586,407
586,408
586,409
586,410
586,411
586,412
586,413
586,414
586,415
586,416
586,417
586,418
586,419
586,420
586,421
586,422
586,423
586,424
586,425
586,426
586,427
586,428
586,464
586,465
586,466
586,467
586,468
586,469
586,470
586,471
586,472
586,473
586,474
586,475
586,476
586,477
586,478
586,479
586,480
586,481
586,482
586,483
586,484
586,485
586,486
586,487
586,488
586,489
586,490
586,491
586,492
586,493
586,494
587,183
587,184
587,185
587,186
587,187
587,188
587,189
587,190
587,191
587,192
587,193
587,194
587,195
587,196
587,197
587,198
587,199
587,200
587,201
587,202
587,203
587,204
587,205
587,206
587,207
587,208
587,209
587,210
587,211
587,212
587,213
587,214
587,215
587,216
587,217
587,218
587,219
587,220
587,221
587,222
587,223
587,224
587,225
587,226
587,227
587,228
587,229
587,386
587,387
587,388
587,389
587,390
587,391
587,392
587,393
587,394
587,395
587,396
587,397
587,398
587,399
587,400
587,401
587,402
587,403
587,404
587,405
587,406
587,407
587,408
587,409
587,410
587,411
587,412
587,413
587,414
587,415
587,416
587,417
587,418
587,419
587,420
587,421
587,422
587,423
587,424
587,425
587,426
587,427
587,428
587,464
587,465
587,466
587,467
587,468
587,469
587,470
587,471
587,472
587,473
587,474
587,475
587,476
587,477
587,478
587,479
587,480
587,481
587,482
587,483
587,484
587,485
587,486
587,487
587,488
587,489
587,490
587,491
587,492
587,493
587,494
588,182
588,183
588,184
588,185
588,186
588,187
588,188
588,189
588,190
588,191
588,192
588,193
588,194
588,195
588,196
588,197
588,198
588,199
588,200
588,201
588,202
588,203
588,204
588,205
588,206
588,207
588,208
588,209
588,210
588,211
588,212
588,213
588,214
588,215
588,216
588,217
588,218
588,219
588,220
588,221
588,222
588,223
588,224
588,225
588,226
588,227
588,228
588,229
588,230
588,386
588,387
588,388
588,389
588,390
588,391
588,392
588,393
588,394
588,395
588,396
588,397
588,398
588,399
588,400
588,401
588,402
588,403
588,404
588,405
588,406
588,407
588,408
588,409
588,410
588,411
588,412
588,413
588,414
588,415
588,416
588,417
588,418
588,419
588,420
588,421
588,422
588,423
588,424
588,425
588,426
588,427
588,428
588,465
588,466
588,467
588,468
588,469
588,470
588,471
588,472
588,473
588,474
588,475
588,476
588,477
588,478
588,479
588,480
588,481
588,482
588,483
588,484
588,485
588,486
588,487
588,488
588,489
588,490
588,491
588,492
588,493
589,181
589,182
589,183
589,184
589,185
589,186
589,187
589,188
589,189
589,190
589,191
589,192
589,193
589,194
589,195
589,196
589,197
589,198
589,199
589,200
589,201
589,202
589,203
589,204
589,205
589,206
589,207
589,208
589,209
589,210
589,211
589,212
589,213
589,214
589,215
589,216
589,217
589,218
589,219
589,220
589,221
589,222
589,223
589,224
589,225
589,226
589,227
589,228
589,229
589,230
589,231
589,386
589,387
589,388
589,389
589,390
589,391
589,392
589,393
589,394
589,395
589,396
589,397
589,398
589,399
589,400
589,401
589,402
589,403
589,404
589,405
589,406
589,407
589,408
589,409
589,410
589,411
589,412
589,413
589,414
589,415
589,416
589,417
589,418
589,419
589,420
589,421
589,422
589,423
589,424
589,425
589,426
589,427
589,428
589,466
589,467
589,468
589,469
589,470
589,471
589,472
589,473
589,474
589,475
589,476
589,477
589,478
589,479
589,480
589,481
589,482
589,483
589,484
589,485
589,486
589,487
589,488
589,489
589,490
589,491
589,492
590,181
590,182
590,183
590,184
590,185
590,186
590,187
590,188
590,189
590,190
590,191
590,192
590,193
590,194
590,195
590,196
590,197
590,198
590,199
590,200
590,201
590,202
590,203
590,204
590,205
590,206
590,207
590,208
590,209
590,210
590,211
590,212
590,213
590,214
590,215
590,216
590,217
590,218
590,219
590,220
590,221
590,222
590,223
590,224
590,225
590,226
590,227
590,228
590,229
590,230
590,231
590,386
590,387
590,388
590,389
590,390
590,391
590,392
590,393
590,394
590,395
590,396
590,397
590,398
590,399
590,400
590,401
590,402
590,403
590,404
590,405
590,406
590,407
590,408
590,409
590,410
590,411
590,412
590,413
590,414
590,415
590,416
590,417
590,418
590,419
590,420
590,421
590,422
590,423
590,424
590,425
590,426
590,427
590,428
590,467
590,468
590,469
590,470
590,471
590,472
590,473
590,474
590,475
590,476
590,477
590,478
590,479
590,480
590,481
590,482
590,483
590,484
590,485
590,486
590,487
590,488
590,489
590,490
590,491
591,180
591,181
591,182
591,183
591,184
591,185
591,186
591,187
591,188
591,189
591,190
591,191
591,192
591,193
591,194
591,195
591,196
591,197
591,198
591,199
591,200
591,201
591,202
591,203
591,204
591,205
591,206
591,207
591,208
591,209
591,210
591,211
591,212
591,213
591,214
591,215
591,216
591,217
591,218
591,219
591,220
591,221
591,222
591,223
591,224
591,225
591,226
591,227
591,228
591,229
591,230
591,231
591,232
591,387
591,388
591,389
591,390
591,391
591,392
591,393
591,394
591,395
591,396
591,397
591,398
591,399
591,400
591,401
591,402
591,403
591,404
591,405
591,406
591,407
591,408
591,409
591,410
591,411
591,412
591,413
591,414
591,415
591,416
591,417
591,418
591,419
591,420
591,421
591,422
591,423
591,424
591,425
591,426
591,427
591,469
591,470
591,471
591,472
591,473
591,474
591,475
591,476
591,477
591,478
591,479
591,480
591,481
591,482
591,483
591,484
591,485
591,486
591,487
591,488
591,489
592,179
592,180
592,181
592,182
592,183
592,184
592,185
592,186
592,187
592,188
592,189
592,190
592,191
592,192
592,193
592,194
592,195
592,196
592,197
592,198
592,199
592,200
592,201
592,202
592,203
592,204
592,205
592,206
592,207
592,208
592,209
592,210
592,211
592,212
592,213
592,214
592,215
592,216
592,217
592,218
592,219
592,220
592,221
592,222
592,223
592,224
592,225
592,226
592,227
592,228
592,229
592,230
592,231
592,232
592,233
592,387
592,388
592,389
592,390
592,391
592,392
592,393
592,394
592,395
592,396
592,397
592,398
592,399
592,400
592,401
592,402
592,403
592,404
592,405
592,406
592,407
592,408
592,409
592,410
592,411
592,412
592,413
592,414
592,415
592,416
592,417
592,418
592,419
592,420
592,421
592,422
592,423
592,424
592,425
592,426
592,427
592,470
592,471
592,472
592,473
592,474
592,475
592,476
592,477
592,478
592,479
592,480
592,481
592,482
592,483
592,484
592,485
592,486
592,487
592,488
593,179
593,180
593,181
593,182
593,183
593,184
593,185
593,186
593,187
593,188
593,189
593,190
593,191
593,192
593,193
593,194
593,195
593,196
593,197
593,198
593,199
593,200
593,201
593,202
593,203
593,204
593,205
593,206
593,207
593,208
593,209
593,210
593,211
593,212
593,213
593,214
593,215
593,216
593,217
593,218
593,219
593,220
593,221
593,222
593,223
593,224
593,225
593,226
593,227
593,228
593,229
593,230
593,231
593,232
593,233
593,387
593,388
593,389
593,390
593,391
593,392
593,393
593,394
593,395
593,396
593,397
593,398
593,399
593,400
593,401
593,402
593,403
593,404
593,405
593,406
593,407
593,408
593,409
593,410
593,411
593,412
593,413
593,414
593,415
593,416
593,417
593,418
593,419
593,420
593,421
593,422
593,423
593,424
593,425
593,426
593,427
593,472
593,473
593,474
593,475
593,476
593,477
593,478
593,479
593,480
593,481
593,482
593,483
593,484
593,485
593,486
594,179
594,180
594,181
594,182
594,183
594,184
594,185
594,186
594,187
594,188
594,189
594,190
594,191
594,192
594,193
594,194
594,195
594,196
594,197
594,198
594,199
594,200
594,201
594,202
594,203
594,204
594,205
594,206
594,207
594,208
594,209
594,210
594,211
594,212
594,213
594,214
594,215
594,216
594,217
594,218
594,219
594,220
594,221
594,222
594,223
594,224
594,225
594,226
594,227
594,228
594,229
594,230
594,231
594,232
594,233
594,388
594,389
594,390
594,391
594,392
594,393
594,394
594,395
594,396
594,397
594,398
594,399
594,400
594,401
594,402
594,403
594,404
594,405
594,406
594,407
594,408
594,409
594,410
594,411
594,412
594,413
594,414
594,415
594,416
594,417
594,418
594,419
594,420
594,421
594,422
594,423
594,424
594,425
594,426
594,475
594,476
594,477
594,478
594,479
594,480
594,481
594,482
594,483
595,178
595,179
595,180
595,181
595,182
595,183
595,184
595,185
595,186
595,187
595,188
595,189
595,190
595,191
595,192
595,193
595,194
595,195
595,196
595,197
595,198
595,199
595,200
595,201
595,202
595,203
595,204
595,205
595,206
595,207
595,208
595,209
595,210
595,211
595,212
595,213
595,214
595,215
595,216
595,217
595,218
595,219
595,220
595,221
595,222
595,223
595,224
595,225
595,226
595,227
595,228
595,229
595,230
595,231
595,232
595,233
595,234
595,388
595,389
595,390
595,391
595,392
595,393
595,394
595,395
595,396
595,397
595,398
595,399
595,400
595,401
595,402
595,403
595,404
595,405
595,406
595,407
595,408
595,409
595,410
595,411
595,412
595,413
595,414
595,415
595,416
595,417
595,418
595,419
595,420
595,421
595,422
595,423
595,424
595,425
595,426
596,178
596,179
596,180
596,181
596,182
596,183
596,184
596,185
596,186
596,187
596,188
596,189
596,190
596,191
596,192
596,193
596,194
596,195
596,196
596,197
596,198
596,199
596,200
596,201
596,202
596,203
596,204
596,205
596,206
596,207
596,208
596,209
596,210
596,211
596,212
596,213
596,214
596,215
596,216
596,217
596,218
596,219
596,220
596,221
596,222
596,223
596,224
596,225
596,226
596,227
596,228
596,229
596,230
596,231
596,232
596,233
596,234
596,389
596,390
596,391
596,392
596,393
596,394
596,395
596,396
596,397
596,398
596,399
596,400
596,401
596,402
596,403
596,404
596,405
596,406
596,407
596,408
596,409
596,410
596,411
596,412
596,413
596,414
596,415
596,416
596,417
596,418
596,419
596,420
596,421
596,422
596,423
596,424
596,425
597,177
597,178
597,179
597,180
597,181
597,182
597,183
597,184
597,185
597,186
597,187
597,188
597,189
597,190
597,191
597,192
597,193
597,194
597,195
597,196
597,197
597,198
597,199
597,200
597,201
597,202
597,203
597,204
597,205
597,206
597,207
597,208
597,209
597,210
597,211
597,212
597,213
597,214
597,215
597,216
597,217
597,218
597,219
597,220
597,221
597,222
597,223
597,224
597,225
597,226
597,227
597,228
597,229
597,230
597,231
597,232
597,233
597,234
597,235
597,389
597,390
597,391
597,392
597,393
597,394
597,395
597,396
597,397
597,398
597,399
597,400
597,401
597,402
597,403
597,404
597,405
597,406
597,407
597,408
597,409
597,410
597,411
597,412
597,413
597,414
597,415
597,416
597,417
597,418
597,419
597,420
597,421
597,422
597,423
597,424
597,425
598,177
598,178
598,179
598,180
598,181
598,182
598,183
598,184
598,185
598,186
598,187
598,188
598,189
598,190
598,191
598,192
598,193
598,194
598,195
598,196
598,197
598,198
598,199
598,200
598,201
598,202
598,203
598,204
598,205
598,206
598,207
598,208
598,209
598,210
598,211
598,212
598,213
598,214
598,215
598,216
598,217
598,218
598,219
598,220
598,221
598,222
598,223
598,224
598,225
598,226
598,227
598,228
598,229
598,230
598,231
598,232
598,233
598,234
598,235
598,390
598,391
598,392
598,393
598,394
598,395
598,396
598,397
598,398
598,399
598,400
598,401
598,402
598,403
598,404
598,405
598,406
598,407
598,408
598,409
598,410
598,411
598,412
598,413
598,414
598,415
598,416
598,417
598,418
598,419
598,420
598,421
598,422
598,423
598,424
599,177
599,178
599,179
599,180
599,181
599,182
599,183
599,184
599,185
599,186
599,187
599,188
599,189
599,190
599,191
599,192
599,193
599,194
599,195
599,196
599,197
599,198
599,199
599,200
599,201
599,202
599,203
599,204
599,205
599,206
599,207
599,208
599,209
599,210
599,211
599,212
599,213
599,214
599,215
599,216
599,217
599,218
599,219
599,220
599,221
599,222
599,223
599,224
599,225
599,226
599,227
599,228
599,229
599,230
599,231
599,232
599,233
599,234
599,235
599,391
599,392
599,393
599,394
599,395
599,396
599,397
599,398
599,399
599,400
599,401
599,402
599,403
599,404
599,405
599,406
599,407
599,408
599,409
599,410
599,411
599,412
599,413
599,414
599,415
599,416
599,417
599,418
599,419
599,420
599,421
599,422
599,423
600,177
600,178
600,179
600,180
600,181
600,182
600,183
600,184
600,185
600,186
600,187
600,188
600,189
600,190
600,191
600,192
600,193
600,194
600,195
600,196
600,197
600,198
600,199
600,200
600,201
600,202
600,203
600,204
600,205
600,206
600,207
600,208
600,209
600,210
600,211
600,212
600,213
600,214
600,215
600,216
600,217
600,218
600,219
600,220
600,221
600,222
600,223
600,224
600,225
600,226
600,227
600,228
600,229
600,230
600,231
600,232
600,233
600,234
600,235
600,391
600,392
600,393
600,394
600,395
600,396
600,397
600,398
600,399
600,400
600,401
600,402
600,403
600,404
600,405
600,406
600,407
600,408
600,409
600,410
600,411
600,412
600,413
600,414
600,415
600,416
600,417
600,418
600,419
600,420
600,421
600,422
600,423
601,176
601,177
601,178
601,179
601,180
601,181
601,182
601,183
601,184
601,185
601,186
601,187
601,188
601,189
601,190
601,191
601,192
601,193
601,194
601,195
601,196
601,197
601,198
601,199
601,200
601,201
601,202
601,203
601,204
601,205
601,206
601,207
601,208
601,209
601,210
601,211
601,212
601,213
601,214
601,215
601,216
601,217
601,218
601,219
601,220
601,221
601,222
601,223
601,224
601,225
601,226
601,227
601,228
601,229
601,230
601,231
601,232
601,233
601,234
601,235
601,236
601,392
601,393
601,394
601,395
601,396
601,397
601,398
601,399
601,400
601,401
601,402
601,403
601,404
601,405
601,406
601,407
601,408
601,409
601,410
601,411
601,412
601,413
601,414
601,415
601,416
601,417
601,418
601,419
601,420
601,421
601,422
602,176
602,177
602,178
602,179
602,180
602,181
602,182
602,183
602,184
602,185
602,186
602,187
602,188
602,189
602,190
602,191
602,192
602,193
602,194
602,195
602,196
602,197
602,198
602,199
602,200
602,201
602,202
602,203
602,204
602,205
602,206
602,207
602,208
602,209
602,210
602,211
602,212
602,213
602,214
602,215
602,216
602,217
602,218
602,219
602,220
602,221
602,222
602,223
602,224
602,225
602,226
602,227
602,228
602,229
602,230
602,231
602,232
602,233
602,234
602,235
602,236
602,393
602,394
602,395
602,396
602,397
602,398
602,399
602,400
602,401
602,402
602,403
602,404
602,405
602,406
602,407
602,408
602,409
602,410
602,411
602,412
602,413
602,414
602,415
602,416
602,417
602,418
602,419
602,420
602,421
603,176
603,177
603,178
603,179
603,180
603,181
603,182
603,183
603,184
603,185
603,186
603,187
603,188
603,189
603,190
603,191
603,192
603,193
603,194
603,195
603,196
603,197
603,198
603,199
603,200
603,201
603,202
603,203
603,204
603,205
603,206
603,207
603,208
603,209
603,210
603,211
603,212
603,213
603,214
603,215
603,216
603,217
603,218
603,219
603,220
603,221
603,222
603,223
603,224
603,225
603,226
603,227
603,228
603,229
603,230
603,231
603,232
603,233
603,234
603,235
603,236
603,395
603,396
603,397
603,398
603,399
603,400
603,401
603,402
603,403
603,404
603,405
603,406
603,407
603,408
603,409
603,410
603,411
603,412
603,413
603,414
603,415
603,416
603,417
603,418
603,419
604,176
604,177
604,178
604,179
604,180
604,181
604,182
604,183
604,184
604,185
604,186
604,187
604,188
604,189
604,190
604,191
604,192
604,193
604,194
604,195
604,196
604,197
604,198
604,199
604,200
604,201
604,202
604,203
604,204
604,205
604,206
604,207
604,208
604,209
604,210
604,211
604,212
604,213
604,214
604,215
604,216
604,217
604,218
604,219
604,220
604,221
604,222
604,223
604,224
604,225
604,226
604,227
604,228
604,229
604,230
604,231
604,232
604,233
604,234
604,235
604,236
604,396
604,397
604,398
604,399
604,400
604,401
604,402
604,403
604,404
604,405
604,406
604,407
604,408
604,409
604,410
604,411
604,412
604,413
604,414
604,415
604,416
604,417
604,418
605,176
605,177
605,178
605,179
605,180
605,181
605,182
605,183
605,184
605,185
605,186
605,187
605,188
605,189
605,190
605,191
605,192
605,193
605,194
605,195
605,196
605,197
605,198
605,199
605,200
605,201
605,202
605,203
605,204
605,205
605,206
605,207
605,208
605,209
605,210
605,211
605,212
605,213
605,214
605,215
605,216
605,217
605,218
605,219
605,220
605,221
605,222
605,223
605,224
605,225
605,226
605,227
605,228
605,229
605,230
605,231
605,232
605,233
605,234
605,235
605,236
605,398
605,399
605,400
605,401
605,402
605,403
605,404
605,405
605,406
605,407
605,408
605,409
605,410
605,411
605,412
605,413
605,414
605,415
605,416
606,176
606,177
606,178
606,179
606,180
606,181
606,182
606,183
606,184
606,185
606,186
606,187
606,188
606,189
606,190
606,191
606,192
606,193
606,194
606,195
606,196
606,197
606,198
606,199
606,200
606,201
606,202
606,203
606,204
606,205
606,206
606,207
606,208
606,209
606,210
606,211
606,212
606,213
606,214
606,215
606,216
606,217
606,218
606,219
606,220
606,221
606,222
606,223
606,224
606,225
606,226
606,227
606,228
606,229
606,230
606,231
606,232
606,233
606,234
606,235
606,236
606,400
606,401
606,402
606,403
606,404
606,405
606,406
606,407
606,408
606,409
606,410
606,411
606,412
606,413
606,414
607,176
607,177
607,178
607,179
607,180
607,181
607,182
607,183
607,184
607,185
607,186
607,187
607,188
607,189
607,190
607,191
607,192
607,193
607,194
607,195
607,196
607,197
607,198
607,199
607,200
607,201
607,202
607,203
607,204
607,205
607,206
607,207
607,208
607,209
607,210
607,211
607,212
607,213
607,214
607,215
607,216
607,217
607,218
607,219
607,220
607,221
607,222
607,223
607,224
607,225
607,226
607,227
607,228
607,229
607,230
607,231
607,232
607,233
607,234
607,235
607,236
607,403
607,404
607,405
607,406
607,407
607,408
607,409
607,410
607,411
608,176
608,177
608,178
608,179
608,180
608,181
608,182
608,183
608,184
608,185
608,186
608,187
608,188
608,189
608,190
608,191
608,192
608,193
608,194
608,195
608,196
608,197
608,198
608,199
608,200
608,201
608,202
608,203
608,204
608,205
608,206
608,207
608,208
608,209
608,210
608,211
608,212
608,213
608,214
608,215
608,216
608,217
608,218
608,219
608,220
608,221
608,222
608,223
608,224
608,225
608,226
608,227
608,228
608,229
608,230
608,231
608,232
608,233
608,234
608,235
608,236
609,176
609,177
609,178
609,179
609,180
609,181
609,182
609,183
609,184
609,185
609,186
609,187
609,188
609,189
609,190
609,191
609,192
609,193
609,194
609,195
609,196
609,197
609,198
609,199
609,200
609,201
609,202
609,203
609,204
609,205
609,206
609,207
609,208
609,209
609,210
609,211
609,212
609,213
609,214
609,215
609,216
609,217
609,218
609,219
609,220
609,221
609,222
609,223
609,224
609,225
609,226
609,227
609,228
609,229
609,230
609,231
609,232
609,233
609,234
609,235
609,236
610,176
610,177
610,178
610,179
610,180
610,181
610,182
610,183
610,184
610,185
610,186
610,187
610,188
610,189
610,190
610,191
610,192
610,193
610,194
610,195
610,196
610,197
610,198
610,199
610,200
610,201
610,202
610,203
610,204
610,205
610,206
610,207
610,208
610,209
610,210
610,211
610,212
610,213
610,214
610,215
610,216
610,217
610,218
610,219
610,220
610,221
610,222
610,223
610,224
610,225
610,226
610,227
610,228
610,229
610,230
610,231
610,232
610,233
610,234
610,235
610,236
611,176
611,177
611,178
611,179
611,180
611,181
611,182
611,183
611,184
611,185
611,186
611,187
611,188
611,189
611,190
611,191
611,192
611,193
611,194
611,195
611,196
611,197
611,198
611,199
611,200
611,201
611,202
611,203
611,204
611,205
611,206
611,207
611,208
611,209
611,210
611,211
611,212
611,213
611,214
611,215
611,216
611,217
611,218
611,219
611,220
611,221
611,222
611,223
611,224
611,225
611,226
611,227
611,228
611,229
611,230
611,231
611,232
611,233
611,234
611,235
611,236
612,177
612,178
612,179
612,180
612,181
612,182
612,183
612,184
612,185
612,186
612,187
612,188
612,189
612,190
612,191
612,192
612,193
612,194
612,195
612,196
612,197
612,198
612,199
612,200
612,201
612,202
612,203
612,204
612,205
612,206
612,207
612,208
612,209
612,210
612,211
612,212
612,213
612,214
612,215
612,216
612,217
612,218
612,219
612,220
612,221
612,222
612,223
612,224
612,225
612,226
612,227
612,228
612,229
612,230
612,231
612,232
612,233
612,234
612,235
613,177
613,178
613,179
613,180
613,181
613,182
613,183
613,184
613,185
613,186
613,187
613,188
613,189
613,190
613,191
613,192
613,193
613,194
613,195
613,196
613,197
613,198
613,199
613,200
613,201
613,202
613,203
613,204
613,205
613,206
613,207
613,208
613,209
613,210
613,211
613,212
613,213
613,214
613,215
613,216
613,217
613,218
613,219
613,220
613,221
613,222
613,223
613,224
613,225
613,226
613,227
613,228
613,229
613,230
613,231
613,232
613,233
613,234
613,235
614,177
614,178
614,179
614,180
614,181
614,182
614,183
614,184
614,185
614,186
614,187
614,188
614,189
614,190
614,191
614,192
614,193
614,194
614,195
614,196
614,197
614,198
614,199
614,200
614,201
614,202
614,203
614,204
614,205
614,206
614,207
614,208
614,209
614,210
614,211
614,212
614,213
614,214
614,215
614,216
614,217
614,218
614,219
614,220
614,221
614,222
614,223
614,224
614,225
614,226
614,227
614,228
614,229
614,230
614,231
614,232
614,233
614,234
614,235
615,177
615,178
615,179
615,180
615,181
615,182
615,183
615,184
615,185
615,186
615,187
615,188
615,189
615,190
615,191
615,192
615,193
615,194
615,195
615,196
615,197
615,198
615,199
615,200
615,201
615,202
615,203
615,204
615,205
615,206
615,207
615,208
615,209
615,210
615,211
615,212
615,213
615,214
615,215
615,216
615,217
615,218
615,219
615,220
615,221
615,222
615,223
615,224
615,225
615,226
615,227
615,228
615,229
615,230
615,231
615,232
615,233
615,234
615,235
616,178
616,179
616,180
616,181
616,182
616,183
616,184
616,185
616,186
616,187
616,188
616,189
616,190
616,191
616,192
616,193
616,194
616,195
616,196
616,197
616,198
616,199
616,200
616,201
616,202
616,203
616,204
616,205
616,206
616,207
616,208
616,209
616,210
616,211
616,212
616,213
616,214
616,215
616,216
616,217
616,218
616,219
616,220
616,221
616,222
616,223
616,224
616,225
616,226
616,227
616,228
616,229
616,230
616,231
616,232
616,233
616,234
617,178
617,179
617,180
617,181
617,182
617,183
617,184
617,185
617,186
617,187
617,188
617,189
617,190
617,191
617,192
617,193
617,194
617,195
617,196
617,197
617,198
617,199
617,200
617,201
617,202
617,203
617,204
617,205
617,206
617,207
617,208
617,209
617,210
617,211
617,212
617,213
617,214
617,215
617,216
617,217
617,218
617,219
617,220
617,221
617,222
617,223
617,224
617,225
617,226
617,227
617,228
617,229
617,230
617,231
617,232
617,233
617,234
618,179
618,180
618,181
618,182
618,183
618,184
618,185
618,186
618,187
618,188
618,189
618,190
618,191
618,192
618,193
618,194
618,195
618,196
618,197
618,198
618,199
618,200
618,201
618,202
618,203
618,204
618,205
618,206
618,207
618,208
618,209
618,210
618,211
618,212
618,213
618,214
618,215
618,216
618,217
618,218
618,219
618,220
618,221
618,222
618,223
618,224
618,225
618,226
618,227
618,228
618,229
618,230
618,231
618,232
618,233
619,179
619,180
619,181
619,182
619,183
619,184
619,185
619,186
619,187
619,188
619,189
619,190
619,191
619,192
619,193
619,194
619,195
619,196
619,197
619,198
619,199
619,200
619,201
619,202
619,203
619,204
619,205
619,206
619,207
619,208
619,209
619,210
619,211
619,212
619,213
619,214
619,215
619,216
619,217
619,218
619,219
619,220
619,221
619,222
619,223
619,224
619,225
619,226
619,227
619,228
619,229
619,230
619,231
619,232
619,233
620,179
620,180
620,181
620,182
620,183
620,184
620,185
620,186
620,187
620,188
620,189
620,190
620,191
620,192
620,193
620,194
620,195
620,196
620,197
620,198
620,199
620,200
620,201
620,202
620,203
620,204
620,205
620,206
620,207
620,208
620,209
620,210
620,211
620,212
620,213
620,214
620,215
620,216
620,217
620,218
620,219
620,220
620,221
620,222
620,223
620,224
620,225
620,226
620,227
620,228
620,229
620,230
620,231
620,232
620,233
621,180
621,181
621,182
621,183
621,184
621,185
621,186
621,187
621,188
621,189
621,190
621,191
621,192
621,193
621,194
621,195
621,196
621,197
621,198
621,199
621,200
621,201
621,202
621,203
621,204
621,205
621,206
621,207
621,208
621,209
621,210
621,211
621,212
621,213
621,214
621,215
621,216
621,217
621,218
621,219
621,220
621,221
621,222
621,223
621,224
621,225
621,226
621,227
621,228
621,229
621,230
621,231
621,232
622,181
622,182
622,183
622,184
622,185
622,186
622,187
622,188
622,189
622,190
622,191
622,192
622,193
622,194
622,195
622,196
622,197
622,198
622,199
622,200
622,201
622,202
622,203
622,204
622,205
622,206
622,207
622,208
622,209
622,210
622,211
622,212
622,213
622,214
622,215
622,216
622,217
622,218
622,219
622,220
622,221
622,222
622,223
622,224
622,225
622,226
622,227
622,228
622,229
622,230
622,231
623,181
623,182
623,183
623,184
623,185
623,186
623,187
623,188
623,189
623,190
623,191
623,192
623,193
623,194
623,195
623,196
623,197
623,198
623,199
623,200
623,201
623,202
623,203
623,204
623,205
623,206
623,207
623,208
623,209
623,210
623,211
623,212
623,213
623,214
623,215
623,216
623,217
623,218
623,219
623,220
623,221
623,222
623,223
623,224
623,225
623,226
623,227
623,228
623,229
623,230
623,231
624,182
624,183
624,184
624,185
624,186
624,187
624,188
624,189
624,190
624,191
624,192
624,193
624,194
624,195
624,196
624,197
624,198
624,199
624,200
624,201
624,202
624,203
624,204
624,205
624,206
624,207
624,208
624,209
624,210
624,211
624,212
624,213
624,214
624,215
624,216
624,217
624,218
624,219
624,220
624,221
624,222
624,223
624,224
624,225
624,226
624,227
624,228
624,229
624,230
625,183
625,184
625,185
625,186
625,187
625,188
625,189
625,190
625,191
625,192
625,193
625,194
625,195
625,196
625,197
625,198
625,199
625,200
625,201
625,202
625,203
625,204
625,205
625,206
625,207
625,208
625,209
625,210
625,211
625,212
625,213
625,214
625,215
625,216
625,217
625,218
625,219
625,220
625,221
625,222
625,223
625,224
625,225
625,226
625,227
625,228
625,229
625,495
625,496
625,497
625,498
625,499
625,500
625,501
625,502
625,503
626,184
626,185
626,186
626,187
626,188
626,189
626,190
626,191
626,192
626,193
626,194
626,195
626,196
626,197
626,198
626,199
626,200
626,201
626,202
626,203
626,204
626,205
626,206
626,207
626,208
626,209
626,210
626,211
626,212
626,213
626,214
626,215
626,216
626,217
626,218
626,219
626,220
626,221
626,222
626,223
626,224
626,225
626,226
626,227
626,228
626,492
626,493
626,494
626,495
626,496
626,497
626,498
626,499
626,500
626,501
626,502
626,503
626,504
626,505
626,506
627,185
627,186
627,187
627,188
627,189
627,190
627,191
627,192
627,193
627,194
627,195
627,196
627,197
627,198
627,199
627,200
627,201
627,202
627,203
627,204
627,205
627,206
627,207
627,208
627,209
627,210
627,211
627,212
627,213
627,214
627,215
627,216
627,217
627,218
627,219
627,220
627,221
627,222
627,223
627,224
627,225
627,226
627,227
627,490
627,491
627,492
627,493
627,494
627,495
627,496
627,497
627,498
627,499
627,500
627,501
627,502
627,503
627,504
627,505
627,506
627,507
627,508
628,186
628,187
628,188
628,189
628,190
628,191
628,192
628,193
628,194
628,195
628,196
628,197
628,198
628,199
628,200
628,201
628,202
628,203
628,204
628,205
628,206
628,207
628,208
628,209
628,210
628,211
628,212
628,213
628,214
628,215
628,216
628,217
628,218
628,219
628,220
628,221
628,222
628,223
628,224
628,225
628,226
628,489
628,490
628,491
628,492
628,493
628,494
628,495
628,496
628,497
628,498
628,499
628,500
628,501
628,502
628,503
628,504
628,505
628,506
628,507
628,508
628,509
629,187
629,188
629,189
629,190
629,191
629,192
629,193
629,194
629,195
629,196
629,197
629,198
629,199
629,200
629,201
629,202
629,203
629,204
629,205
629,206
629,207
629,208
629,209
629,210
629,211
629,212
629,213
629,214
629,215
629,216
629,217
629,218
629,219
629,220
629,221
629,222
629,223
629,224
629,225
629,487
629,488
629,489
629,490
629,491
629,492
629,493
629,494
629,495
629,496
629,497
629,498
629,499
629,500
629,501
629,502
629,503
629,504
629,505
629,506
629,507
629,508
629,509
629,510
629,511
630,188
630,189
630,190
630,191
630,192
630,193
630,194
630,195
630,196
630,197
630,198
630,199
630,200
630,201
630,202
630,203
630,204
630,205
630,206
630,207
630,208
630,209
630,210
630,211
630,212
630,213
630,214
630,215
630,216
630,217
630,218
630,219
630,220
630,221
630,222
630,223
630,224
630,486
630,487
630,488
630,489
630,490
630,491
630,492
630,493
630,494
630,495
630,496
630,497
630,498
630,499
630,500
630,501
630,502
630,503
630,504
630,505
630,506
630,507
630,508
630,509
630,510
630,511
630,512
631,189
631,190
631,191
631,192
631,193
631,194
631,195
631,196
631,197
631,198
631,199
631,200
631,201
631,202
631,203
631,204
631,205
631,206
631,207
631,208
631,209
631,210
631,211
631,212
631,213
631,214
631,215
631,216
631,217
631,218
631,219
631,220
631,221
631,222
631,223
631,485
631,486
631,487
631,488
631,489
631,490
631,491
631,492
631,493
631,494
631,495
631,496
631,497
631,498
631,499
631,500
631,501
631,502
631,503
631,504
631,505
631,506
631,507
631,508
631,509
631,510
631,511
631,512
631,513
632,191
632,192
632,193
632,194
632,195
632,196
632,197
632,198
632,199
632,200
632,201
632,202
632,203
632,204
632,205
632,206
632,207
632,208
632,209
632,210
632,211
632,212
632,213
632,214
632,215
632,216
632,217
632,218
632,219
632,220
632,221
632,484
632,485
632,486
632,487
632,488
632,489
632,490
632,491
632,492
632,493
632,494
632,495
632,496
632,497
632,498
632,499
632,500
632,501
632,502
632,503
632,504
632,505
632,506
632,507
632,508
632,509
632,510
632,511
632,512
632,513
632,514
633,192
633,193
633,194
633,195
633,196
633,197
633,198
633,199
633,200
633,201
633,202
633,203
633,204
633,205
633,206
633,207
633,208
633,209
633,210
633,211
633,212
633,213
633,214
633,215
633,216
633,217
633,218
633,219
633,220
633,484
633,485
633,486
633,487
633,488
633,489
633,490
633,491
633,492
633,493
633,494
633,495
633,496
633,497
633,498
633,499
633,500
633,501
633,502
633,503
633,504
633,505
633,506
633,507
633,508
633,509
633,510
633,511
633,512
633,513
633,514
634,195
634,196
634,197
634,198
634,199
634,200
634,201
634,202
634,203
634,204
634,205
634,206
634,207
634,208
634,209
634,210
634,211
634,212
634,213
634,214
634,215
634,216
634,217
634,483
634,484
634,485
634,486
634,487
634,488
634,489
634,490
634,491
634,492
634,493
634,494
634,495
634,496
634,497
634,498
634,499
634,500
634,501
634,502
634,503
634,504
634,505
634,506
634,507
634,508
634,509
634,510
634,511
634,512
634,513
634,514
634,515
635,197
635,198
635,199
635,200
635,201
635,202
635,203
635,204
635,205
635,206
635,207
635,208
635,209
635,210
635,211
635,212
635,213
635,214
635,215
635,482
635,483
635,484
635,485
635,486
635,487
635,488
635,489
635,490
635,491
635,492
635,493
635,494
635,495
635,496
635,497
635,498
635,499
635,500
635,501
635,502
635,503
635,504
635,505
635,506
635,507
635,508
635,509
635,510
635,511
635,512
635,513
635,514
635,515
635,516
636,201
636,202
636,203
636,204
636,205
636,206
636,207
636,208
636,209
636,210
636,211
636,482
636,483
636,484
636,485
636,486
636,487
636,488
636,489
636,490
636,491
636,492
636,493
636,494
636,495
636,496
636,497
636,498
636,499
636,500
636,501
636,502
636,503
636,504
636,505
636,506
636,507
636,508
636,509
636,510
636,511
636,512
636,513
636,514
636,515
636,516
637,481
637,482
637,483
637,484
637,485
637,486
637,487
637,488
637,489
637,490
637,491
637,492
637,493
637,494
637,495
637,496
637,497
637,498
637,499
637,500
637,501
637,502
637,503
637,504
637,505
637,506
637,507
637,508
637,509
637,510
637,511
637,512
637,513
637,514
637,515
637,516
637,517
638,481
638,482
638,483
638,484
638,485
638,486
638,487
638,488
638,489
638,490
638,491
638,492
638,493
638,494
638,495
638,496
638,497
638,498
638,499
638,500
638,501
638,502
638,503
638,504
638,505
638,506
638,507
638,508
638,509
638,510
638,511
638,512
638,513
638,514
638,515
638,516
638,517
639,481
639,482
639,483
639,484
639,485
639,486
639,487
639,488
639,489
639,490
639,491
639,492
639,493
639,494
639,495
639,496
639,497
639,498
639,499
639,500
639,501
639,502
639,503
639,504
639,505
639,506
639,507
639,508
639,509
639,510
639,511
639,512
639,513
639,514
639,515
639,516
639,517
640,480
640,481
640,482
640,483
640,484
640,485
640,486
640,487
640,488
640,489
640,490
640,491
640,492
640,493
640,494
640,495
640,496
640,497
640,498
640,499
640,500
640,501
640,502
640,503
640,504
640,505
640,506
640,507
640,508
640,509
640,510
640,511
640,512
640,513
640,514
640,515
640,516
640,517
640,518
641,480
641,481
641,482
641,483
641,484
641,485
641,486
641,487
641,488
641,489
641,490
641,491
641,492
641,493
641,494
641,495
641,496
641,497
641,498
641,499
641,500
641,501
641,502
641,503
641,504
641,505
641,506
641,507
641,508
641,509
641,510
641,511
641,512
641,513
641,514
641,515
641,516
641,517
641,518
642,480
642,481
642,482
642,483
642,484
642,485
642,486
642,487
642,488
642,489
642,490
642,491
642,492
642,493
642,494
642,495
642,496
642,497
642,498
642,499
642,500
642,501
642,502
642,503
642,504
642,505
642,506
642,507
642,508
642,509
642,510
642,511
642,512
642,513
642,514
642,515
642,516
642,517
642,518
643,480
643,481
643,482
643,483
643,484
643,485
643,486
643,487
643,488
643,489
643,490
643,491
643,492
643,493
643,494
643,495
643,496
643,497
643,498
643,499
643,500
643,501
643,502
643,503
643,504
643,505
643,506
643,507
643,508
643,509
643,510
643,511
643,512
643,513
643,514
643,515
643,516
643,517
643,518
644,480
644,481
644,482
644,483
644,484
644,485
644,486
644,487
644,488
644,489
644,490
644,491
644,492
644,493
644,494
644,495
644,496
644,497
644,498
644,499
644,500
644,501
644,502
644,503
644,504
644,505
644,506
644,507
644,508
644,509
644,510
644,511
644,512
644,513
644,514
644,515
644,516
644,517
644,518
645,480
645,481
645,482
645,483
645,484
645,485
645,486
645,487
645,488
645,489
645,490
645,491
645,492
645,493
645,494
645,495
645,496
645,497
645,498
645,499
645,500
645,501
645,502
645,503
645,504
645,505
645,506
645,507
645,508
645,509
645,510
645,511
645,512
645,513
645,514
645,515
645,516
645,517
645,518
646,480
646,481
646,482
646,483
646,484
646,485
646,486
646,487
646,488
646,489
646,490
646,491
646,492
646,493
646,494
646,495
646,496
646,497
646,498
646,499
646,500
646,501
646,502
646,503
646,504
646,505
646,506
646,507
646,508
646,509
646,510
646,511
646,512
646,513
646,514
646,515
646,516
646,517
646,518
647,480
647,481
647,482
647,483
647,484
647,485
647,486
647,487
647,488
647,489
647,490
647,491
647,492
647,493
647,494
647,495
647,496
647,497
647,498
647,499
647,500
647,501
647,502
647,503
647,504
647,505
647,506
647,507
647,508
647,509
647,510
647,511
647,512
647,513
647,514
647,515
647,516
647,517
647,518
648,480
648,481
648,482
648,483
648,484
648,485
648,486
648,487
648,488
648,489
648,490
648,491
648,492
648,493
648,494
648,495
648,496
648,497
648,498
648,499
648,500
648,501
648,502
648,503
648,504
648,505
648,506
648,507
648,508
648,509
648,510
648,511
648,512
648,513
648,514
648,515
648,516
648,517
648,518
649,481
649,482
649,483
649,484
649,485
649,486
649,487
649,488
649,489
649,490
649,491
649,492
649,493
649,494
649,495
649,496
649,497
649,498
649,499
649,500
649,501
649,502
649,503
649,504
649,505
649,506
649,507
649,508
649,509
649,510
649,511
649,512
649,513
649,514
649,515
649,516
649,517
650,481
650,482
650,483
650,484
650,485
650,486
650,487
650,488
650,489
650,490
650,491
650,492
650,493
650,494
650,495
650,496
650,497
650,498
650,499
650,500
650,501
650,502
650,503
650,504
650,505
650,506
650,507
650,508
650,509
650,510
650,511
650,512
650,513
650,514
650,515
650,516
650,517
651,126
651,127
651,128
651,129
651,130
651,131
651,132
651,133
651,134
651,481
651,482
651,483
651,484
651,485
651,486
651,487
651,488
651,489
651,490
651,491
651,492
651,493
651,494
651,495
651,496
651,497
651,498
651,499
651,500
651,501
651,502
651,503
651,504
651,505
651,506
651,507
651,508
651,509
651,510
651,511
651,512
651,513
651,514
651,515
651,516
651,517
652,122
652,123
652,124
652,125
652,126
652,127
652,128
652,129
652,130
652,131
652,132
652,133
652,134
652,135
652,136
652,137
652,138
652,482
652,483
652,484
652,485
652,486
652,487
652,488
652,489
652,490
652,491
652,492
652,493
652,494
652,495
652,496
652,497
652,498
652,499
652,500
652,501
652,502
652,503
652,504
652,505
652,506
652,507
652,508
652,509
652,510
652,511
652,512
652,513
652,514
652,515
652,516
653,120
653,121
653,122
653,123
653,124
653,125
653,126
653,127
653,128
653,129
653,130
653,131
653,132
653,133
653,134
653,135
653,136
653,137
653,138
653,139
653,140
653,482
653,483
653,484
653,485
653,486
653,487
653,488
653,489
653,490
653,491
653,492
653,493
653,494
653,495
653,496
653,497
653,498
653,499
653,500
653,501
653,502
653,503
653,504
653,505
653,506
653,507
653,508
653,509
653,510
653,511
653,512
653,513
653,514
653,515
653,516
654,118
654,119
654,120
654,121
654,122
654,123
654,124
654,125
654,126
654,127
654,128
654,129
654,130
654,131
654,132
654,133
654,134
654,135
654,136
654,137
654,138
654,139
654,140
654,141
654,142
654,483
654,484
654,485
654,486
654,487
654,488
654,489
654,490
654,491
654,492
654,493
654,494
654,495
654,496
654,497
654,498
654,499
654,500
654,501
654,502
654,503
654,504
654,505
654,506
654,507
654,508
654,509
654,510
654,511
654,512
654,513
654,514
654,515
655,117
655,118
655,119
655,120
655,121
655,122
655,123
655,124
655,125
655,126
655,127
655,128
655,129
655,130
655,131
655,132
655,133
655,134
655,135
655,136
655,137
655,138
655,139
655,140
655,141
655,142
655,143
655,484
655,485
655,486
655,487
655,488
655,489
655,490
655,491
655,492
655,493
655,494
655,495
655,496
655,497
655,498
655,499
655,500
655,501
655,502
655,503
655,504
655,505
655,506
655,507
655,508
655,509
655,510
655,511
655,512
655,513
655,514
656,116
656,117
656,118
656,119
656,120
656,121
656,122
656,123
656,124
656,125
656,126
656,127
656,128
656,129
656,130
656,131
656,132
656,133
656,134
656,135
656,136
656,137
656,138
656,139
656,140
656,141
656,142
656,143
656,144
656,484
656,485
656,486
656,487
656,488
656,489
656,490
656,491
656,492
656,493
656,494
656,495
656,496
656,497
656,498
656,499
656,500
656,501
656,502
656,503
656,504
656,505
656,506
656,507
656,508
656,509
656,510
656,511
656,512
656,513
656,514
657,114
657,115
657,116
657,117
657,118
657,119
657,120
657,121
657,122
657,123
657,124
657,125
657,126
657,127
657,128
657,129
657,130
657,131
657,132
657,133
657,134
657,135
657,136
657,137
657,138
657,139
657,140
657,141
657,142
657,143
657,144
657,145
657,146
657,485
657,486
657,487
657,488
657,489
657,490
657,491
657,492
657,493
657,494
657,495
657,496
657,497
657,498
657,499
657,500
657,501
657,502
657,503
657,504
657,505
657,506
657,507
657,508
657,509
657,510
657,511
657,512
657,513
658,113
658,114
658,115
658,116
658,117
658,118
658,119
658,120
658,121
658,122
658,123
658,124
658,125
658,126
658,127
658,128
658,129
658,130
658,131
658,132
658,133
658,134
658,135
658,136
658,137
658,138
658,139
658,140
658,141
658,142
658,143
658,144
658,145
658,146
658,147
658,486
658,487
658,488
658,489
658,490
658,491
658,492
658,493
658,494
658,495
658,496
658,497
658,498
658,499
658,500
658,501
658,502
658,503
658,504
658,505
658,506
658,507
658,508
658,509
658,510
658,511
658,512
659,113
659,114
659,115
659,116
659,117
659,118
659,119
659,120
659,121
659,122
659,123
659,124
659,125
659,126
659,127
659,128
659,129
659,130
659,131
659,132
659,133
659,134
659,135
659,136
659,137
659,138
659,139
659,140
659,141
659,142
659,143
659,144
659,145
659,146
659,147
659,487
659,488
659,489
659,490
659,491
659,492
659,493
659,494
659,495
659,496
659,497
659,498
659,499
659,500
659,501
659,502
659,503
659,504
659,505
659,506
659,507
659,508
659,509
659,510
659,511
660,112
660,113
660,114
660,115
660,116
660,117
660,118
660,119
660,120
660,121
660,122
660,123
660,124
660,125
660,126
660,127
660,128
660,129
660,130
660,131
660,132
660,133
660,134
660,135
660,136
660,137
660,138
660,139
660,140
660,141
660,142
660,143
660,144
660,145
660,146
660,147
660,148
660,489
660,490
660,491
660,492
660,493
660,494
660,495
660,496
660,497
660,498
660,499
660,500
660,501
660,502
660,503
660,504
660,505
660,506
660,507
660,508
660,509
661,111
661,112
661,113
661,114
661,115
661,116
661,117
661,118
661,119
661,120
661,121
661,122
661,123
661,124
661,125
661,126
661,127
661,128
661,129
661,130
661,131
661,132
661,133
661,134
661,135
661,136
661,137
661,138
661,139
661,140
661,141
661,142
661,143
661,144
661,145
661,146
661,147
661,148
661,149
661,490
661,491
661,492
661,493
661,494
661,495
661,496
661,497
661,498
661,499
661,500
661,501
661,502
661,503
661,504
661,505
661,506
661,507
661,508
662,110
662,111
662,112
662,113
662,114
662,115
662,116
662,117
662,118
662,119
662,120
662,121
662,122
662,123
662,124
662,125
662,126
662,127
662,128
662,129
662,130
662,131
662,132
662,133
662,134
662,135
662,136
662,137
662,138
662,139
662,140
662,141
662,142
662,143
662,144
662,145
662,146
662,147
662,148
662,149
662,150
662,492
662,493
662,494
662,495
662,496
662,497
662,498
662,499
662,500
662,501
662,502
662,503
662,504
662,505
662,506
663,110
663,111
663,112
663,113
663,114
663,115
663,116
663,117
663,118
663,119
663,120
663,121
663,122
663,123
663,124
663,125
663,126
663,127
663,128
663,129
663,130
663,131
663,132
663,133
663,134
663,135
663,136
663,137
663,138
663,139
663,140
663,141
663,142
663,143
663,144
663,145
663,146
663,147
663,148
663,149
663,150
663,495
663,496
663,497
663,498
663,499
663,500
663,501
663,502
663,503
664,109
664,110
664,111
664,112
664,113
664,114
664,115
664,116
664,117
664,118
664,119
664,120
664,121
664,122
664,123
664,124
664,125
664,126
664,127
664,128
664,129
664,130
664,131
664,132
664,133
664,134
664,135
664,136
664,137
664,138
664,139
664,140
664,141
664,142
664,143
664,144
664,145
664,146
664,147
664,148
664,149
664,150
664,151
665,109
665,110
665,111
665,112
665,113
665,114
665,115
665,116
665,117
665,118
665,119
665,120
665,121
665,122
665,123
665,124
665,125
665,126
665,127
665,128
665,129
665,130
665,131
665,132
665,133
665,134
665,135
665,136
665,137
665,138
665,139
665,140
665,141
665,142
665,143
665,144
665,145
665,146
665,147
665,148
665,149
665,150
665,151
666,108
666,109
666,110
666,111
666,112
666,113
666,114
666,115
666,116
666,117
666,118
666,119
666,120
666,121
666,122
666,123
666,124
666,125
666,126
666,127
666,128
666,129
666,130
666,131
666,132
666,133
666,134
666,135
666,136
666,137
666,138
666,139
666,140
666,141
666,142
666,143
666,144
666,145
666,146
666,147
666,148
666,149
666,150
666,151
666,152
667,108
667,109
667,110
667,111
667,112
667,113
667,114
667,115
667,116
667,117
667,118
667,119
667,120
667,121
667,122
667,123
667,124
667,125
667,126
667,127
667,128
667,129
667,130
667,131
667,132
667,133
667,134
667,135
667,136
667,137
667,138
667,139
667,140
667,141
667,142
667,143
667,144
667,145
667,146
667,147
667,148
667,149
667,150
667,151
667,152
668,108
668,109
668,110
668,111
668,112
668,113
668,114
668,115
668,116
668,117
668,118
668,119
668,120
668,121
668,122
668,123
668,124
668,125
668,126
668,127
668,128
668,129
668,130
668,131
668,132
668,133
668,134
668,135
668,136
668,137
668,138
668,139
668,140
668,141
668,142
668,143
668,144
668,145
668,146
668,147
668,148
668,149
668,150
668,151
668,152
669,108
669,109
669,110
669,111
669,112
669,113
669,114
669,115
669,116
669,117
669,118
669,119
669,120
669,121
669,122
669,123
669,124
669,125
669,126
669,127
669,128
669,129
669,130
669,131
669,132
669,133
669,134
669,135
669,136
669,137
669,138
669,139
669,140
669,141
669,142
669,143
669,144
669,145
669,146
669,147
669,148
669,149
669,150
669,151
669,152
670,107
670,108
670,109
670,110
670,111
670,112
670,113
670,114
670,115
670,116
670,117
670,118
670,119
670,120
670,121
670,122
670,123
670,124
670,125
670,126
670,127
670,128
670,129
670,130
670,131
670,132
670,133
670,134
670,135
670,136
670,137
670,138
670,139
670,140
670,141
670,142
670,143
670,144
670,145
670,146
670,147
670,148
670,149
670,150
670,151
670,152
670,153
671,107
671,108
671,109
671,110
671,111
671,112
671,113
671,114
671,115
671,116
671,117
671,118
671,119
671,120
671,121
671,122
671,123
671,124
671,125
671,126
671,127
671,128
671,129
671,130
671,131
671,132
671,133
671,134
671,135
671,136
671,137
671,138
671,139
671,140
671,141
671,142
671,143
671,144
671,145
671,146
671,147
671,148
671,149
671,150
671,151
671,152
671,153
672,107
672,108
672,109
672,110
672,111
672,112
672,113
672,114
672,115
672,116
672,117
672,118
672,119
672,120
672,121
672,122
672,123
672,124
672,125
672,126
672,127
672,128
672,129
672,130
672,131
672,132
672,133
672,134
672,135
672,136
672,137
672,138
672,139
672,140
672,141
672,142
672,143
672,144
672,145
672,146
672,147
672,148
672,149
672,150
672,151
672,152
672,153
673,107
673,108
673,109
673,110
673,111
673,112
673,113
673,114
673,115
673,116
673,117
673,118
673,119
673,120
673,121
673,122
673,123
673,124
673,125
673,126
673,127
673,128
673,129
673,130
673,131
673,132
673,133
673,134
673,135
673,136
673,137
673,138
673,139
673,140
673,141
673,142
673,143
673,144
673,145
673,146
673,147
673,148
673,149
673,150
673,151
673,152
673,153
674,107
674,108
674,109
674,110
674,111
674,112
674,113
674,114
674,115
674,116
674,117
674,118
674,119
674,120
674,121
674,122
674,123
674,124
674,125
674,126
674,127
674,128
674,129
674,130
674,131
674,132
674,133
674,134
674,135
674,136
674,137
674,138
674,139
674,140
674,141
674,142
674,143
674,144
674,145
674,146
674,147
674,148
674,149
674,150
674,151
674,152
674,153
675,107
675,108
675,109
675,110
675,111
675,112
675,113
675,114
675,115
675,116
675,117
675,118
675,119
675,120
675,121
675,122
675,123
675,124
675,125
675,126
675,127
675,128
675,129
675,130
675,131
675,132
675,133
675,134
675,135
675,136
675,137
675,138
675,139
675,140
675,141
675,142
675,143
675,144
675,145
675,146
675,147
675,148
675,149
675,150
675,151
675,152
675,153
676,107
676,108
676,109
676,110
676,111
676,112
676,113
676,114
676,115
676,116
676,117
676,118
676,119
676,120
676,121
676,122
676,123
676,124
676,125
676,126
676,127
676,128
676,129
676,130
676,131
676,132
676,133
676,134
676,135
676,136
676,137
676,138
676,139
676,140
676,141
676,142
676,143
676,144
676,145
676,146
676,147
676,148
676,149
676,150
676,151
676,152
676,153
677,107
677,108
677,109
677,110
677,111
677,112
677,113
677,114
677,115
677,116
677,117
677,118
677,119
677,120
677,121
677,122
677,123
677,124
677,125
677,126
677,127
677,128
677,129
677,130
677,131
677,132
677,133
677,134
677,135
677,136
677,137
677,138
677,139
677,140
677,141
677,142
677,143
677,144
677,145
677,146
677,147
677,148
677,149
677,150
677,151
677,152
677,153
678,107
678,108
678,109
678,110
678,111
678,112
678,113
678,114
678,115
678,116
678,117
678,118
678,119
678,120
678,121
678,122
678,123
678,124
678,125
678,126
678,127
678,128
678,129
678,130
678,131
678,132
678,133
678,134
678,135
678,136
678,137
678,138
678,139
678,140
678,141
678,142
678,143
678,144
678,145
678,146
678,147
678,148
678,149
678,150
678,151
678,152
678,153
679,108
679,109
679,110
679,111
679,112
679,113
679,114
679,115
679,116
679,117
679,118
679,119
679,120
679,121
679,122
679,123
679,124
679,125
679,126
679,127
679,128
679,129
679,130
679,131
679,132
679,133
679,134
679,135
679,136
679,137
679,138
679,139
679,140
679,141
679,142
679,143
679,144
679,145
679,146
679,147
679,148
679,149
679,150
679,151
679,152
680,108
680,109
680,110
680,111
680,112
680,113
680,114
680,115
680,116
680,117
680,118
680,119
680,120
680,121
680,122
680,123
680,124
680,125
680,126
680,127
680,128
680,129
680,130
680,131
680,132
680,133
680,134
680,135
680,136
680,137
680,138
680,139
680,140
680,141
680,142
680,143
680,144
680,145
680,146
680,147
680,148
680,149
680,150
680,151
680,152
681,108
681,109
681,110
681,111
681,112
681,113
681,114
681,115
681,116
681,117
681,118
681,119
681,120
681,121
681,122
681,123
681,124
681,125
681,126
681,127
681,128
681,129
681,130
681,131
681,132
681,133
681,134
681,135
681,136
681,137
681,138
681,139
681,140
681,141
681,142
681,143
681,144
681,145
681,146
681,147
681,148
681,149
681,150
681,151
681,152
682,108
682,109
682,110
682,111
682,112
682,113
682,114
682,115
682,116
682,117
682,118
682,119
682,120
682,121
682,122
682,123
682,124
682,125
682,126
682,127
682,128
682,129
682,130
682,131
682,132
682,133
682,134
682,135
682,136
682,137
682,138
682,139
682,140
682,141
682,142
682,143
682,144
682,145
682,146
682,147
682,148
682,149
682,150
682,151
682,152
683,109
683,110
683,111
683,112
683,113
683,114
683,115
683,116
683,117
683,118
683,119
683,120
683,121
683,122
683,123
683,124
683,125
683,126
683,127
683,128
683,129
683,130
683,131
683,132
683,133
683,134
683,135
683,136
683,137
683,138
683,139
683,140
683,141
683,142
683,143
683,144
683,145
683,146
683,147
683,148
683,149
683,150
683,151
684,109
684,110
684,111
684,112
684,113
684,114
684,115
684,116
684,117
684,118
684,119
684,120
684,121
684,122
684,123
684,124
684,125
684,126
684,127
684,128
684,129
684,130
684,131
684,132
684,133
684,134
684,135
684,136
684,137
684,138
684,139
684,140
684,141
684,142
684,143
684,144
684,145
684,146
684,147
684,148
684,149
684,150
684,151
685,110
685,111
685,112
685,113
685,114
685,115
685,116
685,117
685,118
685,119
685,120
685,121
685,122
685,123
685,124
685,125
685,126
685,127
685,128
685,129
685,130
685,131
685,132
685,133
685,134
685,135
685,136
685,137
685,138
685,139
685,140
685,141
685,142
685,143
685,144
685,145
685,146
685,147
685,148
685,149
685,150
686,110
686,111
686,112
686,113
686,114
686,115
686,116
686,117
686,118
686,119
686,120
686,121
686,122
686,123
686,124
686,125
686,126
686,127
686,128
686,129
686,130
686,131
686,132
686,133
686,134
686,135
686,136
686,137
686,138
686,139
686,140
686,141
686,142
686,143
686,144
686,145
686,146
686,147
686,148
686,149
686,150
687,111
687,112
687,113
687,114
687,115
687,116
687,117
687,118
687,119
687,120
687,121
687,122
687,123
687,124
687,125
687,126
687,127
687,128
687,129
687,130
687,131
687,132
687,133
687,134
687,135
687,136
687,137
687,138
687,139
687,140
687,141
687,142
687,143
687,144
687,145
687,146
687,147
687,148
687,149
688,112
688,113
688,114
688,115
688,116
688,117
688,118
688,119
688,120
688,121
688,122
688,123
688,124
688,125
688,126
688,127
688,128
688,129
688,130
688,131
688,132
688,133
688,134
688,135
688,136
688,137
688,138
688,139
688,140
688,141
688,142
688,143
688,144
688,145
688,146
688,147
688,148
689,113
689,114
689,115
689,116
689,117
689,118
689,119
689,120
689,121
689,122
689,123
689,124
689,125
689,126
689,127
689,128
689,129
689,130
689,131
689,132
689,133
689,134
689,135
689,136
689,137
689,138
689,139
689,140
689,141
689,142
689,143
689,144
689,145
689,146
689,147
690,113
690,114
690,115
690,116
690,117
690,118
690,119
690,120
690,121
690,122
690,123
690,124
690,125
690,126
690,127
690,128
690,129
690,130
690,131
690,132
690,133
690,134
690,135
690,136
690,137
690,138
690,139
690,140
690,141
690,142
690,143
690,144
690,145
690,146
690,147
691,114
691,115
691,116
691,117
691,118
691,119
691,120
691,121
691,122
691,123
691,124
691,125
691,126
691,127
691,128
691,129
691,130
691,131
691,132
691,133
691,134
691,135
691,136
691,137
691,138
691,139
691,140
691,141
691,142
691,143
691,144
691,145
691,146
692,116
692,117
692,118
692,119
692,120
692,121
692,122
692,123
692,124
692,125
692,126
692,127
692,128
692,129
692,130
692,131
692,132
692,133
692,134
692,135
692,136
692,137
692,138
692,139
692,140
692,141
692,142
692,143
692,144
693,117
693,118
693,119
693,120
693,121
693,122
693,123
693,124
693,125
693,126
693,127
693,128
693,129
693,130
693,131
693,132
693,133
693,134
693,135
693,136
693,137
693,138
693,139
693,140
693,141
693,142
693,143
694,118
694,119
694,120
694,121
694,122
694,123
694,124
694,125
694,126
694,127
694,128
694,129
694,130
694,131
694,132
694,133
694,134
694,135
694,136
694,137
694,138
694,139
694,140
694,141
694,142
695,120
695,121
695,122
695,123
695,124
695,125
695,126
695,127
695,128
695,129
695,130
695,131
695,132
695,133
695,134
695,135
695,136
695,137
695,138
695,139
695,140
696,122
696,123
696,124
696,125
696,126
696,127
696,128
696,129
696,130
696,131
696,132
696,133
696,134
696,135
696,136
696,137
696,138
697,126
697,127
697,128
697,129
697,130
697,131
697,132
697,133
697,134
